chr2	178400338	24	25	0.96	28	29	0.9655172413793104
chr2	178400354	20	20	1.0	26	26	1.0
chr2	178400371	25	27	0.9259259259259259	25	26	0.9615384615384616
chr2	178400410	22	23	0.9565217391304348	20	24	0.8333333333333334
chr2	178400430	21	22	0.9545454545454546	19	22	0.8636363636363636
chr2	178400473	16	17	0.9411764705882353	12	14	0.8571428571428571
chr2	178400505	22	24	0.9166666666666666	23	23	1.0
chr2	178400532	22	23	0.9565217391304348	22	24	0.9166666666666666
chr2	178400575	29	30	0.9666666666666667	30	31	0.967741935483871
chr2	178400577	29	30	0.9666666666666667	30	31	0.967741935483871
chr2	178400620	22	23	0.9565217391304348	24	24	1.0
chr2	178400637	22	23	0.9565217391304348	26	27	0.9629629629629629
chr2	178400809	22	24	0.9166666666666666	27	27	1.0
chr2	178400855	16	17	0.9411764705882353	17	19	0.8947368421052632
chr2	178400893	24	24	1.0	26	27	0.9629629629629629
chr2	178400955	13	17	0.7647058823529411	15	15	1.0
chr2	178401120	24	27	0.8888888888888888	22	22	1.0
chr2	178401182	24	25	0.96	27	28	0.9642857142857143
chr2	178401185	22	23	0.9565217391304348	27	28	0.9642857142857143
chr2	178401497	21	22	0.9545454545454546	28	28	1.0
chr2	178401694	13	17	0.7647058823529411	19	22	0.8636363636363636
chr2	178401779	18	19	0.9473684210526315	23	25	0.92
chr2	178401814	13	14	0.9285714285714286	10	11	0.9090909090909091
chr2	178401950	18	20	0.9	16	16	1.0
chr2	178401962	15	20	0.75	18	19	0.9473684210526315
chr2	178401976	21	25	0.84	25	26	0.9615384615384616
chr2	178402033	25	28	0.8928571428571429	23	29	0.7931034482758621
chr2	178402042	23	26	0.8846153846153846	22	27	0.8148148148148148
chr2	178402081	8	25	0.32	5	18	0.2777777777777778
chr2	178402202	19	20	0.95	21	23	0.9130434782608695
chr2	178402279	27	29	0.9310344827586207	23	23	1.0
chr2	178402286	26	29	0.896551724137931	27	27	1.0
chr2	178402649	26	26	1.0	24	26	0.9230769230769231
chr2	178402659	28	28	1.0	26	28	0.9285714285714286
chr2	178402720	19	20	0.95	22	26	0.8461538461538461
chr2	178403073	22	22	1.0	25	26	0.9615384615384616
chr2	178403193	21	23	0.9130434782608695	25	27	0.9259259259259259
chr2	178403239	24	25	0.96	30	30	1.0
chr2	178403242	25	27	0.9259259259259259	30	30	1.0
chr2	178403312	22	23	0.9565217391304348	22	24	0.9166666666666666
chr2	178403368	26	27	0.9629629629629629	27	28	0.9642857142857143
chr2	178403382	24	26	0.9230769230769231	30	30	1.0
chr2	178403719	18	21	0.8571428571428571	24	25	0.96
chr2	178404028	20	27	0.7407407407407407	23	30	0.7666666666666667
chr2	178404166	19	20	0.95	24	26	0.9230769230769231
chr2	178404482	15	26	0.5769230769230769	12	26	0.46153846153846156
chr2	178404504	13	22	0.5909090909090909	13	29	0.4482758620689655
chr2	178404558	7	22	0.3181818181818182	9	24	0.375
chr2	178404595	5	22	0.22727272727272727	4	22	0.18181818181818182
chr2	178404800	13	21	0.6190476190476191	18	24	0.75
chr2	178405174	15	16	0.9375	20	24	0.8333333333333334
chr2	178405199	17	17	1.0	24	25	0.96
chr2	178405214	22	26	0.8461538461538461	31	33	0.9393939393939394
chr2	178405220	23	27	0.8518518518518519	30	32	0.9375
chr2	178405237	24	24	1.0	33	33	1.0
chr2	178405242	24	24	1.0	32	32	1.0
chr2	178405247	23	23	1.0	31	31	1.0
chr2	178405249	23	23	1.0	34	34	1.0
chr2	178405281	20	20	1.0	28	29	0.9655172413793104
chr2	178405313	19	19	1.0	29	31	0.9354838709677419
chr2	178405382	21	21	1.0	26	28	0.9285714285714286
chr2	178405388	21	22	0.9545454545454546	27	29	0.9310344827586207
chr2	178405401	21	23	0.9130434782608695	32	32	1.0
chr2	178405406	20	22	0.9090909090909091	32	32	1.0
chr2	178405452	11	13	0.8461538461538461	23	23	1.0
chr2	178406050	20	23	0.8695652173913043	26	27	0.9629629629629629
chr2	178406130	15	17	0.8823529411764706	18	18	1.0
chr2	178406144	20	21	0.9523809523809523	24	25	0.96
chr2	178406310	16	17	0.9411764705882353	27	28	0.9642857142857143
chr2	178406410	20	20	1.0	24	27	0.8888888888888888
chr2	178406415	20	21	0.9523809523809523	24	27	0.8888888888888888
chr2	178406431	15	19	0.7894736842105263	15	19	0.7894736842105263
chr2	178406477	23	23	1.0	25	27	0.9259259259259259
chr2	178406494	16	19	0.8421052631578947	22	24	0.9166666666666666
chr2	178406536	20	21	0.9523809523809523	27	27	1.0
chr2	178406540	22	22	1.0	29	29	1.0
chr2	178406683	25	26	0.9615384615384616	30	31	0.967741935483871
chr2	178406687	25	26	0.9615384615384616	30	31	0.967741935483871
chr2	178406692	24	25	0.96	27	27	1.0
chr2	178406839	21	25	0.84	16	18	0.8888888888888888
chr2	178406892	18	19	0.9473684210526315	28	29	0.9655172413793104
chr2	178407202	11	12	0.9166666666666666	18	19	0.9473684210526315
chr2	178407367	9	23	0.391304347826087	8	23	0.34782608695652173
chr2	178407380	6	17	0.35294117647058826	10	26	0.38461538461538464
chr2	178407411	3	13	0.23076923076923078	2	20	0.1
chr2	178407485	13	21	0.6190476190476191	17	29	0.5862068965517241
chr2	178407886	23	24	0.9583333333333334	29	29	1.0
chr2	178407980	16	20	0.8	22	24	0.9166666666666666
chr2	178408138	14	15	0.9333333333333333	22	24	0.9166666666666666
chr2	178408213	8	13	0.6153846153846154	24	25	0.96
chr2	178408418	20	21	0.9523809523809523	24	26	0.9230769230769231
chr2	178408450	23	23	1.0	26	27	0.9629629629629629
chr2	178408503	19	20	0.95	17	17	1.0
chr2	178408826	21	22	0.9545454545454546	24	25	0.96
chr2	178409267	21	22	0.9545454545454546	25	25	1.0
chr2	178409335	22	23	0.9565217391304348	21	22	0.9545454545454546
chr2	178409356	25	25	1.0	24	25	0.96
chr2	178409460	21	25	0.84	21	28	0.75
chr2	178409468	18	22	0.8181818181818182	20	24	0.8333333333333334
chr2	178409754	21	22	0.9545454545454546	25	26	0.9615384615384616
chr2	178409923	23	24	0.9583333333333334	28	29	0.9655172413793104
chr2	178410100	14	16	0.875	15	20	0.75
chr2	178410377	19	23	0.8260869565217391	18	19	0.9473684210526315
chr2	178410398	28	28	1.0	24	29	0.8275862068965517
chr2	178410445	20	24	0.8333333333333334	23	30	0.7666666666666667
chr2	178410702	15	17	0.8823529411764706	23	27	0.8518518518518519
chr2	178410746	12	15	0.8	22	25	0.88
chr2	178410756	9	12	0.75	21	24	0.875
chr2	178411458	20	20	1.0	24	26	0.9230769230769231
chr2	178411479	23	23	1.0	26	27	0.9629629629629629
chr2	178411498	10	11	0.9090909090909091	12	13	0.9230769230769231
chr2	178411526	21	22	0.9545454545454546	29	29	1.0
chr2	178411533	21	22	0.9545454545454546	29	29	1.0
chr2	178411660	22	22	1.0	22	22	1.0
chr2	178411934	18	20	0.9	14	15	0.9333333333333333
chr2	178412166	12	17	0.7058823529411765	14	21	0.6666666666666666
chr2	178412354	19	20	0.95	25	26	0.9615384615384616
chr2	178412428	21	22	0.9545454545454546	23	23	1.0
chr2	178412609	14	14	1.0	21	21	1.0
chr2	178412611	22	24	0.9166666666666666	25	26	0.9615384615384616
chr2	178412617	22	24	0.9166666666666666	27	28	0.9642857142857143
chr2	178412639	20	21	0.9523809523809523	23	24	0.9583333333333334
chr2	178412664	18	20	0.9	23	27	0.8518518518518519
chr2	178412671	18	20	0.9	23	26	0.8846153846153846
chr2	178412767	16	17	0.9411764705882353	24	25	0.96
chr2	178412798	21	21	1.0	23	25	0.92
chr2	178412858	17	18	0.9444444444444444	25	28	0.8928571428571429
chr2	178413052	10	10	1.0	24	26	0.9230769230769231
chr2	178413272	20	22	0.9090909090909091	21	26	0.8076923076923077
chr2	178413279	21	23	0.9130434782608695	21	26	0.8076923076923077
chr2	178413289	21	23	0.9130434782608695	21	26	0.8076923076923077
chr2	178413347	4	17	0.23529411764705882	6	18	0.3333333333333333
chr2	178413413	3	25	0.12	0	28	0.0
chr2	178413421	1	22	0.045454545454545456	0	28	0.0
chr2	178413440	2	24	0.08333333333333333	6	28	0.21428571428571427
chr2	178413447	2	23	0.08695652173913043	6	29	0.20689655172413793
chr2	178413474	3	26	0.11538461538461539	1	28	0.03571428571428571
chr2	178413484	3	24	0.125	1	28	0.03571428571428571
chr2	178413502	2	18	0.1111111111111111	2	24	0.08333333333333333
chr2	178413522	3	14	0.21428571428571427	1	15	0.06666666666666667
chr2	178413560	3	10	0.3	2	9	0.2222222222222222
chr2	178413600	2	23	0.08695652173913043	0	27	0.0
chr2	178413602	2	25	0.08	0	27	0.0
chr2	178413604	2	23	0.08695652173913043	0	28	0.0
chr2	178413620	1	22	0.045454545454545456	0	28	0.0
chr2	178413622	1	24	0.041666666666666664	0	28	0.0
chr2	178413632	2	23	0.08695652173913043	0	30	0.0
chr2	178413661	2	26	0.07692307692307693	0	30	0.0
chr2	178413663	2	26	0.07692307692307693	0	30	0.0
chr2	178413666	2	26	0.07692307692307693	0	30	0.0
chr2	178413669	2	26	0.07692307692307693	0	30	0.0
chr2	178413675	2	24	0.08333333333333333	0	29	0.0
chr2	178413692	2	23	0.08695652173913043	0	29	0.0
chr2	178413694	2	24	0.08333333333333333	0	26	0.0
chr2	178413697	2	26	0.07692307692307693	0	29	0.0
chr2	178413701	2	25	0.08	0	26	0.0
chr2	178413716	2	24	0.08333333333333333	0	29	0.0
chr2	178413719	2	24	0.08333333333333333	0	27	0.0
chr2	178413735	2	22	0.09090909090909091	2	26	0.07692307692307693
chr2	178413739	1	20	0.05	2	24	0.08333333333333333
chr2	178413753	2	19	0.10526315789473684	1	24	0.041666666666666664
chr2	178413767	4	9	0.4444444444444444	1	10	0.1
chr2	178413802	2	19	0.10526315789473684	0	26	0.0
chr2	178413812	2	25	0.08	0	30	0.0
chr2	178413830	3	21	0.14285714285714285	0	26	0.0
chr2	178413848	1	18	0.05555555555555555	1	25	0.04
chr2	178413853	2	18	0.1111111111111111	2	28	0.07142857142857142
chr2	178413864	3	24	0.125	0	25	0.0
chr2	178413873	1	22	0.045454545454545456	0	27	0.0
chr2	178413892	1	18	0.05555555555555555	0	21	0.0
chr2	178413908	2	17	0.11764705882352941	1	26	0.038461538461538464
chr2	178413910	2	17	0.11764705882352941	1	27	0.037037037037037035
chr2	178413926	2	24	0.08333333333333333	0	29	0.0
chr2	178413932	2	24	0.08333333333333333	0	30	0.0
chr2	178413935	2	24	0.08333333333333333	0	29	0.0
chr2	178413938	1	22	0.045454545454545456	0	29	0.0
chr2	178413940	0	18	0.0	0	27	0.0
chr2	178413998	2	23	0.08695652173913043	2	25	0.08
chr2	178414005	2	20	0.1	3	23	0.13043478260869565
chr2	178414019	1	10	0.1	5	19	0.2631578947368421
chr2	178414127	6	19	0.3157894736842105	2	23	0.08695652173913043
chr2	178414271	5	13	0.38461538461538464	1	16	0.0625
chr2	178414365	5	16	0.3125	4	20	0.2
chr2	178414403	4	17	0.23529411764705882	0	24	0.0
chr2	178414591	2	22	0.09090909090909091	0	24	0.0
chr2	178414600	1	21	0.047619047619047616	1	26	0.038461538461538464
chr2	178414642	3	16	0.1875	3	20	0.15
chr2	178414660	2	13	0.15384615384615385	0	15	0.0
chr2	178414712	1	19	0.05263157894736842	1	27	0.037037037037037035
chr2	178414715	1	17	0.058823529411764705	0	24	0.0
chr2	178414727	0	15	0.0	2	13	0.15384615384615385
chr2	178414799	1	19	0.05263157894736842	0	26	0.0
chr2	178414808	0	17	0.0	0	24	0.0
chr2	178414839	3	15	0.2	0	16	0.0
chr2	178414865	0	11	0.0	2	22	0.09090909090909091
chr2	178414931	0	19	0.0	4	28	0.14285714285714285
chr2	178414941	1	19	0.05263157894736842	4	26	0.15384615384615385
chr2	178415053	4	12	0.3333333333333333	3	17	0.17647058823529413
chr2	178415076	8	15	0.5333333333333333	13	21	0.6190476190476191
chr2	178415083	10	20	0.5	15	23	0.6521739130434783
chr2	178415106	3	16	0.1875	5	20	0.25
chr2	178415245	11	11	1.0	10	14	0.7142857142857143
chr2	178415295	3	13	0.23076923076923078	7	15	0.4666666666666667
chr2	178415370	15	18	0.8333333333333334	14	17	0.8235294117647058
chr2	178415456	19	21	0.9047619047619048	19	22	0.8636363636363636
chr2	178415520	9	12	0.75	15	23	0.6521739130434783
chr2	178415824	14	15	0.9333333333333333	21	22	0.9545454545454546
chr2	178416392	10	12	0.8333333333333334	10	11	0.9090909090909091
chr2	178416643	11	16	0.6875	13	15	0.8666666666666667
chr2	178416740	15	19	0.7894736842105263	10	13	0.7692307692307693
chr2	178416765	10	13	0.7692307692307693	8	9	0.8888888888888888
chr2	178416931	11	13	0.8461538461538461	14	20	0.7
chr2	178417019	15	15	1.0	18	19	0.9473684210526315
chr2	178417133	15	17	0.8823529411764706	14	14	1.0
chr2	178417166	20	20	1.0	17	17	1.0
chr2	178417173	21	21	1.0	19	19	1.0
chr2	178417239	20	20	1.0	19	19	1.0
chr2	178417446	13	15	0.8666666666666667	10	13	0.7692307692307693
chr2	178417946	16	20	0.8	22	23	0.9565217391304348
chr2	178418066	15	15	1.0	15	17	0.8823529411764706
chr2	178418245	17	19	0.8947368421052632	16	18	0.8888888888888888
chr2	178418515	12	14	0.8571428571428571	17	20	0.85
chr2	178418837	6	15	0.4	6	21	0.2857142857142857
chr2	178419340	3	10	0.3	6	8	0.75
chr2	178419706	7	10	0.7	12	15	0.8
chr2	178419948	18	21	0.8571428571428571	16	20	0.8
chr2	178420191	10	11	0.9090909090909091	17	19	0.8947368421052632
chr2	178420399	17	17	1.0	18	18	1.0
chr2	178420401	15	15	1.0	21	21	1.0
chr2	178420716	3	12	0.25	7	17	0.4117647058823529
chr2	178421179	7	9	0.7777777777777778	12	13	0.9230769230769231
chr2	178421461	12	12	1.0	19	22	0.8636363636363636
chr2	178421506	7	10	0.7	14	17	0.8235294117647058
chr2	178421550	9	17	0.5294117647058824	9	23	0.391304347826087
chr2	178421598	13	13	1.0	18	20	0.9
chr2	178421704	9	10	0.9	18	20	0.9
chr2	178422005	13	14	0.9285714285714286	17	18	0.9444444444444444
chr2	178422105	18	20	0.9	19	22	0.8636363636363636
chr2	178422258	23	23	1.0	25	25	1.0
chr2	178422415	17	17	1.0	23	23	1.0
chr2	178422567	16	18	0.8888888888888888	21	23	0.9130434782608695
chr2	178422586	17	19	0.8947368421052632	23	23	1.0
chr2	178422763	10	11	0.9090909090909091	21	21	1.0
chr2	178422912	14	15	0.9333333333333333	22	22	1.0
chr2	178423613	9	9	1.0	22	22	1.0
chr2	178423626	11	13	0.8461538461538461	24	25	0.96
chr2	178423891	15	15	1.0	23	25	0.92
chr2	178424006	14	15	0.9333333333333333	21	23	0.9130434782608695
chr2	178424041	19	20	0.95	27	29	0.9310344827586207
chr2	178424058	17	18	0.9444444444444444	30	31	0.967741935483871
chr2	178424066	17	19	0.8947368421052632	30	31	0.967741935483871
chr2	178424193	12	15	0.8	20	24	0.8333333333333334
chr2	178424209	9	14	0.6428571428571429	10	17	0.5882352941176471
chr2	178424459	12	15	0.8	25	25	1.0
chr2	178424642	12	13	0.9230769230769231	25	25	1.0
chr2	178425634	13	13	1.0	31	32	0.96875
chr2	178425646	13	15	0.8666666666666667	28	30	0.9333333333333333
chr2	178425665	19	19	1.0	26	26	1.0
chr2	178425808	12	12	1.0	25	27	0.9259259259259259
chr2	178426235	19	21	0.9047619047619048	30	30	1.0
chr2	178426303	21	21	1.0	28	28	1.0
chr2	178426471	18	19	0.9473684210526315	27	28	0.9642857142857143
chr2	178426496	10	15	0.6666666666666666	22	24	0.9166666666666666
chr2	178426659	16	16	1.0	25	26	0.9615384615384616
chr2	178427017	16	16	1.0	29	29	1.0
chr2	178427210	16	17	0.9411764705882353	26	27	0.9629629629629629
chr2	178427366	12	15	0.8	26	27	0.9629629629629629
chr2	178427737	5	10	0.5	14	19	0.7368421052631579
chr2	178427756	3	8	0.375	10	15	0.6666666666666666
chr2	178427920	13	15	0.8666666666666667	25	26	0.9615384615384616
chr2	178427939	20	21	0.9523809523809523	29	29	1.0
chr2	178427941	20	21	0.9523809523809523	29	29	1.0
chr2	178427955	12	14	0.8571428571428571	31	32	0.96875
chr2	178428046	18	19	0.9473684210526315	20	22	0.9090909090909091
chr2	178428091	11	13	0.8461538461538461	24	25	0.96
chr2	178428490	18	18	1.0	24	30	0.8
chr2	178428822	14	15	0.9333333333333333	24	24	1.0
chr2	178429061	20	23	0.8695652173913043	24	26	0.9230769230769231
chr2	178429181	17	18	0.9444444444444444	27	28	0.9642857142857143
chr2	178429241	17	19	0.8947368421052632	24	24	1.0
chr2	178429250	17	19	0.8947368421052632	27	27	1.0
chr2	178429738	12	19	0.631578947368421	17	28	0.6071428571428571
chr2	178429760	16	21	0.7619047619047619	28	32	0.875
chr2	178429817	14	17	0.8235294117647058	20	24	0.8333333333333334
chr2	178429831	14	15	0.9333333333333333	28	31	0.9032258064516129
chr2	178430198	19	20	0.95	28	30	0.9333333333333333
chr2	178430307	11	19	0.5789473684210527	22	27	0.8148148148148148
chr2	178430324	13	18	0.7222222222222222	19	27	0.7037037037037037
chr2	178430826	20	20	1.0	33	35	0.9428571428571428
chr2	178430831	16	16	1.0	29	30	0.9666666666666667
chr2	178430834	18	18	1.0	34	36	0.9444444444444444
chr2	178431007	7	9	0.7777777777777778	29	30	0.9666666666666667
chr2	178431270	9	11	0.8181818181818182	23	26	0.8846153846153846
chr2	178431378	20	21	0.9523809523809523	34	35	0.9714285714285714
chr2	178431589	19	20	0.95	31	32	0.96875
chr2	178431783	8	12	0.6666666666666666	10	15	0.6666666666666666
chr2	178432017	16	16	1.0	30	31	0.967741935483871
chr2	178432176	10	10	1.0	17	21	0.8095238095238095
chr2	178432242	18	19	0.9473684210526315	36	36	1.0
chr2	178432278	16	17	0.9411764705882353	29	30	0.9666666666666667
chr2	178432378	17	17	1.0	31	32	0.96875
chr2	178432730	11	11	1.0	24	25	0.96
chr2	178432920	13	17	0.7647058823529411	22	28	0.7857142857142857
chr2	178432994	16	19	0.8421052631578947	27	28	0.9642857142857143
chr2	178433000	8	11	0.7272727272727273	27	28	0.9642857142857143
chr2	178433191	12	12	1.0	29	32	0.90625
chr2	178433472	16	18	0.8888888888888888	24	29	0.8275862068965517
chr2	178433572	16	17	0.9411764705882353	28	30	0.9333333333333333
chr2	178433609	15	16	0.9375	27	27	1.0
chr2	178433724	11	14	0.7857142857142857	19	22	0.8636363636363636
chr2	178434027	15	16	0.9375	27	28	0.9642857142857143
chr2	178434170	19	22	0.8636363636363636	36	36	1.0
chr2	178434172	19	22	0.8636363636363636	36	36	1.0
chr2	178434178	19	22	0.8636363636363636	36	36	1.0
chr2	178434202	5	8	0.625	26	28	0.9285714285714286
chr2	178434234	12	13	0.9230769230769231	24	26	0.9230769230769231
chr2	178434258	13	16	0.8125	30	32	0.9375
chr2	178434309	17	18	0.9444444444444444	24	27	0.8888888888888888
chr2	178434333	19	20	0.95	34	34	1.0
chr2	178434356	8	12	0.6666666666666666	16	22	0.7272727272727273
chr2	178434399	16	17	0.9411764705882353	32	33	0.9696969696969697
chr2	178434474	10	13	0.7692307692307693	30	32	0.9375
chr2	178434676	12	13	0.9230769230769231	19	24	0.7916666666666666
chr2	178434847	10	12	0.8333333333333334	22	22	1.0
chr2	178434983	14	17	0.8235294117647058	30	33	0.9090909090909091
chr2	178435044	14	15	0.9333333333333333	32	33	0.9696969696969697
chr2	178435178	9	12	0.75	26	29	0.896551724137931
chr2	178435296	19	20	0.95	31	32	0.96875
chr2	178435377	9	11	0.8181818181818182	27	29	0.9310344827586207
chr2	178435743	15	15	1.0	30	32	0.9375
chr2	178435867	12	12	1.0	28	30	0.9333333333333333
chr2	178436373	13	14	0.9285714285714286	22	24	0.9166666666666666
chr2	178436803	15	18	0.8333333333333334	26	30	0.8666666666666667
chr2	178436805	16	19	0.8421052631578947	21	27	0.7777777777777778
chr2	178437093	9	9	1.0	32	34	0.9411764705882353
chr2	178437482	15	16	0.9375	27	30	0.9
chr2	178437818	13	16	0.8125	34	34	1.0
chr2	178437961	17	17	1.0	28	29	0.9655172413793104
chr2	178438470	20	20	1.0	37	37	1.0
chr2	178438487	21	21	1.0	34	34	1.0
chr2	178438648	17	17	1.0	32	32	1.0
chr2	178438671	17	17	1.0	29	31	0.9354838709677419
chr2	178438694	16	17	0.9411764705882353	33	36	0.9166666666666666
chr2	178438715	22	23	0.9565217391304348	35	35	1.0
chr2	178438737	20	22	0.9090909090909091	30	32	0.9375
chr2	178438763	20	23	0.8695652173913043	36	38	0.9473684210526315
chr2	178438770	20	23	0.8695652173913043	35	37	0.9459459459459459
chr2	178438801	18	21	0.8571428571428571	28	34	0.8235294117647058
chr2	178438809	15	16	0.9375	24	28	0.8571428571428571
chr2	178438822	20	20	1.0	36	36	1.0
chr2	178438826	20	20	1.0	37	37	1.0
chr2	178438838	12	14	0.8571428571428571	28	29	0.9655172413793104
chr2	178438872	18	18	1.0	28	30	0.9333333333333333
chr2	178438883	18	19	0.9473684210526315	30	31	0.967741935483871
chr2	178438885	19	20	0.95	32	33	0.9696969696969697
chr2	178438924	25	26	0.9615384615384616	41	41	1.0
chr2	178438933	25	26	0.9615384615384616	41	41	1.0
chr2	178438961	17	18	0.9444444444444444	26	29	0.896551724137931
chr2	178438985	16	17	0.9411764705882353	32	33	0.9696969696969697
chr2	178439070	20	21	0.9523809523809523	34	35	0.9714285714285714
chr2	178439080	21	22	0.9545454545454546	36	37	0.972972972972973
chr2	178439255	18	20	0.9	28	29	0.9655172413793104
chr2	178439583	18	19	0.9473684210526315	29	30	0.9666666666666667
chr2	178439664	15	16	0.9375	33	34	0.9705882352941176
chr2	178440466	18	18	1.0	30	31	0.967741935483871
chr2	178440711	16	16	1.0	31	32	0.96875
chr2	178440734	15	19	0.7894736842105263	30	30	1.0
chr2	178440997	17	17	1.0	33	35	0.9428571428571428
chr2	178441024	11	13	0.8461538461538461	28	30	0.9333333333333333
chr2	178441323	22	22	1.0	38	38	1.0
chr2	178441376	12	14	0.8571428571428571	28	33	0.8484848484848485
chr2	178441768	14	19	0.7368421052631579	32	38	0.8421052631578947
chr2	178441802	13	14	0.9285714285714286	28	30	0.9333333333333333
chr2	178441908	19	20	0.95	33	36	0.9166666666666666
chr2	178441970	24	25	0.96	36	37	0.972972972972973
chr2	178442125	16	17	0.9411764705882353	24	26	0.9230769230769231
chr2	178442408	18	18	1.0	30	32	0.9375
chr2	178442553	16	16	1.0	34	36	0.9444444444444444
chr2	178442555	17	17	1.0	29	29	1.0
chr2	178442578	17	19	0.8947368421052632	34	37	0.918918918918919
chr2	178442749	9	10	0.9	22	23	0.9565217391304348
chr2	178442773	19	20	0.95	37	38	0.9736842105263158
chr2	178443195	18	18	1.0	33	35	0.9428571428571428
chr2	178443207	15	15	1.0	29	31	0.9354838709677419
chr2	178443547	17	17	1.0	33	35	0.9428571428571428
chr2	178443599	14	15	0.9333333333333333	22	26	0.8461538461538461
chr2	178443668	20	20	1.0	32	34	0.9411764705882353
chr2	178444297	20	20	1.0	30	31	0.967741935483871
chr2	178444543	12	14	0.8571428571428571	19	20	0.95
chr2	178444656	18	18	1.0	26	27	0.9629629629629629
chr2	178445273	17	18	0.9444444444444444	27	28	0.9642857142857143
chr2	178445437	15	15	1.0	25	26	0.9615384615384616
chr2	178445768	18	18	1.0	34	35	0.9714285714285714
chr2	178445790	18	19	0.9473684210526315	31	31	1.0
chr2	178445792	17	18	0.9444444444444444	30	30	1.0
chr2	178445839	16	17	0.9411764705882353	31	32	0.96875
chr2	178445876	15	16	0.9375	32	34	0.9411764705882353
chr2	178445890	13	16	0.8125	32	35	0.9142857142857143
chr2	178445919	20	20	1.0	32	34	0.9411764705882353
chr2	178445950	17	17	1.0	31	33	0.9393939393939394
chr2	178446099	19	20	0.95	31	35	0.8857142857142857
chr2	178446106	19	20	0.95	30	34	0.8823529411764706
chr2	178446116	19	20	0.95	30	34	0.8823529411764706
chr2	178446158	20	20	1.0	35	36	0.9722222222222222
chr2	178446293	14	16	0.875	21	24	0.875
chr2	178446305	17	18	0.9444444444444444	26	30	0.8666666666666667
chr2	178446442	9	12	0.75	27	29	0.9310344827586207
chr2	178446591	16	16	1.0	28	31	0.9032258064516129
chr2	178446758	19	20	0.95	36	36	1.0
chr2	178446767	19	20	0.95	36	36	1.0
chr2	178446774	19	20	0.95	37	37	1.0
chr2	178446788	13	13	1.0	29	32	0.90625
chr2	178446799	16	16	1.0	39	39	1.0
chr2	178446808	16	16	1.0	38	38	1.0
chr2	178446819	15	15	1.0	32	33	0.9696969696969697
chr2	178446852	22	22	1.0	39	39	1.0
chr2	178446860	22	22	1.0	39	39	1.0
chr2	178446864	22	22	1.0	39	39	1.0
chr2	178446908	15	18	0.8333333333333334	34	36	0.9444444444444444
chr2	178446916	15	18	0.8333333333333334	34	36	0.9444444444444444
chr2	178446923	15	18	0.8333333333333334	34	36	0.9444444444444444
chr2	178446940	14	18	0.7777777777777778	38	38	1.0
chr2	178446948	14	18	0.7777777777777778	38	38	1.0
chr2	178446970	17	17	1.0	36	38	0.9473684210526315
chr2	178446978	17	17	1.0	36	38	0.9473684210526315
chr2	178446986	17	17	1.0	36	38	0.9473684210526315
chr2	178447560	13	14	0.9285714285714286	29	30	0.9666666666666667
chr2	178447715	12	14	0.8571428571428571	26	30	0.8666666666666667
chr2	178447908	5	7	0.7142857142857143	9	15	0.6
chr2	178448071	14	15	0.9333333333333333	28	31	0.9032258064516129
chr2	178448175	6	7	0.8571428571428571	23	29	0.7931034482758621
chr2	178448522	9	12	0.75	27	30	0.9
chr2	178448655	14	15	0.9333333333333333	22	31	0.7096774193548387
chr2	178448737	13	14	0.9285714285714286	26	28	0.9285714285714286
chr2	178448772	15	15	1.0	37	37	1.0
chr2	178448819	11	13	0.8461538461538461	32	33	0.9696969696969697
chr2	178449129	14	16	0.875	31	35	0.8857142857142857
chr2	178449140	10	13	0.7692307692307693	29	38	0.7631578947368421
chr2	178449284	8	9	0.8888888888888888	25	26	0.9615384615384616
chr2	178449630	14	15	0.9333333333333333	31	34	0.9117647058823529
chr2	178449834	12	15	0.8	26	35	0.7428571428571429
chr2	178449870	12	12	1.0	21	25	0.84
chr2	178450010	2	13	0.15384615384615385	8	33	0.24242424242424243
chr2	178450100	1	18	0.05555555555555555	0	35	0.0
chr2	178450170	5	13	0.38461538461538464	9	29	0.3103448275862069
chr2	178450211	0	14	0.0	1	30	0.03333333333333333
chr2	178450262	3	14	0.21428571428571427	3	31	0.0967741935483871
chr2	178450289	2	17	0.11764705882352941	4	33	0.12121212121212122
chr2	178450349	1	22	0.045454545454545456	1	45	0.022222222222222223
chr2	178450355	1	21	0.047619047619047616	1	46	0.021739130434782608
chr2	178450371	2	18	0.1111111111111111	2	40	0.05
chr2	178450468	1	15	0.06666666666666667	2	35	0.05714285714285714
chr2	178450487	0	19	0.0	0	46	0.0
chr2	178450493	0	20	0.0	0	47	0.0
chr2	178450496	0	19	0.0	0	44	0.0
chr2	178450502	0	18	0.0	0	46	0.0
chr2	178450511	0	20	0.0	0	47	0.0
chr2	178450514	0	19	0.0	0	46	0.0
chr2	178450523	0	17	0.0	0	39	0.0
chr2	178450545	0	17	0.0	1	36	0.027777777777777776
chr2	178450556	1	18	0.05555555555555555	0	38	0.0
chr2	178450569	0	18	0.0	1	46	0.021739130434782608
chr2	178450575	0	21	0.0	1	45	0.022222222222222223
chr2	178450580	0	18	0.0	1	43	0.023255813953488372
chr2	178450592	0	16	0.0	0	42	0.0
chr2	178450604	1	18	0.05555555555555555	0	40	0.0
chr2	178450613	1	20	0.05	0	44	0.0
chr2	178450641	0	17	0.0	1	40	0.025
chr2	178450681	1	19	0.05263157894736842	0	43	0.0
chr2	178450684	1	18	0.05555555555555555	0	42	0.0
chr2	178450708	1	14	0.07142857142857142	5	28	0.17857142857142858
chr2	178450719	0	20	0.0	0	42	0.0
chr2	178450723	0	20	0.0	0	45	0.0
chr2	178450725	0	21	0.0	0	47	0.0
chr2	178450728	0	21	0.0	0	45	0.0
chr2	178450732	0	20	0.0	0	45	0.0
chr2	178450736	0	22	0.0	0	47	0.0
chr2	178450745	0	21	0.0	0	45	0.0
chr2	178450749	0	22	0.0	0	46	0.0
chr2	178450754	0	20	0.0	0	43	0.0
chr2	178450756	0	22	0.0	0	47	0.0
chr2	178450758	0	22	0.0	0	47	0.0
chr2	178450761	0	22	0.0	0	47	0.0
chr2	178450773	0	21	0.0	0	44	0.0
chr2	178450782	0	22	0.0	0	43	0.0
chr2	178450789	0	22	0.0	0	44	0.0
chr2	178450793	0	21	0.0	0	45	0.0
chr2	178450809	0	22	0.0	0	46	0.0
chr2	178450812	0	22	0.0	0	48	0.0
chr2	178450815	0	21	0.0	0	46	0.0
chr2	178450823	0	21	0.0	0	40	0.0
chr2	178450829	0	21	0.0	0	43	0.0
chr2	178450843	0	22	0.0	0	48	0.0
chr2	178450845	0	22	0.0	0	48	0.0
chr2	178450851	0	20	0.0	0	45	0.0
chr2	178450857	0	21	0.0	0	47	0.0
chr2	178450860	0	19	0.0	0	42	0.0
chr2	178450866	0	21	0.0	0	46	0.0
chr2	178450895	0	20	0.0	0	47	0.0
chr2	178450903	0	22	0.0	0	44	0.0
chr2	178450905	0	21	0.0	0	46	0.0
chr2	178450910	0	22	0.0	0	45	0.0
chr2	178450919	0	21	0.0	0	47	0.0
chr2	178450926	0	22	0.0	0	45	0.0
chr2	178450932	0	21	0.0	0	48	0.0
chr2	178450954	0	17	0.0	2	47	0.0425531914893617
chr2	178450958	0	18	0.0	2	47	0.0425531914893617
chr2	178450984	0	22	0.0	0	48	0.0
chr2	178450986	0	22	0.0	0	47	0.0
chr2	178450994	0	21	0.0	0	46	0.0
chr2	178450997	0	19	0.0	0	44	0.0
chr2	178451005	0	21	0.0	0	48	0.0
chr2	178451008	0	21	0.0	0	45	0.0
chr2	178451010	0	20	0.0	0	47	0.0
chr2	178451032	0	22	0.0	0	46	0.0
chr2	178451042	0	22	0.0	0	46	0.0
chr2	178451050	0	22	0.0	0	44	0.0
chr2	178451065	0	23	0.0	0	47	0.0
chr2	178451070	0	22	0.0	0	44	0.0
chr2	178451075	0	23	0.0	0	47	0.0
chr2	178451078	0	21	0.0	0	46	0.0
chr2	178451084	0	22	0.0	0	48	0.0
chr2	178451091	0	24	0.0	0	40	0.0
chr2	178451096	0	23	0.0	0	47	0.0
chr2	178451106	0	19	0.0	0	42	0.0
chr2	178451121	0	21	0.0	0	46	0.0
chr2	178451124	0	22	0.0	0	45	0.0
chr2	178451136	0	20	0.0	1	43	0.023255813953488372
chr2	178451145	0	20	0.0	1	43	0.023255813953488372
chr2	178451158	0	22	0.0	1	43	0.023255813953488372
chr2	178451169	3	21	0.14285714285714285	3	39	0.07692307692307693
chr2	178451192	0	18	0.0	0	39	0.0
chr2	178451206	0	23	0.0	0	47	0.0
chr2	178451214	0	21	0.0	0	44	0.0
chr2	178451220	0	23	0.0	0	48	0.0
chr2	178451228	0	21	0.0	0	46	0.0
chr2	178451241	0	21	0.0	0	40	0.0
chr2	178451249	0	21	0.0	0	46	0.0
chr2	178451254	0	21	0.0	0	44	0.0
chr2	178451265	0	21	0.0	2	44	0.045454545454545456
chr2	178451287	0	18	0.0	1	39	0.02564102564102564
chr2	178451298	0	22	0.0	0	48	0.0
chr2	178451302	0	22	0.0	0	48	0.0
chr2	178451308	0	23	0.0	0	48	0.0
chr2	178451313	0	23	0.0	0	44	0.0
chr2	178451319	0	21	0.0	0	46	0.0
chr2	178451321	0	22	0.0	0	45	0.0
chr2	178451344	0	10	0.0	1	26	0.038461538461538464
chr2	178451355	0	22	0.0	0	46	0.0
chr2	178451357	0	23	0.0	0	44	0.0
chr2	178451361	0	23	0.0	0	43	0.0
chr2	178451370	0	21	0.0	0	45	0.0
chr2	178451406	5	14	0.35714285714285715	3	35	0.08571428571428572
chr2	178451433	1	18	0.05555555555555555	0	42	0.0
chr2	178451443	1	17	0.058823529411764705	0	41	0.0
chr2	178451470	0	18	0.0	0	41	0.0
chr2	178451473	0	17	0.0	0	43	0.0
chr2	178451487	4	14	0.2857142857142857	5	29	0.1724137931034483
chr2	178451522	2	17	0.11764705882352941	4	34	0.11764705882352941
chr2	178451566	0	17	0.0	2	42	0.047619047619047616
chr2	178451592	0	6	0.0	1	18	0.05555555555555555
chr2	178451619	0	18	0.0	1	48	0.020833333333333332
chr2	178451629	0	19	0.0	1	48	0.020833333333333332
chr2	178451644	0	22	0.0	0	45	0.0
chr2	178451649	0	17	0.0	0	45	0.0
chr2	178451656	0	19	0.0	0	40	0.0
chr2	178451664	0	20	0.0	0	47	0.0
chr2	178451685	0	20	0.0	0	40	0.0
chr2	178451687	0	20	0.0	0	38	0.0
chr2	178451693	0	21	0.0	0	44	0.0
chr2	178451705	1	22	0.045454545454545456	0	38	0.0
chr2	178451716	0	23	0.0	0	44	0.0
chr2	178451719	0	21	0.0	0	45	0.0
chr2	178451723	0	21	0.0	0	43	0.0
chr2	178451748	0	19	0.0	1	46	0.021739130434782608
chr2	178451751	0	19	0.0	0	44	0.0
chr2	178451753	0	19	0.0	0	44	0.0
chr2	178451763	0	21	0.0	1	45	0.022222222222222223
chr2	178451791	3	17	0.17647058823529413	5	21	0.23809523809523808
chr2	178451804	1	21	0.047619047619047616	0	43	0.0
chr2	178451816	0	13	0.0	2	33	0.06060606060606061
chr2	178451832	1	15	0.06666666666666667	2	38	0.05263157894736842
chr2	178451844	0	22	0.0	1	44	0.022727272727272728
chr2	178451886	1	19	0.05263157894736842	0	39	0.0
chr2	178451891	1	19	0.05263157894736842	0	40	0.0
chr2	178451944	0	17	0.0	1	42	0.023809523809523808
chr2	178451978	1	20	0.05	3	44	0.06818181818181818
chr2	178451982	1	17	0.058823529411764705	3	42	0.07142857142857142
chr2	178452013	3	23	0.13043478260869565	6	45	0.13333333333333333
chr2	178452017	3	23	0.13043478260869565	6	46	0.13043478260869565
chr2	178452019	3	22	0.13636363636363635	6	46	0.13043478260869565
chr2	178452029	3	23	0.13043478260869565	6	46	0.13043478260869565
chr2	178452057	3	23	0.13043478260869565	7	43	0.16279069767441862
chr2	178452066	3	23	0.13043478260869565	7	43	0.16279069767441862
chr2	178452071	3	23	0.13043478260869565	7	43	0.16279069767441862
chr2	178452089	10	19	0.5263157894736842	9	40	0.225
chr2	178452148	13	18	0.7222222222222222	30	42	0.7142857142857143
chr2	178452152	13	18	0.7222222222222222	30	42	0.7142857142857143
chr2	178452164	20	22	0.9090909090909091	44	48	0.9166666666666666
chr2	178452184	8	10	0.8	16	29	0.5517241379310345
chr2	178452206	12	15	0.8	38	41	0.926829268292683
chr2	178452216	12	15	0.8	38	41	0.926829268292683
chr2	178452240	20	20	1.0	43	46	0.9347826086956522
chr2	178452246	19	19	1.0	43	46	0.9347826086956522
chr2	178452248	19	19	1.0	43	46	0.9347826086956522
chr2	178452270	20	21	0.9523809523809523	44	46	0.9565217391304348
chr2	178452315	10	14	0.7142857142857143	32	33	0.9696969696969697
chr2	178452434	14	17	0.8235294117647058	33	35	0.9428571428571428
chr2	178452533	11	14	0.7857142857142857	23	28	0.8214285714285714
chr2	178452940	15	15	1.0	33	33	1.0
chr2	178452996	13	15	0.8666666666666667	25	33	0.7575757575757576
chr2	178453005	14	19	0.7368421052631579	26	34	0.7647058823529411
chr2	178453126	19	21	0.9047619047619048	29	33	0.8787878787878788
chr2	178453207	17	20	0.85	32	34	0.9411764705882353
chr2	178453394	17	21	0.8095238095238095	24	32	0.75
chr2	178453532	14	16	0.875	20	26	0.7692307692307693
chr2	178454059	16	17	0.9411764705882353	36	37	0.972972972972973
chr2	178454083	14	14	1.0	26	26	1.0
chr2	178454393	13	13	1.0	37	38	0.9736842105263158
chr2	178454416	18	18	1.0	30	34	0.8823529411764706
chr2	178454428	15	16	0.9375	33	34	0.9705882352941176
chr2	178454525	15	15	1.0	34	35	0.9714285714285714
chr2	178454949	14	15	0.9333333333333333	30	32	0.9375
chr2	178454968	10	13	0.7692307692307693	30	31	0.967741935483871
chr2	178454983	9	10	0.9	30	33	0.9090909090909091
chr2	178455023	13	16	0.8125	24	32	0.75
chr2	178455041	13	18	0.7222222222222222	29	30	0.9666666666666667
chr2	178455044	10	15	0.6666666666666666	34	35	0.9714285714285714
chr2	178455078	18	19	0.9473684210526315	32	35	0.9142857142857143
chr2	178455085	21	22	0.9545454545454546	33	36	0.9166666666666666
chr2	178455103	18	18	1.0	32	33	0.9696969696969697
chr2	178455114	15	17	0.8823529411764706	29	30	0.9666666666666667
chr2	178455126	12	16	0.75	21	21	1.0
chr2	178455142	14	15	0.9333333333333333	30	32	0.9375
chr2	178455197	12	13	0.9230769230769231	35	36	0.9722222222222222
chr2	178455346	16	16	1.0	33	34	0.9705882352941176
chr2	178455393	8	8	1.0	31	31	1.0
chr2	178456037	16	16	1.0	32	35	0.9142857142857143
chr2	178456091	18	18	1.0	28	28	1.0
chr2	178456100	18	18	1.0	33	33	1.0
chr2	178456133	12	13	0.9230769230769231	22	26	0.8461538461538461
chr2	178456148	9	12	0.75	22	27	0.8148148148148148
chr2	178456384	16	17	0.9411764705882353	27	32	0.84375
chr2	178456502	17	19	0.8947368421052632	29	33	0.8787878787878788
chr2	178456530	16	18	0.8888888888888888	37	37	1.0
chr2	178456539	16	18	0.8888888888888888	38	38	1.0
chr2	178456714	15	16	0.9375	33	35	0.9428571428571428
chr2	178456760	13	13	1.0	29	31	0.9354838709677419
chr2	178456990	16	20	0.8	36	38	0.9473684210526315
chr2	178456998	16	20	0.8	36	38	0.9473684210526315
chr2	178457009	8	10	0.8	30	33	0.9090909090909091
chr2	178457028	19	19	1.0	32	34	0.9411764705882353
chr2	178457030	18	18	1.0	32	34	0.9411764705882353
chr2	178457053	17	19	0.8947368421052632	33	34	0.9705882352941176
chr2	178457060	16	18	0.8888888888888888	33	34	0.9705882352941176
chr2	178457092	13	16	0.8125	34	36	0.9444444444444444
chr2	178457124	17	21	0.8095238095238095	38	40	0.95
chr2	178457128	18	22	0.8181818181818182	37	39	0.9487179487179487
chr2	178457152	18	18	1.0	34	34	1.0
chr2	178457166	19	20	0.95	32	33	0.9696969696969697
chr2	178457173	18	19	0.9473684210526315	31	32	0.96875
chr2	178457182	19	20	0.95	30	31	0.967741935483871
chr2	178457220	18	18	1.0	37	37	1.0
chr2	178457222	18	18	1.0	38	38	1.0
chr2	178457332	15	15	1.0	31	31	1.0
chr2	178457507	13	14	0.9285714285714286	27	28	0.9642857142857143
chr2	178457534	14	16	0.875	36	37	0.972972972972973
chr2	178457581	12	17	0.7058823529411765	28	30	0.9333333333333333
chr2	178457639	15	16	0.9375	28	29	0.9655172413793104
chr2	178457678	8	16	0.5	17	24	0.7083333333333334
chr2	178457686	9	17	0.5294117647058824	18	28	0.6428571428571429
chr2	178457699	3	5	0.6	16	17	0.9411764705882353
chr2	178457712	11	14	0.7857142857142857	30	31	0.967741935483871
chr2	178457714	12	15	0.8	32	33	0.9696969696969697
chr2	178457738	16	17	0.9411764705882353	35	36	0.9722222222222222
chr2	178457754	12	16	0.75	24	25	0.96
chr2	178458029	15	16	0.9375	30	31	0.967741935483871
chr2	178458111	10	11	0.9090909090909091	19	19	1.0
chr2	178458721	15	18	0.8333333333333334	29	29	1.0
chr2	178458797	19	20	0.95	28	32	0.875
chr2	178458801	17	18	0.9444444444444444	25	29	0.8620689655172413
chr2	178459462	17	17	1.0	26	28	0.9285714285714286
chr2	178460099	5	7	0.7142857142857143	10	13	0.7692307692307693
chr2	178460395	5	18	0.2777777777777778	9	20	0.45
chr2	178460770	20	23	0.8695652173913043	31	33	0.9393939393939394
chr2	178460779	22	25	0.88	31	33	0.9393939393939394
chr2	178461007	10	18	0.5555555555555556	16	25	0.64
chr2	178461100	7	16	0.4375	17	28	0.6071428571428571
chr2	178461292	12	15	0.8	22	24	0.9166666666666666
chr2	178461619	15	19	0.7894736842105263	17	20	0.85
chr2	178461707	19	21	0.9047619047619048	26	27	0.9629629629629629
chr2	178461727	16	21	0.7619047619047619	31	34	0.9117647058823529
chr2	178461739	18	22	0.8181818181818182	36	38	0.9473684210526315
chr2	178461833	11	13	0.8461538461538461	26	29	0.896551724137931
chr2	178461871	12	17	0.7058823529411765	23	28	0.8214285714285714
chr2	178462180	15	17	0.8823529411764706	30	32	0.9375
chr2	178462200	23	23	1.0	36	36	1.0
chr2	178462207	21	21	1.0	35	35	1.0
chr2	178462515	10	12	0.8333333333333334	27	28	0.9642857142857143
chr2	178462532	19	20	0.95	30	32	0.9375
chr2	178462535	22	23	0.9565217391304348	33	35	0.9428571428571428
chr2	178462558	14	15	0.9333333333333333	28	28	1.0
chr2	178462569	12	15	0.8	30	33	0.9090909090909091
chr2	178462608	11	13	0.8461538461538461	26	29	0.896551724137931
chr2	178462632	23	23	1.0	38	38	1.0
chr2	178462642	22	22	1.0	39	39	1.0
chr2	178462681	19	19	1.0	30	30	1.0
chr2	178462699	16	17	0.9411764705882353	26	30	0.8666666666666667
chr2	178462736	11	12	0.9166666666666666	22	24	0.9166666666666666
chr2	178462815	8	12	0.6666666666666666	20	22	0.9090909090909091
chr2	178462846	13	15	0.8666666666666667	21	23	0.9130434782608695
chr2	178462878	16	17	0.9411764705882353	25	27	0.9259259259259259
chr2	178462893	15	16	0.9375	30	30	1.0
chr2	178462933	3	7	0.42857142857142855	8	16	0.5
chr2	178462947	19	19	1.0	31	32	0.96875
chr2	178462953	20	20	1.0	31	32	0.96875
chr2	178463042	20	20	1.0	35	36	0.9722222222222222
chr2	178463052	21	21	1.0	34	35	0.9714285714285714
chr2	178463057	19	20	0.95	33	33	1.0
chr2	178463092	13	14	0.9285714285714286	24	28	0.8571428571428571
chr2	178463174	18	19	0.9473684210526315	23	23	1.0
chr2	178463250	16	16	1.0	24	26	0.9230769230769231
chr2	178463416	10	11	0.9090909090909091	24	27	0.8888888888888888
chr2	178463482	20	21	0.9523809523809523	35	38	0.9210526315789473
chr2	178463915	10	11	0.9090909090909091	12	16	0.75
chr2	178463940	18	19	0.9473684210526315	33	33	1.0
chr2	178464449	9	17	0.5294117647058824	23	30	0.7666666666666667
chr2	178464480	10	13	0.7692307692307693	20	24	0.8333333333333334
chr2	178464550	4	13	0.3076923076923077	14	24	0.5833333333333334
chr2	178464704	17	17	1.0	25	25	1.0
chr2	178464735	16	17	0.9411764705882353	31	31	1.0
chr2	178464953	19	19	1.0	30	30	1.0
chr2	178465219	19	20	0.95	29	29	1.0
chr2	178465301	20	20	1.0	26	27	0.9629629629629629
chr2	178465780	13	13	1.0	28	29	0.9655172413793104
chr2	178465884	9	12	0.75	22	25	0.88
chr2	178466168	12	12	1.0	28	29	0.9655172413793104
chr2	178466252	17	17	1.0	26	28	0.9285714285714286
chr2	178466652	15	15	1.0	28	28	1.0
chr2	178467302	15	18	0.8333333333333334	27	30	0.9
chr2	178467311	17	20	0.85	26	29	0.896551724137931
chr2	178467452	16	19	0.8421052631578947	28	28	1.0
chr2	178467802	16	16	1.0	27	29	0.9310344827586207
chr2	178467869	17	20	0.85	29	29	1.0
chr2	178467955	9	15	0.6	26	27	0.9629629629629629
chr2	178468257	17	18	0.9444444444444444	26	26	1.0
chr2	178468528	15	16	0.9375	24	25	0.96
chr2	178468535	20	21	0.9523809523809523	30	32	0.9375
chr2	178468744	22	22	1.0	30	31	0.967741935483871
chr2	178468968	19	20	0.95	28	29	0.9655172413793104
chr2	178469057	13	14	0.9285714285714286	20	23	0.8695652173913043
chr2	178469121	18	21	0.8571428571428571	23	25	0.92
chr2	178469218	18	18	1.0	17	19	0.8947368421052632
chr2	178469309	18	20	0.9	30	33	0.9090909090909091
chr2	178469411	13	15	0.8666666666666667	20	21	0.9523809523809523
chr2	178469503	18	19	0.9473684210526315	27	27	1.0
chr2	178469653	12	13	0.9230769230769231	26	26	1.0
chr2	178469712	6	13	0.46153846153846156	11	13	0.8461538461538461
chr2	178469765	10	12	0.8333333333333334	18	18	1.0
chr2	178469943	15	15	1.0	25	25	1.0
chr2	178470163	17	18	0.9444444444444444	27	28	0.9642857142857143
chr2	178470329	9	10	0.9	21	23	0.9130434782608695
chr2	178470687	17	18	0.9444444444444444	21	24	0.875
chr2	178470713	20	20	1.0	23	23	1.0
chr2	178470899	23	23	1.0	31	33	0.9393939393939394
chr2	178470902	22	22	1.0	32	34	0.9411764705882353
chr2	178470946	14	14	1.0	18	20	0.9
chr2	178471106	10	15	0.6666666666666666	21	22	0.9545454545454546
chr2	178471271	22	22	1.0	27	30	0.9
chr2	178471277	22	22	1.0	28	31	0.9032258064516129
chr2	178471333	15	16	0.9375	29	30	0.9666666666666667
chr2	178471491	17	21	0.8095238095238095	31	35	0.8857142857142857
chr2	178471501	17	20	0.85	31	35	0.8857142857142857
chr2	178471603	14	18	0.7777777777777778	19	19	1.0
chr2	178471679	21	21	1.0	27	28	0.9642857142857143
chr2	178472076	15	17	0.8823529411764706	25	29	0.8620689655172413
chr2	178472134	18	18	1.0	26	27	0.9629629629629629
chr2	178472136	17	17	1.0	26	27	0.9629629629629629
chr2	178472166	15	16	0.9375	16	16	1.0
chr2	178472262	21	22	0.9545454545454546	33	36	0.9166666666666666
chr2	178472325	15	16	0.9375	21	25	0.84
chr2	178472357	22	23	0.9565217391304348	29	32	0.90625
chr2	178472459	18	18	1.0	32	34	0.9411764705882353
chr2	178472463	23	23	1.0	35	37	0.9459459459459459
chr2	178472534	17	19	0.8947368421052632	27	29	0.9310344827586207
chr2	178472536	16	17	0.9411764705882353	28	30	0.9333333333333333
chr2	178472542	17	19	0.8947368421052632	29	31	0.9354838709677419
chr2	178472602	22	23	0.9565217391304348	32	33	0.9696969696969697
chr2	178472618	12	16	0.75	28	30	0.9333333333333333
chr2	178472645	15	17	0.8823529411764706	26	30	0.8666666666666667
chr2	178472668	19	19	1.0	28	31	0.9032258064516129
chr2	178472716	22	23	0.9565217391304348	31	32	0.96875
chr2	178472740	11	13	0.8461538461538461	27	27	1.0
chr2	178472771	10	13	0.7692307692307693	15	17	0.8823529411764706
chr2	178472815	17	17	1.0	26	27	0.9629629629629629
chr2	178472961	12	13	0.9230769230769231	12	16	0.75
chr2	178473028	18	21	0.8571428571428571	30	31	0.967741935483871
chr2	178473299	15	18	0.8333333333333334	21	25	0.84
chr2	178473584	12	15	0.8	21	22	0.9545454545454546
chr2	178473693	13	14	0.9285714285714286	18	23	0.782608695652174
chr2	178474032	10	15	0.6666666666666666	23	25	0.92
chr2	178474061	12	16	0.75	23	25	0.92
chr2	178474188	13	14	0.9285714285714286	26	26	1.0
chr2	178474262	11	13	0.8461538461538461	15	20	0.75
chr2	178474763	18	20	0.9	30	33	0.9090909090909091
chr2	178474771	17	19	0.8947368421052632	30	33	0.9090909090909091
chr2	178474831	24	24	1.0	34	34	1.0
chr2	178474838	23	23	1.0	34	34	1.0
chr2	178474843	24	24	1.0	34	34	1.0
chr2	178475224	17	19	0.8947368421052632	26	26	1.0
chr2	178475259	25	26	0.9615384615384616	28	30	0.9333333333333333
chr2	178475289	21	21	1.0	28	29	0.9655172413793104
chr2	178475327	17	18	0.9444444444444444	27	34	0.7941176470588235
chr2	178475331	18	19	0.9473684210526315	28	35	0.8
chr2	178475417	12	13	0.9230769230769231	27	28	0.9642857142857143
chr2	178475448	15	22	0.6818181818181818	25	27	0.9259259259259259
chr2	178475524	3	4	0.75	14	15	0.9333333333333333
chr2	178475828	23	26	0.8846153846153846	20	21	0.9523809523809523
chr2	178475997	13	16	0.8125	18	21	0.8571428571428571
chr2	178476419	20	20	1.0	27	29	0.9310344827586207
chr2	178477076	13	16	0.8125	25	27	0.9259259259259259
chr2	178477108	17	18	0.9444444444444444	28	29	0.9655172413793104
chr2	178477210	8	9	0.8888888888888888	21	22	0.9545454545454546
chr2	178477883	3	14	0.21428571428571427	2	30	0.06666666666666667
chr2	178477931	3	15	0.2	5	22	0.22727272727272727
chr2	178478049	3	13	0.23076923076923078	8	27	0.2962962962962963
chr2	178478171	2	12	0.16666666666666666	2	19	0.10526315789473684
chr2	178478213	1	15	0.06666666666666667	1	25	0.04
chr2	178478250	1	20	0.05	0	32	0.0
chr2	178478254	1	21	0.047619047619047616	0	31	0.0
chr2	178478263	1	24	0.041666666666666664	0	31	0.0
chr2	178478292	0	24	0.0	1	31	0.03225806451612903
chr2	178478297	0	24	0.0	2	31	0.06451612903225806
chr2	178478315	0	16	0.0	3	26	0.11538461538461539
chr2	178478374	2	19	0.10526315789473684	0	30	0.0
chr2	178478402	1	17	0.058823529411764705	3	25	0.12
chr2	178478499	1	19	0.05263157894736842	0	28	0.0
chr2	178478528	0	23	0.0	0	35	0.0
chr2	178478530	0	22	0.0	0	35	0.0
chr2	178478539	0	22	0.0	0	35	0.0
chr2	178478541	0	24	0.0	0	35	0.0
chr2	178478546	0	24	0.0	0	35	0.0
chr2	178478557	0	25	0.0	0	34	0.0
chr2	178478559	0	23	0.0	0	33	0.0
chr2	178478563	0	23	0.0	0	34	0.0
chr2	178478570	0	22	0.0	0	32	0.0
chr2	178478573	0	25	0.0	0	32	0.0
chr2	178478575	0	25	0.0	0	32	0.0
chr2	178478584	0	23	0.0	0	33	0.0
chr2	178478594	0	24	0.0	0	33	0.0
chr2	178478607	0	22	0.0	0	29	0.0
chr2	178478612	0	24	0.0	0	30	0.0
chr2	178478626	0	21	0.0	0	34	0.0
chr2	178478632	0	23	0.0	0	34	0.0
chr2	178478657	0	22	0.0	0	34	0.0
chr2	178478664	0	22	0.0	0	34	0.0
chr2	178478669	0	23	0.0	0	33	0.0
chr2	178478678	0	24	0.0	0	34	0.0
chr2	178478680	0	23	0.0	0	34	0.0
chr2	178478687	0	25	0.0	0	33	0.0
chr2	178478704	0	18	0.0	0	24	0.0
chr2	178478732	0	23	0.0	0	33	0.0
chr2	178478737	0	21	0.0	0	33	0.0
chr2	178478745	0	25	0.0	0	33	0.0
chr2	178478750	0	25	0.0	0	31	0.0
chr2	178478760	0	23	0.0	0	33	0.0
chr2	178478769	0	24	0.0	0	32	0.0
chr2	178478771	0	25	0.0	0	33	0.0
chr2	178478800	0	20	0.0	2	28	0.07142857142857142
chr2	178478813	1	18	0.05555555555555555	0	25	0.0
chr2	178478843	1	19	0.05263157894736842	3	30	0.1
chr2	178478865	2	13	0.15384615384615385	2	28	0.07142857142857142
chr2	178478928	0	19	0.0	1	25	0.04
chr2	178478975	2	22	0.09090909090909091	1	24	0.041666666666666664
chr2	178478992	0	19	0.0	0	27	0.0
chr2	178479012	0	19	0.0	0	28	0.0
chr2	178479029	1	20	0.05	1	32	0.03125
chr2	178479042	1	15	0.06666666666666667	3	20	0.15
chr2	178479075	0	23	0.0	2	27	0.07407407407407407
chr2	178479096	0	22	0.0	1	33	0.030303030303030304
chr2	178479104	0	22	0.0	1	34	0.029411764705882353
chr2	178479112	0	23	0.0	0	33	0.0
chr2	178479118	0	24	0.0	1	35	0.02857142857142857
chr2	178479143	0	21	0.0	1	35	0.02857142857142857
chr2	178479149	0	20	0.0	1	34	0.029411764705882353
chr2	178479156	0	23	0.0	1	34	0.029411764705882353
chr2	178479180	0	16	0.0	3	25	0.12
chr2	178479203	0	23	0.0	1	32	0.03125
chr2	178479210	0	24	0.0	1	31	0.03225806451612903
chr2	178479216	0	25	0.0	1	33	0.030303030303030304
chr2	178479227	2	20	0.1	2	25	0.08
chr2	178479245	4	22	0.18181818181818182	2	29	0.06896551724137931
chr2	178479288	0	23	0.0	2	30	0.06666666666666667
chr2	178479355	3	19	0.15789473684210525	8	26	0.3076923076923077
chr2	178479543	15	19	0.7894736842105263	18	25	0.72
chr2	178479610	18	20	0.9	27	30	0.9
chr2	178479651	7	18	0.3888888888888889	12	26	0.46153846153846156
chr2	178479659	9	19	0.47368421052631576	11	25	0.44
chr2	178479670	7	19	0.3684210526315789	7	23	0.30434782608695654
chr2	178479740	9	21	0.42857142857142855	12	28	0.42857142857142855
chr2	178479762	5	19	0.2631578947368421	8	28	0.2857142857142857
chr2	178479828	4	18	0.2222222222222222	6	26	0.23076923076923078
chr2	178479834	5	20	0.25	8	31	0.25806451612903225
chr2	178479884	16	21	0.7619047619047619	25	26	0.9615384615384616
chr2	178479887	17	22	0.7727272727272727	27	28	0.9642857142857143
chr2	178479913	11	15	0.7333333333333333	15	22	0.6818181818181818
chr2	178479936	14	18	0.7777777777777778	16	20	0.8
chr2	178479997	13	17	0.7647058823529411	9	21	0.42857142857142855
chr2	178480125	1	17	0.058823529411764705	4	22	0.18181818181818182
chr2	178480142	0	25	0.0	0	32	0.0
chr2	178480144	0	24	0.0	0	32	0.0
chr2	178480157	0	22	0.0	1	31	0.03225806451612903
chr2	178480183	0	23	0.0	0	21	0.0
chr2	178480191	0	23	0.0	0	31	0.0
chr2	178480193	0	27	0.0	0	32	0.0
chr2	178480195	0	28	0.0	0	31	0.0
chr2	178480200	0	28	0.0	0	29	0.0
chr2	178480207	0	27	0.0	0	30	0.0
chr2	178480223	0	21	0.0	1	25	0.04
chr2	178480229	0	27	0.0	1	33	0.030303030303030304
chr2	178480248	0	13	0.0	3	25	0.12
chr2	178480273	1	23	0.043478260869565216	0	23	0.0
chr2	178480289	4	20	0.2	5	29	0.1724137931034483
chr2	178480294	4	21	0.19047619047619047	5	29	0.1724137931034483
chr2	178480311	0	21	0.0	1	31	0.03225806451612903
chr2	178480329	0	21	0.0	2	32	0.0625
chr2	178480340	0	25	0.0	0	34	0.0
chr2	178480342	0	27	0.0	0	35	0.0
chr2	178480345	0	28	0.0	0	36	0.0
chr2	178480350	0	28	0.0	0	34	0.0
chr2	178480359	0	27	0.0	0	35	0.0
chr2	178480361	0	28	0.0	0	34	0.0
chr2	178480370	0	25	0.0	0	35	0.0
chr2	178480378	0	28	0.0	0	36	0.0
chr2	178480381	0	27	0.0	0	36	0.0
chr2	178480387	0	27	0.0	0	36	0.0
chr2	178480394	0	28	0.0	0	32	0.0
chr2	178480396	0	28	0.0	0	33	0.0
chr2	178480400	0	28	0.0	0	34	0.0
chr2	178480414	0	25	0.0	0	35	0.0
chr2	178480417	0	28	0.0	0	36	0.0
chr2	178480420	0	26	0.0	0	33	0.0
chr2	178480435	2	23	0.08695652173913043	0	30	0.0
chr2	178480440	2	26	0.07692307692307693	0	31	0.0
chr2	178480445	1	25	0.04	0	27	0.0
chr2	178480472	1	28	0.03571428571428571	0	30	0.0
chr2	178480475	1	28	0.03571428571428571	0	30	0.0
chr2	178480478	1	28	0.03571428571428571	0	29	0.0
chr2	178480497	1	22	0.045454545454545456	0	22	0.0
chr2	178480525	0	25	0.0	1	31	0.03225806451612903
chr2	178480539	1	28	0.03571428571428571	0	34	0.0
chr2	178480542	1	28	0.03571428571428571	0	32	0.0
chr2	178480547	1	28	0.03571428571428571	0	34	0.0
chr2	178480550	1	28	0.03571428571428571	0	33	0.0
chr2	178480563	0	25	0.0	0	30	0.0
chr2	178480570	0	26	0.0	0	35	0.0
chr2	178480576	0	26	0.0	0	36	0.0
chr2	178480578	0	24	0.0	0	35	0.0
chr2	178480590	0	27	0.0	0	34	0.0
chr2	178480594	0	28	0.0	0	34	0.0
chr2	178480596	0	26	0.0	0	34	0.0
chr2	178480600	0	28	0.0	0	35	0.0
chr2	178480611	0	29	0.0	0	36	0.0
chr2	178480617	0	27	0.0	0	35	0.0
chr2	178480619	0	24	0.0	0	33	0.0
chr2	178480623	0	28	0.0	0	37	0.0
chr2	178480626	0	28	0.0	0	37	0.0
chr2	178480629	0	28	0.0	0	37	0.0
chr2	178480632	0	28	0.0	0	36	0.0
chr2	178480643	0	15	0.0	0	17	0.0
chr2	178480659	0	27	0.0	1	35	0.02857142857142857
chr2	178480661	0	27	0.0	1	37	0.02702702702702703
chr2	178480666	0	28	0.0	1	37	0.02702702702702703
chr2	178480668	0	28	0.0	1	37	0.02702702702702703
chr2	178480684	0	27	0.0	0	37	0.0
chr2	178480689	0	26	0.0	0	37	0.0
chr2	178480693	0	27	0.0	0	36	0.0
chr2	178480701	0	26	0.0	0	37	0.0
chr2	178480715	0	28	0.0	0	37	0.0
chr2	178480720	0	28	0.0	0	37	0.0
chr2	178480728	0	26	0.0	0	36	0.0
chr2	178480731	0	28	0.0	0	33	0.0
chr2	178480733	0	28	0.0	0	36	0.0
chr2	178480735	0	28	0.0	0	37	0.0
chr2	178480748	0	24	0.0	0	34	0.0
chr2	178480754	0	26	0.0	0	35	0.0
chr2	178480759	0	25	0.0	0	36	0.0
chr2	178480762	0	27	0.0	0	35	0.0
chr2	178480773	0	26	0.0	0	32	0.0
chr2	178480777	0	29	0.0	0	31	0.0
chr2	178480782	0	27	0.0	0	31	0.0
chr2	178480806	1	20	0.05	4	27	0.14814814814814814
chr2	178480821	1	27	0.037037037037037035	0	36	0.0
chr2	178480823	1	28	0.03571428571428571	0	37	0.0
chr2	178480827	1	28	0.03571428571428571	0	35	0.0
chr2	178480830	1	28	0.03571428571428571	0	37	0.0
chr2	178480833	1	27	0.037037037037037035	0	36	0.0
chr2	178480838	1	22	0.045454545454545456	0	33	0.0
chr2	178480848	1	27	0.037037037037037035	0	34	0.0
chr2	178480850	1	28	0.03571428571428571	0	35	0.0
chr2	178480920	1	21	0.047619047619047616	3	29	0.10344827586206896
chr2	178480946	1	16	0.0625	2	23	0.08695652173913043
chr2	178480965	0	23	0.0	0	32	0.0
chr2	178480970	0	24	0.0	0	31	0.0
chr2	178480987	1	17	0.058823529411764705	1	29	0.034482758620689655
chr2	178480998	1	24	0.041666666666666664	0	32	0.0
chr2	178481000	1	24	0.041666666666666664	0	36	0.0
chr2	178481013	0	27	0.0	0	33	0.0
chr2	178481019	0	25	0.0	0	32	0.0
chr2	178481028	0	26	0.0	0	34	0.0
chr2	178481083	1	23	0.043478260869565216	1	33	0.030303030303030304
chr2	178481198	1	23	0.043478260869565216	0	31	0.0
chr2	178481205	0	21	0.0	0	30	0.0
chr2	178481264	4	14	0.2857142857142857	3	18	0.16666666666666666
chr2	178481367	1	23	0.043478260869565216	2	33	0.06060606060606061
chr2	178481397	6	13	0.46153846153846156	11	22	0.5
chr2	178481463	3	20	0.15	7	32	0.21875
chr2	178481755	3	15	0.2	13	21	0.6190476190476191
chr2	178481895	18	21	0.8571428571428571	32	33	0.9696969696969697
chr2	178481941	12	15	0.8	19	21	0.9047619047619048
chr2	178482149	12	13	0.9230769230769231	12	15	0.8
chr2	178482300	20	25	0.8	29	32	0.90625
chr2	178482351	7	17	0.4117647058823529	19	27	0.7037037037037037
chr2	178482437	24	25	0.96	32	33	0.9696969696969697
chr2	178482443	25	26	0.9615384615384616	33	34	0.9705882352941176
chr2	178482538	22	25	0.88	21	29	0.7241379310344828
chr2	178482707	12	13	0.9230769230769231	21	24	0.875
chr2	178482984	22	24	0.9166666666666666	23	28	0.8214285714285714
chr2	178483236	19	23	0.8260869565217391	29	32	0.90625
chr2	178483244	19	23	0.8260869565217391	30	33	0.9090909090909091
chr2	178483518	18	20	0.9	27	30	0.9
chr2	178483906	17	18	0.9444444444444444	31	32	0.96875
chr2	178484544	13	15	0.8666666666666667	28	33	0.8484848484848485
chr2	178484605	18	19	0.9473684210526315	28	29	0.9655172413793104
chr2	178484612	19	19	1.0	30	31	0.967741935483871
chr2	178484776	3	7	0.42857142857142855	7	8	0.875
chr2	178484844	7	17	0.4117647058823529	7	24	0.2916666666666667
chr2	178484910	22	23	0.9565217391304348	29	29	1.0
chr2	178485284	15	16	0.9375	31	32	0.96875
chr2	178485336	13	15	0.8666666666666667	27	29	0.9310344827586207
chr2	178485417	11	12	0.9166666666666666	20	21	0.9523809523809523
chr2	178485522	21	22	0.9545454545454546	22	23	0.9565217391304348
chr2	178485651	16	18	0.8888888888888888	26	31	0.8387096774193549
chr2	178485825	22	25	0.88	31	33	0.9393939393939394
chr2	178485850	17	20	0.85	29	32	0.90625
chr2	178486281	16	18	0.8888888888888888	20	24	0.8333333333333334
chr2	178486347	23	23	1.0	30	30	1.0
chr2	178486447	12	20	0.6	15	28	0.5357142857142857
chr2	178486507	22	22	1.0	28	28	1.0
chr2	178486556	14	15	0.9333333333333333	24	26	0.9230769230769231
chr2	178486794	11	15	0.7333333333333333	28	29	0.9655172413793104
chr2	178486963	20	21	0.9523809523809523	32	33	0.9696969696969697
chr2	178487258	20	22	0.9090909090909091	24	25	0.96
chr2	178487637	15	17	0.8823529411764706	26	27	0.9629629629629629
chr2	178487689	10	15	0.6666666666666666	20	27	0.7407407407407407
chr2	178487808	20	20	1.0	28	28	1.0
chr2	178487878	13	13	1.0	20	21	0.9523809523809523
chr2	178487994	19	19	1.0	28	28	1.0
chr2	178488052	23	23	1.0	23	26	0.8846153846153846
chr2	178488070	14	17	0.8235294117647058	22	25	0.88
chr2	178489555	10	15	0.6666666666666666	13	19	0.6842105263157895
chr2	178489577	21	21	1.0	29	30	0.9666666666666667
chr2	178489642	16	20	0.8	29	31	0.9354838709677419
chr2	178489769	13	13	1.0	24	25	0.96
chr2	178490441	19	20	0.95	28	29	0.9655172413793104
chr2	178490463	7	8	0.875	20	22	0.9090909090909091
chr2	178490758	19	19	1.0	25	26	0.9615384615384616
chr2	178490935	20	21	0.9523809523809523	30	31	0.967741935483871
chr2	178491070	25	26	0.9615384615384616	28	32	0.875
chr2	178491072	25	26	0.9615384615384616	28	32	0.875
chr2	178491078	24	25	0.96	28	31	0.9032258064516129
chr2	178491112	17	17	1.0	22	25	0.88
chr2	178491134	14	14	1.0	27	31	0.8709677419354839
chr2	178491198	18	19	0.9473684210526315	28	29	0.9655172413793104
chr2	178491229	25	25	1.0	32	32	1.0
chr2	178491237	24	24	1.0	31	31	1.0
chr2	178491252	23	25	0.92	32	34	0.9411764705882353
chr2	178491256	23	24	0.9583333333333334	32	34	0.9411764705882353
chr2	178491261	23	25	0.92	32	34	0.9411764705882353
chr2	178491301	26	26	1.0	36	37	0.972972972972973
chr2	178491316	17	18	0.9444444444444444	27	30	0.9
chr2	178491567	23	25	0.92	33	33	1.0
chr2	178491849	17	18	0.9444444444444444	25	25	1.0
chr2	178491868	16	16	1.0	29	31	0.9354838709677419
chr2	178491878	15	16	0.9375	28	29	0.9655172413793104
chr2	178491908	17	19	0.8947368421052632	29	30	0.9666666666666667
chr2	178491923	17	18	0.9444444444444444	28	28	1.0
chr2	178491980	18	18	1.0	26	26	1.0
chr2	178492066	16	16	1.0	29	29	1.0
chr2	178492544	16	18	0.8888888888888888	25	26	0.9615384615384616
chr2	178492810	21	21	1.0	28	29	0.9655172413793104
chr2	178492848	17	18	0.9444444444444444	30	30	1.0
chr2	178493001	18	19	0.9473684210526315	34	34	1.0
chr2	178493873	18	18	1.0	26	27	0.9629629629629629
chr2	178493899	18	18	1.0	36	36	1.0
chr2	178493995	16	17	0.9411764705882353	31	31	1.0
chr2	178494012	19	19	1.0	28	29	0.9655172413793104
chr2	178494149	19	20	0.95	29	30	0.9666666666666667
chr2	178494286	14	15	0.9333333333333333	28	29	0.9655172413793104
chr2	178494440	11	14	0.7857142857142857	17	23	0.7391304347826086
chr2	178494863	12	12	1.0	19	21	0.9047619047619048
chr2	178494927	13	16	0.8125	28	28	1.0
chr2	178495034	19	19	1.0	27	28	0.9642857142857143
chr2	178495529	9	12	0.75	18	23	0.782608695652174
chr2	178495550	16	18	0.8888888888888888	28	28	1.0
chr2	178495616	13	18	0.7222222222222222	15	18	0.8333333333333334
chr2	178495715	12	20	0.6	19	24	0.7916666666666666
chr2	178495765	13	13	1.0	20	26	0.7692307692307693
chr2	178495814	20	22	0.9090909090909091	24	27	0.8888888888888888
chr2	178496036	16	23	0.6956521739130435	19	25	0.76
chr2	178496078	20	20	1.0	28	29	0.9655172413793104
chr2	178496087	22	22	1.0	28	29	0.9655172413793104
chr2	178496188	9	18	0.5	21	29	0.7241379310344828
chr2	178496281	11	12	0.9166666666666666	19	26	0.7307692307692307
chr2	178496606	17	17	1.0	26	27	0.9629629629629629
chr2	178496850	15	17	0.8823529411764706	27	29	0.9310344827586207
chr2	178497084	12	17	0.7058823529411765	23	27	0.8518518518518519
chr2	178497179	13	13	1.0	17	20	0.85
chr2	178497268	15	18	0.8333333333333334	21	27	0.7777777777777778
chr2	178497290	23	24	0.9583333333333334	33	36	0.9166666666666666
chr2	178497315	22	25	0.88	35	35	1.0
chr2	178497374	24	24	1.0	37	38	0.9736842105263158
chr2	178497419	16	17	0.9411764705882353	29	29	1.0
chr2	178497450	20	22	0.9090909090909091	21	23	0.9130434782608695
chr2	178497464	24	24	1.0	29	31	0.9354838709677419
chr2	178497475	22	22	1.0	31	32	0.96875
chr2	178497508	21	22	0.9545454545454546	26	26	1.0
chr2	178497520	25	25	1.0	32	33	0.9696969696969697
chr2	178497858	20	20	1.0	29	30	0.9666666666666667
chr2	178499216	19	20	0.95	31	32	0.96875
chr2	178499483	16	18	0.8888888888888888	23	26	0.8846153846153846
chr2	178499779	16	17	0.9411764705882353	30	31	0.967741935483871
chr2	178499816	9	11	0.8181818181818182	27	27	1.0
chr2	178499854	10	13	0.7692307692307693	20	22	0.9090909090909091
chr2	178500050	19	20	0.95	26	29	0.896551724137931
chr2	178500774	15	15	1.0	20	22	0.9090909090909091
chr2	178500938	13	13	1.0	21	22	0.9545454545454546
chr2	178500943	17	17	1.0	26	26	1.0
chr2	178501100	19	20	0.95	23	25	0.92
chr2	178501112	19	19	1.0	29	29	1.0
chr2	178501115	19	19	1.0	26	26	1.0
chr2	178501118	19	19	1.0	28	28	1.0
chr2	178501317	22	22	1.0	24	25	0.96
chr2	178501401	14	17	0.8235294117647058	23	23	1.0
chr2	178501915	16	17	0.9411764705882353	28	28	1.0
chr2	178502364	9	11	0.8181818181818182	21	23	0.9130434782608695
chr2	178502586	16	16	1.0	25	25	1.0
chr2	178502806	17	17	1.0	27	28	0.9642857142857143
chr2	178502810	16	16	1.0	28	28	1.0
chr2	178502824	18	19	0.9473684210526315	28	28	1.0
chr2	178502826	18	19	0.9473684210526315	27	30	0.9
chr2	178503312	16	16	1.0	27	28	0.9642857142857143
chr2	178503736	12	14	0.8571428571428571	21	23	0.9130434782608695
chr2	178504330	19	20	0.95	30	30	1.0
chr2	178504599	20	20	1.0	28	29	0.9655172413793104
chr2	178504611	18	19	0.9473684210526315	26	27	0.9629629629629629
chr2	178505037	17	19	0.8947368421052632	28	28	1.0
chr2	178505528	18	19	0.9473684210526315	26	26	1.0
chr2	178505688	14	15	0.9333333333333333	23	25	0.92
chr2	178505759	9	15	0.6	20	24	0.8333333333333334
chr2	178505856	14	17	0.8235294117647058	21	23	0.9130434782608695
chr2	178506346	14	16	0.875	17	21	0.8095238095238095
chr2	178506614	19	19	1.0	28	28	1.0
chr2	178506842	16	18	0.8888888888888888	26	26	1.0
chr2	178507184	14	15	0.9333333333333333	25	25	1.0
chr2	178507493	14	16	0.875	23	29	0.7931034482758621
chr2	178507887	14	14	1.0	25	28	0.8928571428571429
chr2	178508179	15	16	0.9375	31	31	1.0
chr2	178508775	1	2	0.5	11	15	0.7333333333333333
chr2	178508854	9	12	0.75	20	23	0.8695652173913043
chr2	178509130	7	17	0.4117647058823529	10	25	0.4
chr2	178509410	16	16	1.0	25	27	0.9259259259259259
chr2	178509561	16	17	0.9411764705882353	22	22	1.0
chr2	178509601	13	13	1.0	27	28	0.9642857142857143
chr2	178509746	12	13	0.9230769230769231	14	18	0.7777777777777778
chr2	178509908	13	17	0.7647058823529411	17	28	0.6071428571428571
chr2	178509917	12	15	0.8	17	26	0.6538461538461539
chr2	178509930	18	19	0.9473684210526315	21	23	0.9130434782608695
chr2	178509932	16	17	0.9411764705882353	19	21	0.9047619047619048
chr2	178510022	12	14	0.8571428571428571	25	26	0.9615384615384616
chr2	178510141	16	18	0.8888888888888888	27	28	0.9642857142857143
chr2	178510163	17	17	1.0	27	29	0.9310344827586207
chr2	178510173	16	16	1.0	25	27	0.9259259259259259
chr2	178510411	18	19	0.9473684210526315	29	29	1.0
chr2	178510553	14	16	0.875	25	26	0.9615384615384616
chr2	178510556	13	15	0.8666666666666667	23	24	0.9583333333333334
chr2	178510575	14	14	1.0	19	22	0.8636363636363636
chr2	178510628	20	23	0.8695652173913043	28	29	0.9655172413793104
chr2	178510654	12	13	0.9230769230769231	21	21	1.0
chr2	178511122	15	17	0.8823529411764706	27	28	0.9642857142857143
chr2	178511134	21	21	1.0	31	31	1.0
chr2	178511142	19	19	1.0	30	30	1.0
chr2	178511209	14	15	0.9333333333333333	29	29	1.0
chr2	178511435	11	14	0.7857142857142857	17	21	0.8095238095238095
chr2	178511464	9	10	0.9	19	20	0.95
chr2	178511482	16	16	1.0	21	23	0.9130434782608695
chr2	178511519	11	15	0.7333333333333333	18	23	0.782608695652174
chr2	178511612	18	18	1.0	23	23	1.0
chr2	178511649	21	21	1.0	24	26	0.9230769230769231
chr2	178511659	21	21	1.0	23	25	0.92
chr2	178511665	21	21	1.0	24	26	0.9230769230769231
chr2	178511688	18	21	0.8571428571428571	24	24	1.0
chr2	178511759	12	15	0.8	22	23	0.9565217391304348
chr2	178511796	18	19	0.9473684210526315	24	25	0.96
chr2	178511806	18	19	0.9473684210526315	23	24	0.9583333333333334
chr2	178511835	17	18	0.9444444444444444	23	24	0.9583333333333334
chr2	178512030	11	12	0.9166666666666666	23	24	0.9583333333333334
chr2	178512663	9	9	1.0	23	24	0.9583333333333334
chr2	178512738	17	17	1.0	22	22	1.0
chr2	178513067	14	14	1.0	22	25	0.88
chr2	178513089	19	19	1.0	28	28	1.0
chr2	178513091	19	19	1.0	28	28	1.0
chr2	178513097	19	19	1.0	29	29	1.0
chr2	178513131	16	17	0.9411764705882353	23	25	0.92
chr2	178513173	12	12	1.0	24	26	0.9230769230769231
chr2	178513217	13	16	0.8125	26	26	1.0
chr2	178513228	15	17	0.8823529411764706	20	21	0.9523809523809523
chr2	178513248	14	15	0.9333333333333333	26	26	1.0
chr2	178513493	15	16	0.9375	27	27	1.0
chr2	178513556	15	17	0.8823529411764706	24	25	0.96
chr2	178513951	15	15	1.0	25	25	1.0
chr2	178514008	7	7	1.0	13	15	0.8666666666666667
chr2	178514146	14	18	0.7777777777777778	16	24	0.6666666666666666
chr2	178514273	11	13	0.8461538461538461	17	20	0.85
chr2	178514359	20	20	1.0	24	25	0.96
chr2	178514960	11	15	0.7333333333333333	20	28	0.7142857142857143
chr2	178515002	14	15	0.9333333333333333	21	23	0.9130434782608695
chr2	178515158	16	16	1.0	22	23	0.9565217391304348
chr2	178515228	9	13	0.6923076923076923	17	22	0.7727272727272727
chr2	178515557	18	19	0.9473684210526315	24	24	1.0
chr2	178515949	19	20	0.95	24	27	0.8888888888888888
chr2	178516412	22	22	1.0	24	24	1.0
chr2	178516545	20	20	1.0	23	23	1.0
chr2	178516568	15	19	0.7894736842105263	15	21	0.7142857142857143
chr2	178516672	19	20	0.95	23	25	0.92
chr2	178516809	21	24	0.875	22	22	1.0
chr2	178516904	23	23	1.0	20	22	0.9090909090909091
chr2	178516910	24	24	1.0	21	23	0.9130434782608695
chr2	178516942	15	16	0.9375	21	23	0.9130434782608695
chr2	178516974	18	20	0.9	18	22	0.8181818181818182
chr2	178517019	13	16	0.8125	16	19	0.8421052631578947
chr2	178517070	19	21	0.9047619047619048	20	23	0.8695652173913043
chr2	178517075	19	21	0.9047619047619048	22	23	0.9565217391304348
chr2	178517117	21	21	1.0	21	21	1.0
chr2	178517356	19	20	0.95	20	20	1.0
chr2	178517401	15	18	0.8333333333333334	17	17	1.0
chr2	178517475	13	22	0.5909090909090909	14	21	0.6666666666666666
chr2	178517493	22	23	0.9565217391304348	13	16	0.8125
chr2	178517713	17	20	0.85	22	24	0.9166666666666666
chr2	178518050	18	21	0.8571428571428571	27	28	0.9642857142857143
chr2	178518159	20	21	0.9523809523809523	25	25	1.0
chr2	178518232	28	28	1.0	29	30	0.9666666666666667
chr2	178518239	28	28	1.0	31	32	0.96875
chr2	178518814	14	14	1.0	19	21	0.9047619047619048
chr2	178518838	20	21	0.9523809523809523	27	28	0.9642857142857143
chr2	178518963	13	13	1.0	20	21	0.9523809523809523
chr2	178518990	19	19	1.0	27	28	0.9642857142857143
chr2	178519019	21	21	1.0	28	28	1.0
chr2	178519136	23	23	1.0	27	28	0.9642857142857143
chr2	178519318	6	11	0.5454545454545454	15	18	0.8333333333333334
chr2	178519364	18	20	0.9	20	22	0.9090909090909091
chr2	178519516	11	12	0.9166666666666666	16	17	0.9411764705882353
chr2	178519650	12	12	1.0	21	24	0.875
chr2	178519667	12	16	0.75	26	28	0.9285714285714286
chr2	178519679	14	14	1.0	27	27	1.0
chr2	178519889	16	18	0.8888888888888888	19	22	0.8636363636363636
chr2	178519987	20	21	0.9523809523809523	29	29	1.0
chr2	178520919	9	17	0.5294117647058824	10	20	0.5
chr2	178520970	15	17	0.8823529411764706	20	28	0.7142857142857143
chr2	178521069	16	16	1.0	20	21	0.9523809523809523
chr2	178521192	20	20	1.0	28	28	1.0
chr2	178521271	14	14	1.0	22	26	0.8461538461538461
chr2	178521398	11	13	0.8461538461538461	20	23	0.8695652173913043
chr2	178521525	17	17	1.0	23	24	0.9583333333333334
chr2	178521557	14	17	0.8235294117647058	23	27	0.8518518518518519
chr2	178521797	22	23	0.9565217391304348	23	26	0.8846153846153846
chr2	178521815	21	21	1.0	23	28	0.8214285714285714
chr2	178521887	14	17	0.8235294117647058	20	26	0.7692307692307693
chr2	178521915	20	24	0.8333333333333334	22	28	0.7857142857142857
chr2	178521945	13	22	0.5909090909090909	13	23	0.5652173913043478
chr2	178522004	15	22	0.6818181818181818	13	24	0.5416666666666666
chr2	178522055	16	18	0.8888888888888888	20	27	0.7407407407407407
chr2	178522112	19	20	0.95	21	24	0.875
chr2	178522157	16	21	0.7619047619047619	13	18	0.7222222222222222
chr2	178522171	22	25	0.88	25	28	0.8928571428571429
chr2	178522195	22	24	0.9166666666666666	28	28	1.0
chr2	178522207	21	21	1.0	21	22	0.9545454545454546
chr2	178522235	20	21	0.9523809523809523	24	24	1.0
chr2	178522251	21	21	1.0	27	28	0.9642857142857143
chr2	178522327	22	23	0.9565217391304348	27	28	0.9642857142857143
chr2	178522339	25	25	1.0	32	32	1.0
chr2	178522383	25	26	0.9615384615384616	28	30	0.9333333333333333
chr2	178522391	25	26	0.9615384615384616	28	30	0.9333333333333333
chr2	178522398	25	26	0.9615384615384616	28	30	0.9333333333333333
chr2	178522415	25	28	0.8928571428571429	24	26	0.9230769230769231
chr2	178522423	25	28	0.8928571428571429	24	26	0.9230769230769231
chr2	178522448	12	19	0.631578947368421	8	17	0.47058823529411764
chr2	178522460	18	21	0.8571428571428571	18	24	0.75
chr2	178522589	16	24	0.6666666666666666	16	21	0.7619047619047619
chr2	178522728	23	24	0.9583333333333334	29	30	0.9666666666666667
chr2	178522765	16	23	0.6956521739130435	13	24	0.5416666666666666
chr2	178522813	11	21	0.5238095238095238	9	22	0.4090909090909091
chr2	178522893	7	19	0.3684210526315789	10	25	0.4
chr2	178522940	7	10	0.7	5	19	0.2631578947368421
chr2	178522981	1	18	0.05555555555555555	2	25	0.08
chr2	178523040	7	25	0.28	3	30	0.1
chr2	178523062	6	27	0.2222222222222222	3	30	0.1
chr2	178523067	4	25	0.16	3	30	0.1
chr2	178523085	5	25	0.2	3	26	0.11538461538461539
chr2	178523114	3	20	0.15	3	21	0.14285714285714285
chr2	178523125	3	25	0.12	2	30	0.06666666666666667
chr2	178523134	3	26	0.11538461538461539	1	30	0.03333333333333333
chr2	178523162	3	24	0.125	1	32	0.03125
chr2	178523167	3	23	0.13043478260869565	1	28	0.03571428571428571
chr2	178523187	3	15	0.2	0	17	0.0
chr2	178523203	3	21	0.14285714285714285	4	18	0.2222222222222222
chr2	178523205	3	21	0.14285714285714285	3	18	0.16666666666666666
chr2	178523219	4	24	0.16666666666666666	2	25	0.08
chr2	178523282	4	19	0.21052631578947367	2	22	0.09090909090909091
chr2	178523295	6	29	0.20689655172413793	2	32	0.0625
chr2	178523323	0	16	0.0	2	26	0.07692307692307693
chr2	178523336	3	25	0.12	2	23	0.08695652173913043
chr2	178523365	3	16	0.1875	2	22	0.09090909090909091
chr2	178523402	5	21	0.23809523809523808	2	25	0.08
chr2	178523469	4	22	0.18181818181818182	6	28	0.21428571428571427
chr2	178523497	6	25	0.24	3	24	0.125
chr2	178523511	5	23	0.21739130434782608	1	28	0.03571428571428571
chr2	178523530	4	22	0.18181818181818182	5	28	0.17857142857142858
chr2	178523550	2	12	0.16666666666666666	3	18	0.16666666666666666
chr2	178523722	5	27	0.18518518518518517	3	32	0.09375
chr2	178523730	5	27	0.18518518518518517	3	32	0.09375
chr2	178523751	8	26	0.3076923076923077	3	25	0.12
chr2	178523761	7	23	0.30434782608695654	2	26	0.07692307692307693
chr2	178523928	4	24	0.16666666666666666	3	31	0.0967741935483871
chr2	178523979	4	24	0.16666666666666666	3	23	0.13043478260869565
chr2	178524078	12	20	0.6	9	19	0.47368421052631576
chr2	178524115	6	12	0.5	13	16	0.8125
chr2	178524546	12	17	0.7058823529411765	11	19	0.5789473684210527
chr2	178524581	8	18	0.4444444444444444	6	22	0.2727272727272727
chr2	178524683	9	13	0.6923076923076923	12	20	0.6
chr2	178524807	19	22	0.8636363636363636	15	20	0.75
chr2	178524972	15	23	0.6521739130434783	11	23	0.4782608695652174
chr2	178525013	18	26	0.6923076923076923	12	20	0.6
chr2	178525112	14	24	0.5833333333333334	17	28	0.6071428571428571
chr2	178525135	22	25	0.88	12	19	0.631578947368421
chr2	178525148	18	21	0.8571428571428571	21	25	0.84
chr2	178525328	12	25	0.48	15	29	0.5172413793103449
chr2	178525728	19	26	0.7307692307692307	9	23	0.391304347826087
chr2	178525919	21	29	0.7241379310344828	15	28	0.5357142857142857
chr2	178525934	8	21	0.38095238095238093	11	24	0.4583333333333333
chr2	178526377	23	23	1.0	19	22	0.8636363636363636
chr2	178526388	22	27	0.8148148148148148	24	27	0.8888888888888888
chr2	178526404	13	19	0.6842105263157895	17	22	0.7727272727272727
chr2	178526472	20	28	0.7142857142857143	15	25	0.6
chr2	178526694	19	23	0.8260869565217391	23	25	0.92
chr2	178526784	28	28	1.0	27	27	1.0
chr2	178526792	29	29	1.0	27	27	1.0
chr2	178526952	23	24	0.9583333333333334	25	30	0.8333333333333334
chr2	178526961	31	32	0.96875	24	29	0.8275862068965517
chr2	178526967	22	23	0.9565217391304348	24	28	0.8571428571428571
chr2	178527021	27	28	0.9642857142857143	20	24	0.8333333333333334
chr2	178527106	26	31	0.8387096774193549	13	27	0.48148148148148145
chr2	178527224	23	24	0.9583333333333334	13	18	0.7222222222222222
chr2	178527299	18	18	1.0	23	23	1.0
chr2	178527674	10	19	0.5263157894736842	15	28	0.5357142857142857
chr2	178527810	19	21	0.9047619047619048	18	21	0.8571428571428571
chr2	178528056	9	20	0.45	10	23	0.43478260869565216
chr2	178528223	12	18	0.6666666666666666	9	23	0.391304347826087
chr2	178528272	13	22	0.5909090909090909	11	27	0.4074074074074074
chr2	178528311	9	15	0.6	9	22	0.4090909090909091
chr2	178528348	21	22	0.9545454545454546	23	25	0.92
chr2	178528365	14	14	1.0	20	21	0.9523809523809523
chr2	178528395	21	21	1.0	28	30	0.9333333333333333
chr2	178528550	15	17	0.8823529411764706	19	24	0.7916666666666666
chr2	178528568	16	18	0.8888888888888888	27	29	0.9310344827586207
chr2	178528694	18	23	0.782608695652174	20	25	0.8
chr2	178528775	21	26	0.8076923076923077	20	22	0.9090909090909091
chr2	178528795	21	26	0.8076923076923077	19	24	0.7916666666666666
chr2	178528823	16	20	0.8	19	26	0.7307692307692307
chr2	178528892	16	25	0.64	12	24	0.5
chr2	178529290	4	17	0.23529411764705882	10	28	0.35714285714285715
chr2	178529483	10	17	0.5882352941176471	12	20	0.6
chr2	178530271	4	9	0.4444444444444444	7	15	0.4666666666666667
chr2	178530513	7	22	0.3181818181818182	13	32	0.40625
chr2	178530824	6	22	0.2727272727272727	8	30	0.26666666666666666
chr2	178530831	6	21	0.2857142857142857	8	30	0.26666666666666666
chr2	178530859	1	12	0.08333333333333333	5	30	0.16666666666666666
chr2	178530895	4	16	0.25	5	18	0.2777777777777778
chr2	178531013	8	14	0.5714285714285714	8	24	0.3333333333333333
chr2	178531031	6	13	0.46153846153846156	7	18	0.3888888888888889
chr2	178531093	7	14	0.5	9	27	0.3333333333333333
chr2	178531123	10	19	0.5263157894736842	10	22	0.45454545454545453
chr2	178531146	3	16	0.1875	8	27	0.2962962962962963
chr2	178531157	10	20	0.5	9	27	0.3333333333333333
chr2	178531184	11	17	0.6470588235294118	14	32	0.4375
chr2	178531190	12	21	0.5714285714285714	13	34	0.38235294117647056
chr2	178531196	11	20	0.55	13	34	0.38235294117647056
chr2	178531207	8	12	0.6666666666666666	11	24	0.4583333333333333
chr2	178531239	12	20	0.6	11	28	0.39285714285714285
chr2	178531353	8	17	0.47058823529411764	9	25	0.36
chr2	178531386	7	17	0.4117647058823529	11	30	0.36666666666666664
chr2	178531431	12	23	0.5217391304347826	11	31	0.3548387096774194
chr2	178531486	14	18	0.7777777777777778	16	29	0.5517241379310345
chr2	178531523	19	21	0.9047619047619048	29	32	0.90625
chr2	178531530	18	20	0.9	29	33	0.8787878787878788
chr2	178531550	16	21	0.7619047619047619	25	31	0.8064516129032258
chr2	178531576	7	11	0.6363636363636364	22	26	0.8461538461538461
chr2	178531635	14	18	0.7777777777777778	18	26	0.6923076923076923
chr2	178531700	16	19	0.8421052631578947	22	29	0.7586206896551724
chr2	178531735	17	17	1.0	26	30	0.8666666666666667
chr2	178531764	21	22	0.9545454545454546	29	31	0.9354838709677419
chr2	178531768	22	24	0.9166666666666666	30	32	0.9375
chr2	178531786	12	17	0.7058823529411765	16	24	0.6666666666666666
chr2	178531923	23	23	1.0	22	23	0.9565217391304348
chr2	178531960	19	19	1.0	26	26	1.0
chr2	178531966	22	22	1.0	30	30	1.0
chr2	178532009	16	19	0.8421052631578947	26	32	0.8125
chr2	178532022	20	20	1.0	30	30	1.0
chr2	178532032	19	20	0.95	31	31	1.0
chr2	178532038	10	11	0.9090909090909091	20	20	1.0
chr2	178532092	17	19	0.8947368421052632	28	30	0.9333333333333333
chr2	178532095	20	20	1.0	30	32	0.9375
chr2	178532098	18	20	0.9	29	32	0.90625
chr2	178532115	15	20	0.75	18	26	0.6923076923076923
chr2	178532156	12	18	0.6666666666666666	17	28	0.6071428571428571
chr2	178532200	12	19	0.631578947368421	15	32	0.46875
chr2	178532249	15	16	0.9375	26	28	0.9285714285714286
chr2	178532280	21	22	0.9545454545454546	34	34	1.0
chr2	178532290	20	21	0.9523809523809523	30	30	1.0
chr2	178532332	20	21	0.9523809523809523	29	33	0.8787878787878788
chr2	178532352	19	22	0.8636363636363636	28	30	0.9333333333333333
chr2	178532368	12	16	0.75	20	24	0.8333333333333334
chr2	178532409	18	21	0.8571428571428571	27	30	0.9
chr2	178532488	20	22	0.9090909090909091	28	32	0.875
chr2	178532521	16	16	1.0	27	27	1.0
chr2	178532569	15	19	0.7894736842105263	21	24	0.875
chr2	178532656	17	20	0.85	25	31	0.8064516129032258
chr2	178532668	17	18	0.9444444444444444	28	29	0.9655172413793104
chr2	178532701	22	22	1.0	30	31	0.967741935483871
chr2	178532704	19	19	1.0	27	28	0.9642857142857143
chr2	178532707	21	21	1.0	30	31	0.967741935483871
chr2	178532755	19	20	0.95	30	32	0.9375
chr2	178532785	14	16	0.875	25	26	0.9615384615384616
chr2	178532827	22	22	1.0	32	32	1.0
chr2	178532833	22	22	1.0	34	34	1.0
chr2	178532842	20	20	1.0	33	33	1.0
chr2	178532890	18	21	0.8571428571428571	27	31	0.8709677419354839
chr2	178532927	11	13	0.8461538461538461	26	29	0.896551724137931
chr2	178532941	19	20	0.95	29	29	1.0
chr2	178532977	10	14	0.7142857142857143	16	20	0.8
chr2	178533004	6	9	0.6666666666666666	25	27	0.9259259259259259
chr2	178533078	13	15	0.8666666666666667	19	25	0.76
chr2	178533197	19	20	0.95	29	33	0.8787878787878788
chr2	178533202	18	19	0.9473684210526315	27	32	0.84375
chr2	178533250	17	17	1.0	26	33	0.7878787878787878
chr2	178533321	13	15	0.8666666666666667	25	28	0.8928571428571429
chr2	178533398	13	16	0.8125	19	22	0.8636363636363636
chr2	178533629	18	20	0.9	31	33	0.9393939393939394
chr2	178533787	14	17	0.8235294117647058	21	23	0.9130434782608695
chr2	178533877	17	17	1.0	31	33	0.9393939393939394
chr2	178533901	20	21	0.9523809523809523	27	28	0.9642857142857143
chr2	178534052	13	19	0.6842105263157895	17	32	0.53125
chr2	178534064	17	20	0.85	30	31	0.967741935483871
chr2	178534090	16	17	0.9411764705882353	23	25	0.92
chr2	178534094	15	16	0.9375	22	25	0.88
chr2	178534261	10	20	0.5	12	30	0.4
chr2	178534285	1	9	0.1111111111111111	5	18	0.2777777777777778
chr2	178534339	12	20	0.6	13	32	0.40625
chr2	178534342	9	17	0.5294117647058824	12	31	0.3870967741935484
chr2	178534419	7	16	0.4375	5	17	0.29411764705882354
chr2	178534432	8	19	0.42105263157894735	12	32	0.375
chr2	178534459	7	11	0.6363636363636364	12	18	0.6666666666666666
chr2	178534511	10	14	0.7142857142857143	24	30	0.8
chr2	178534723	11	12	0.9166666666666666	16	20	0.8
chr2	178534906	18	18	1.0	26	28	0.9285714285714286
chr2	178535110	9	17	0.5294117647058824	9	27	0.3333333333333333
chr2	178535134	11	18	0.6111111111111112	10	26	0.38461538461538464
chr2	178535332	14	15	0.9333333333333333	24	25	0.96
chr2	178535369	18	19	0.9473684210526315	27	29	0.9310344827586207
chr2	178535377	20	21	0.9523809523809523	27	29	0.9310344827586207
chr2	178535386	17	18	0.9444444444444444	21	22	0.9545454545454546
chr2	178535401	5	9	0.5555555555555556	23	24	0.9583333333333334
chr2	178535506	11	12	0.9166666666666666	21	21	1.0
chr2	178535788	8	9	0.8888888888888888	23	23	1.0
chr2	178536167	15	15	1.0	17	20	0.85
chr2	178536349	18	19	0.9473684210526315	20	25	0.8
chr2	178536356	20	21	0.9523809523809523	25	30	0.8333333333333334
chr2	178536403	17	18	0.9444444444444444	23	25	0.92
chr2	178536451	21	21	1.0	31	31	1.0
chr2	178536991	19	19	1.0	30	30	1.0
chr2	178537014	8	10	0.8	16	18	0.8888888888888888
chr2	178537153	18	19	0.9473684210526315	27	28	0.9642857142857143
chr2	178537162	17	17	1.0	25	26	0.9615384615384616
chr2	178537186	16	17	0.9411764705882353	22	22	1.0
chr2	178537207	19	19	1.0	27	28	0.9642857142857143
chr2	178537424	19	19	1.0	26	28	0.9285714285714286
chr2	178537538	15	15	1.0	20	21	0.9523809523809523
chr2	178537562	10	12	0.8333333333333334	22	23	0.9565217391304348
chr2	178537624	5	8	0.625	11	19	0.5789473684210527
chr2	178537745	14	17	0.8235294117647058	22	28	0.7857142857142857
chr2	178537772	9	11	0.8181818181818182	25	27	0.9259259259259259
chr2	178537895	15	18	0.8333333333333334	23	27	0.8518518518518519
chr2	178538108	9	11	0.8181818181818182	23	25	0.92
chr2	178538574	13	15	0.8666666666666667	21	23	0.9130434782608695
chr2	178538673	9	13	0.6923076923076923	22	26	0.8461538461538461
chr2	178539014	18	18	1.0	27	27	1.0
chr2	178539022	18	18	1.0	27	28	0.9642857142857143
chr2	178539041	9	11	0.8181818181818182	17	18	0.9444444444444444
chr2	178539127	18	18	1.0	26	26	1.0
chr2	178539131	17	17	1.0	26	26	1.0
chr2	178539175	7	9	0.7777777777777778	17	18	0.9444444444444444
chr2	178539212	11	11	1.0	27	28	0.9642857142857143
chr2	178539458	11	11	1.0	21	23	0.9130434782608695
chr2	178539512	11	11	1.0	17	18	0.9444444444444444
chr2	178539540	16	16	1.0	26	27	0.9629629629629629
chr2	178539557	15	16	0.9375	27	28	0.9642857142857143
chr2	178539564	15	16	0.9375	25	27	0.9259259259259259
chr2	178539632	13	14	0.9285714285714286	20	24	0.8333333333333334
chr2	178539821	9	12	0.75	19	24	0.7916666666666666
chr2	178539903	12	13	0.9230769230769231	24	25	0.96
chr2	178540142	18	18	1.0	25	26	0.9615384615384616
chr2	178540144	14	14	1.0	25	25	1.0
chr2	178540192	15	16	0.9375	24	24	1.0
chr2	178540460	7	12	0.5833333333333334	15	19	0.7894736842105263
chr2	178540621	15	15	1.0	23	23	1.0
chr2	178540623	15	15	1.0	27	27	1.0
chr2	178540655	11	12	0.9166666666666666	24	24	1.0
chr2	178541072	10	10	1.0	19	19	1.0
chr2	178541109	9	10	0.9	15	21	0.7142857142857143
chr2	178541128	10	11	0.9090909090909091	20	22	0.9090909090909091
chr2	178541299	12	13	0.9230769230769231	21	23	0.9130434782608695
chr2	178541316	10	12	0.8333333333333334	20	21	0.9523809523809523
chr2	178541358	7	8	0.875	16	18	0.8888888888888888
chr2	178541397	15	15	1.0	23	24	0.9583333333333334
chr2	178541403	15	15	1.0	24	25	0.96
chr2	178541433	13	14	0.9285714285714286	18	19	0.9473684210526315
chr2	178541442	13	14	0.9285714285714286	21	23	0.9130434782608695
chr2	178541463	14	15	0.9333333333333333	26	26	1.0
chr2	178541497	8	10	0.8	14	15	0.9333333333333333
chr2	178541538	5	7	0.7142857142857143	12	15	0.8
chr2	178541607	8	12	0.6666666666666666	14	18	0.7777777777777778
chr2	178541626	12	14	0.8571428571428571	18	19	0.9473684210526315
chr2	178542262	13	13	1.0	23	23	1.0
chr2	178542274	12	12	1.0	24	24	1.0
chr2	178542314	15	16	0.9375	24	26	0.9230769230769231
chr2	178542319	15	16	0.9375	25	27	0.9259259259259259
chr2	178542337	8	10	0.8	16	21	0.7619047619047619
chr2	178542359	13	13	1.0	19	20	0.95
chr2	178542381	12	13	0.9230769230769231	15	21	0.7142857142857143
chr2	178542407	10	11	0.9090909090909091	11	15	0.7333333333333333
chr2	178542424	17	17	1.0	24	24	1.0
chr2	178542431	17	17	1.0	26	26	1.0
chr2	178542436	17	17	1.0	24	24	1.0
chr2	178542473	11	12	0.9166666666666666	15	19	0.7894736842105263
chr2	178542697	8	9	0.8888888888888888	11	12	0.9166666666666666
chr2	178542753	5	6	0.8333333333333334	9	10	0.9
chr2	178542798	13	15	0.8666666666666667	21	25	0.84
chr2	178542855	11	11	1.0	17	19	0.8947368421052632
chr2	178542934	13	13	1.0	16	16	1.0
chr2	178543006	8	8	1.0	19	20	0.95
chr2	178543089	10	11	0.9090909090909091	20	22	0.9090909090909091
chr2	178543254	10	10	1.0	18	19	0.9473684210526315
chr2	178543274	9	10	0.9	20	20	1.0
chr2	178543287	12	13	0.9230769230769231	20	22	0.9090909090909091
chr2	178543335	10	10	1.0	21	22	0.9545454545454546
chr2	178543538	12	12	1.0	23	24	0.9583333333333334
chr2	178543548	12	13	0.9230769230769231	22	23	0.9565217391304348
chr2	178543582	6	10	0.6	16	18	0.8888888888888888
chr2	178543908	14	14	1.0	21	22	0.9545454545454546
chr2	178543913	15	15	1.0	21	22	0.9545454545454546
chr2	178543970	6	8	0.75	19	20	0.95
chr2	178544002	13	13	1.0	20	20	1.0
chr2	178544045	15	15	1.0	23	23	1.0
chr2	178544212	5	6	0.8333333333333334	11	12	0.9166666666666666
chr2	178544236	13	13	1.0	23	23	1.0
chr2	178544245	14	14	1.0	23	23	1.0
chr2	178544260	15	15	1.0	25	25	1.0
chr2	178544266	14	14	1.0	23	23	1.0
chr2	178544355	13	13	1.0	16	18	0.8888888888888888
chr2	178544422	13	13	1.0	24	25	0.96
chr2	178545423	9	12	0.75	16	21	0.7619047619047619
chr2	178545456	13	13	1.0	21	22	0.9545454545454546
chr2	178545464	11	11	1.0	21	22	0.9545454545454546
chr2	178545542	12	13	0.9230769230769231	24	24	1.0
chr2	178545551	13	14	0.9285714285714286	24	24	1.0
chr2	178545569	9	10	0.9	19	21	0.9047619047619048
chr2	178545675	9	10	0.9	13	15	0.8666666666666667
chr2	178545893	10	10	1.0	17	18	0.9444444444444444
chr2	178545930	10	12	0.8333333333333334	19	20	0.95
chr2	178545954	12	12	1.0	25	25	1.0
chr2	178545990	15	15	1.0	24	24	1.0
chr2	178545992	15	15	1.0	24	24	1.0
chr2	178546002	16	16	1.0	26	26	1.0
chr2	178546029	13	15	0.8666666666666667	14	18	0.7777777777777778
chr2	178546039	14	16	0.875	15	19	0.7894736842105263
chr2	178546086	9	10	0.9	13	15	0.8666666666666667
chr2	178546235	14	14	1.0	22	22	1.0
chr2	178546247	8	9	0.8888888888888888	21	22	0.9545454545454546
chr2	178546321	12	12	1.0	24	24	1.0
chr2	178546466	11	12	0.9166666666666666	18	19	0.9473684210526315
chr2	178546474	10	11	0.9090909090909091	16	17	0.9411764705882353
chr2	178546487	9	10	0.9	19	21	0.9047619047619048
chr2	178546599	15	15	1.0	24	24	1.0
chr2	178546610	11	12	0.9166666666666666	16	20	0.8
chr2	178546653	12	12	1.0	22	22	1.0
chr2	178546679	10	11	0.9090909090909091	24	24	1.0
chr2	178546716	13	13	1.0	23	24	0.9583333333333334
chr2	178546763	8	11	0.7272727272727273	15	18	0.8333333333333334
chr2	178546793	13	13	1.0	24	24	1.0
chr2	178546834	12	12	1.0	24	24	1.0
chr2	178547038	11	13	0.8461538461538461	19	19	1.0
chr2	178547175	11	12	0.9166666666666666	20	21	0.9523809523809523
chr2	178547221	12	13	0.9230769230769231	21	21	1.0
chr2	178547241	12	12	1.0	23	23	1.0
chr2	178547293	12	13	0.9230769230769231	25	25	1.0
chr2	178547480	9	9	1.0	12	13	0.9230769230769231
chr2	178547531	13	15	0.8666666666666667	24	24	1.0
chr2	178547572	14	14	1.0	25	25	1.0
chr2	178547579	13	13	1.0	25	25	1.0
chr2	178547650	10	10	1.0	17	19	0.8947368421052632
chr2	178547685	5	5	1.0	19	19	1.0
chr2	178547724	9	10	0.9	21	21	1.0
chr2	178547843	12	12	1.0	17	19	0.8947368421052632
chr2	178547900	10	10	1.0	20	21	0.9523809523809523
chr2	178547916	12	12	1.0	23	23	1.0
chr2	178547991	8	9	0.8888888888888888	23	23	1.0
chr2	178548071	9	10	0.9	18	20	0.9
chr2	178548101	13	13	1.0	26	26	1.0
chr2	178548194	7	7	1.0	19	20	0.95
chr2	178548207	12	13	0.9230769230769231	18	19	0.9473684210526315
chr2	178548237	9	9	1.0	23	24	0.9583333333333334
chr2	178548359	10	10	1.0	22	22	1.0
chr2	178548370	14	14	1.0	20	20	1.0
chr2	178548381	6	6	1.0	21	21	1.0
chr2	178548410	7	9	0.7777777777777778	19	21	0.9047619047619048
chr2	178548443	15	15	1.0	24	24	1.0
chr2	178548446	15	15	1.0	24	24	1.0
chr2	178548458	10	11	0.9090909090909091	18	18	1.0
chr2	178548485	11	12	0.9166666666666666	17	18	0.9444444444444444
chr2	178548495	11	12	0.9166666666666666	17	17	1.0
chr2	178548536	3	4	0.75	11	11	1.0
chr2	178548594	8	8	1.0	24	24	1.0
chr2	178548719	7	7	1.0	16	19	0.8421052631578947
chr2	178548794	10	10	1.0	18	19	0.9473684210526315
chr2	178548869	8	8	1.0	22	22	1.0
chr2	178548909	11	11	1.0	25	25	1.0
chr2	178548941	11	11	1.0	21	21	1.0
chr2	178549035	11	11	1.0	20	22	0.9090909090909091
chr2	178549170	7	7	1.0	17	19	0.8947368421052632
chr2	178549307	11	11	1.0	20	21	0.9523809523809523
chr2	178549545	10	11	0.9090909090909091	23	23	1.0
chr2	178549558	12	13	0.9230769230769231	21	24	0.875
chr2	178549643	13	13	1.0	18	19	0.9473684210526315
chr2	178549662	12	12	1.0	22	22	1.0
chr2	178549742	6	6	1.0	19	21	0.9047619047619048
chr2	178549779	12	12	1.0	11	14	0.7857142857142857
chr2	178550056	7	8	0.875	12	15	0.8
chr2	178550065	7	8	0.875	14	17	0.8235294117647058
chr2	178550105	13	14	0.9285714285714286	20	20	1.0
chr2	178550108	10	11	0.9090909090909091	19	20	0.95
chr2	178550135	11	11	1.0	17	19	0.8947368421052632
chr2	178550167	11	11	1.0	15	15	1.0
chr2	178550216	12	12	1.0	15	17	0.8823529411764706
chr2	178550677	10	10	1.0	19	19	1.0
chr2	178550709	10	10	1.0	20	21	0.9523809523809523
chr2	178551009	10	11	0.9090909090909091	16	17	0.9411764705882353
chr2	178551058	7	9	0.7777777777777778	11	15	0.7333333333333333
chr2	178551104	5	12	0.4166666666666667	10	17	0.5882352941176471
chr2	178551130	8	10	0.8	8	16	0.5
chr2	178551145	6	9	0.6666666666666666	11	16	0.6875
chr2	178551187	10	12	0.8333333333333334	12	21	0.5714285714285714
chr2	178551223	1	4	0.25	5	10	0.5
chr2	178551706	7	7	1.0	14	15	0.9333333333333333
chr2	178551983	9	10	0.9	14	17	0.8235294117647058
chr2	178552053	10	10	1.0	14	17	0.8235294117647058
chr2	178552105	13	13	1.0	21	22	0.9545454545454546
chr2	178552112	12	12	1.0	21	22	0.9545454545454546
chr2	178552201	8	8	1.0	15	16	0.9375
chr2	178552363	11	11	1.0	18	18	1.0
chr2	178552661	10	11	0.9090909090909091	16	18	0.8888888888888888
chr2	178552671	10	11	0.9090909090909091	18	20	0.9
chr2	178552718	9	10	0.9	17	18	0.9444444444444444
chr2	178552795	8	10	0.8	18	19	0.9473684210526315
chr2	178552905	4	6	0.6666666666666666	12	13	0.9230769230769231
chr2	178552952	8	9	0.8888888888888888	21	22	0.9545454545454546
chr2	178553059	4	7	0.5714285714285714	20	20	1.0
chr2	178553188	8	9	0.8888888888888888	19	19	1.0
chr2	178553578	7	9	0.7777777777777778	15	15	1.0
chr2	178553690	7	7	1.0	18	20	0.9
chr2	178553774	8	8	1.0	19	20	0.95
chr2	178553973	9	10	0.9	21	21	1.0
chr2	178554044	7	8	0.875	9	10	0.9
chr2	178554092	8	9	0.8888888888888888	18	20	0.9
chr2	178554126	9	10	0.9	16	16	1.0
chr2	178554163	8	8	1.0	19	20	0.95
chr2	178554284	6	7	0.8571428571428571	18	18	1.0
chr2	178554396	10	10	1.0	21	21	1.0
chr2	178554420	5	6	0.8333333333333334	15	15	1.0
chr2	178554458	9	9	1.0	22	22	1.0
chr2	178554473	8	8	1.0	14	15	0.9333333333333333
chr2	178554494	7	7	1.0	20	20	1.0
chr2	178554515	10	10	1.0	22	22	1.0
chr2	178554520	9	10	0.9	20	20	1.0
chr2	178554526	9	10	0.9	22	22	1.0
chr2	178554611	9	9	1.0	22	23	0.9565217391304348
chr2	178554613	10	10	1.0	21	22	0.9545454545454546
chr2	178554625	8	8	1.0	20	21	0.9523809523809523
chr2	178554679	8	8	1.0	18	19	0.9473684210526315
chr2	178554774	7	7	1.0	20	21	0.9523809523809523
chr2	178554944	10	10	1.0	24	24	1.0
chr2	178554948	11	11	1.0	23	23	1.0
chr2	178554972	8	9	0.8888888888888888	24	24	1.0
chr2	178554979	9	10	0.9	26	26	1.0
chr2	178555051	10	10	1.0	22	23	0.9565217391304348
chr2	178555503	11	11	1.0	21	23	0.9130434782608695
chr2	178555669	11	11	1.0	25	25	1.0
chr2	178555862	10	11	0.9090909090909091	21	23	0.9130434782608695
chr2	178555927	10	10	1.0	26	26	1.0
chr2	178555997	5	9	0.5555555555555556	14	14	1.0
chr2	178556194	9	9	1.0	16	19	0.8421052631578947
chr2	178556257	11	12	0.9166666666666666	17	18	0.9444444444444444
chr2	178556337	12	12	1.0	16	19	0.8421052631578947
chr2	178556344	12	12	1.0	16	21	0.7619047619047619
chr2	178556361	11	11	1.0	19	20	0.95
chr2	178556384	9	9	1.0	20	21	0.9523809523809523
chr2	178556408	9	11	0.8181818181818182	20	23	0.8695652173913043
chr2	178556794	12	12	1.0	21	21	1.0
chr2	178556856	14	14	1.0	23	23	1.0
chr2	178556927	10	10	1.0	19	19	1.0
chr2	178557029	13	13	1.0	17	18	0.9444444444444444
chr2	178557069	15	15	1.0	21	22	0.9545454545454546
chr2	178557125	11	12	0.9166666666666666	16	18	0.8888888888888888
chr2	178557170	11	11	1.0	16	16	1.0
chr2	178557192	10	10	1.0	20	20	1.0
chr2	178557247	13	14	0.9285714285714286	22	22	1.0
chr2	178557383	13	13	1.0	19	21	0.9047619047619048
chr2	178557453	11	12	0.9166666666666666	22	23	0.9565217391304348
chr2	178557509	11	11	1.0	21	21	1.0
chr2	178557703	9	10	0.9	19	19	1.0
chr2	178557721	13	14	0.9285714285714286	19	19	1.0
chr2	178557857	7	10	0.7	15	15	1.0
chr2	178558019	12	12	1.0	22	23	0.9565217391304348
chr2	178558073	7	9	0.7777777777777778	18	18	1.0
chr2	178558380	5	7	0.7142857142857143	11	12	0.9166666666666666
chr2	178558417	9	11	0.8181818181818182	15	15	1.0
chr2	178558448	12	12	1.0	24	25	0.96
chr2	178558457	13	13	1.0	24	24	1.0
chr2	178558523	10	10	1.0	18	19	0.9473684210526315
chr2	178558547	6	6	1.0	22	22	1.0
chr2	178558965	10	10	1.0	22	23	0.9565217391304348
chr2	178559113	12	12	1.0	25	25	1.0
chr2	178559233	9	9	1.0	22	22	1.0
chr2	178559273	7	9	0.7777777777777778	18	18	1.0
chr2	178559429	9	10	0.9	25	25	1.0
chr2	178559477	7	9	0.7777777777777778	18	18	1.0
chr2	178559517	8	10	0.8	25	26	0.9615384615384616
chr2	178559711	9	11	0.8181818181818182	20	21	0.9523809523809523
chr2	178559744	11	12	0.9166666666666666	24	25	0.96
chr2	178559795	8	8	1.0	18	18	1.0
chr2	178559991	8	9	0.8888888888888888	21	21	1.0
chr2	178560014	11	11	1.0	22	24	0.9166666666666666
chr2	178560085	8	8	1.0	17	18	0.9444444444444444
chr2	178560106	6	8	0.75	14	18	0.7777777777777778
chr2	178560260	9	11	0.8181818181818182	20	21	0.9523809523809523
chr2	178560284	4	4	1.0	18	20	0.9
chr2	178560335	7	8	0.875	21	22	0.9545454545454546
chr2	178560362	12	12	1.0	26	26	1.0
chr2	178560408	8	8	1.0	18	18	1.0
chr2	178560466	13	14	0.9285714285714286	24	24	1.0
chr2	178560659	13	13	1.0	22	24	0.9166666666666666
chr2	178560669	13	13	1.0	22	24	0.9166666666666666
chr2	178560681	11	11	1.0	20	21	0.9523809523809523
chr2	178560710	14	14	1.0	24	27	0.8888888888888888
chr2	178560804	9	9	1.0	22	22	1.0
chr2	178560815	12	12	1.0	24	24	1.0
chr2	178560822	12	12	1.0	23	23	1.0
chr2	178560863	9	10	0.9	23	25	0.92
chr2	178560980	10	10	1.0	17	18	0.9444444444444444
chr2	178561035	13	13	1.0	25	25	1.0
chr2	178561040	12	12	1.0	26	26	1.0
chr2	178561154	7	8	0.875	20	20	1.0
chr2	178561166	10	10	1.0	24	24	1.0
chr2	178561238	8	10	0.8	19	19	1.0
chr2	178561259	10	10	1.0	22	23	0.9565217391304348
chr2	178561448	7	8	0.875	20	20	1.0
chr2	178561479	3	3	1.0	16	16	1.0
chr2	178561577	10	10	1.0	22	22	1.0
chr2	178561730	8	9	0.8888888888888888	16	16	1.0
chr2	178561748	12	12	1.0	17	18	0.9444444444444444
chr2	178561778	8	11	0.7272727272727273	20	22	0.9090909090909091
chr2	178561943	12	12	1.0	24	26	0.9230769230769231
chr2	178562310	12	12	1.0	26	26	1.0
chr2	178562501	7	9	0.7777777777777778	10	15	0.6666666666666666
chr2	178562559	7	7	1.0	21	21	1.0
chr2	178562615	7	7	1.0	13	13	1.0
chr2	178562714	13	13	1.0	27	27	1.0
chr2	178562721	12	12	1.0	27	27	1.0
chr2	178562779	10	11	0.9090909090909091	25	27	0.9259259259259259
chr2	178562850	11	12	0.9166666666666666	24	25	0.96
chr2	178562903	11	11	1.0	23	23	1.0
chr2	178563015	9	9	1.0	23	23	1.0
chr2	178563026	12	12	1.0	19	19	1.0
chr2	178563050	10	10	1.0	22	24	0.9166666666666666
chr2	178563068	10	10	1.0	24	24	1.0
chr2	178563075	13	13	1.0	22	22	1.0
chr2	178563099	11	11	1.0	26	26	1.0
chr2	178563197	12	12	1.0	19	19	1.0
chr2	178563289	9	10	0.9	20	22	0.9090909090909091
chr2	178563333	10	12	0.8333333333333334	24	24	1.0
chr2	178563391	10	10	1.0	19	19	1.0
chr2	178563439	10	10	1.0	23	23	1.0
chr2	178563443	10	10	1.0	24	24	1.0
chr2	178563525	8	9	0.8888888888888888	20	20	1.0
chr2	178563548	12	14	0.8571428571428571	26	28	0.9285714285714286
chr2	178563556	12	13	0.9230769230769231	26	28	0.9285714285714286
chr2	178563591	12	12	1.0	21	22	0.9545454545454546
chr2	178563605	9	9	1.0	25	25	1.0
chr2	178563633	10	10	1.0	25	25	1.0
chr2	178563642	13	13	1.0	26	26	1.0
chr2	178563645	12	12	1.0	27	28	0.9642857142857143
chr2	178563656	6	7	0.8571428571428571	23	25	0.92
chr2	178563745	7	7	1.0	21	21	1.0
chr2	178563803	10	11	0.9090909090909091	15	15	1.0
chr2	178563890	5	5	1.0	14	16	0.875
chr2	178563979	10	10	1.0	25	26	0.9615384615384616
chr2	178564109	8	8	1.0	22	24	0.9166666666666666
chr2	178564232	10	10	1.0	22	22	1.0
chr2	178564239	7	7	1.0	23	23	1.0
chr2	178564275	9	10	0.9	23	23	1.0
chr2	178564458	7	10	0.7	12	21	0.5714285714285714
chr2	178564484	8	8	1.0	21	21	1.0
chr2	178564604	9	10	0.9	13	18	0.7222222222222222
chr2	178564628	3	7	0.42857142857142855	13	18	0.7222222222222222
chr2	178565008	4	5	0.8	16	17	0.9411764705882353
chr2	178565093	11	11	1.0	22	23	0.9565217391304348
chr2	178565189	9	11	0.8181818181818182	21	21	1.0
chr2	178565226	9	10	0.9	20	21	0.9523809523809523
chr2	178565272	11	11	1.0	25	25	1.0
chr2	178565277	10	10	1.0	24	24	1.0
chr2	178565349	11	11	1.0	23	24	0.9583333333333334
chr2	178565414	12	12	1.0	20	20	1.0
chr2	178565544	9	9	1.0	15	26	0.5769230769230769
chr2	178565576	10	10	1.0	14	15	0.9333333333333333
chr2	178565685	13	13	1.0	21	22	0.9545454545454546
chr2	178565706	10	10	1.0	21	21	1.0
chr2	178565808	8	9	0.8888888888888888	17	18	0.9444444444444444
chr2	178565944	9	9	1.0	23	24	0.9583333333333334
chr2	178565963	7	8	0.875	21	21	1.0
chr2	178566248	9	10	0.9	23	24	0.9583333333333334
chr2	178566268	10	10	1.0	25	25	1.0
chr2	178566275	11	11	1.0	23	23	1.0
chr2	178566342	10	10	1.0	21	21	1.0
chr2	178566446	7	10	0.7	23	24	0.9583333333333334
chr2	178566491	6	6	1.0	19	19	1.0
chr2	178566585	9	9	1.0	18	19	0.9473684210526315
chr2	178566797	10	10	1.0	24	24	1.0
chr2	178566812	8	8	1.0	27	27	1.0
chr2	178566815	9	10	0.9	28	28	1.0
chr2	178566836	12	12	1.0	23	23	1.0
chr2	178566905	9	10	0.9	18	20	0.9
chr2	178566918	10	12	0.8333333333333334	25	25	1.0
chr2	178567052	9	10	0.9	22	22	1.0
chr2	178567139	4	5	0.8	21	21	1.0
chr2	178567151	11	11	1.0	17	18	0.9444444444444444
chr2	178567730	8	8	1.0	19	19	1.0
chr2	178567748	8	8	1.0	23	24	0.9583333333333334
chr2	178568067	9	9	1.0	22	22	1.0
chr2	178568229	7	7	1.0	20	20	1.0
chr2	178568424	9	9	1.0	24	25	0.96
chr2	178568481	8	8	1.0	25	25	1.0
chr2	178568589	7	8	0.875	18	18	1.0
chr2	178568660	10	10	1.0	23	23	1.0
chr2	178568783	5	5	1.0	23	24	0.9583333333333334
chr2	178568882	6	7	0.8571428571428571	18	18	1.0
chr2	178569144	6	6	1.0	17	18	0.9444444444444444
chr2	178569209	8	9	0.8888888888888888	19	19	1.0
chr2	178569328	10	10	1.0	17	20	0.85
chr2	178569391	12	12	1.0	20	21	0.9523809523809523
chr2	178569413	9	9	1.0	22	22	1.0
chr2	178569476	8	8	1.0	12	12	1.0
chr2	178569521	9	10	0.9	18	18	1.0
chr2	178569648	9	10	0.9	20	21	0.9523809523809523
chr2	178569692	8	9	0.8888888888888888	20	20	1.0
chr2	178570011	11	11	1.0	24	24	1.0
chr2	178570043	10	10	1.0	21	22	0.9545454545454546
chr2	178570061	11	11	1.0	26	26	1.0
chr2	178570100	8	9	0.8888888888888888	19	19	1.0
chr2	178570298	13	14	0.9285714285714286	20	21	0.9523809523809523
chr2	178570385	11	13	0.8461538461538461	20	22	0.9090909090909091
chr2	178570599	13	13	1.0	21	21	1.0
chr2	178570604	15	15	1.0	22	22	1.0
chr2	178570641	9	10	0.9	10	11	0.9090909090909091
chr2	178570661	11	11	1.0	20	21	0.9523809523809523
chr2	178570767	13	13	1.0	19	22	0.8636363636363636
chr2	178570802	11	11	1.0	23	23	1.0
chr2	178570872	11	11	1.0	22	22	1.0
chr2	178570880	12	12	1.0	21	21	1.0
chr2	178570892	5	7	0.7142857142857143	11	12	0.9166666666666666
chr2	178570976	9	11	0.8181818181818182	18	23	0.782608695652174
chr2	178571031	11	12	0.9166666666666666	16	17	0.9411764705882353
chr2	178571096	8	9	0.8888888888888888	16	19	0.8421052631578947
chr2	178571120	7	7	1.0	13	16	0.8125
chr2	178571149	9	9	1.0	16	16	1.0
chr2	178571166	6	8	0.75	12	17	0.7058823529411765
chr2	178571291	7	8	0.875	15	17	0.8823529411764706
chr2	178571585	11	11	1.0	14	17	0.8235294117647058
chr2	178571718	9	11	0.8181818181818182	21	24	0.875
chr2	178571792	13	13	1.0	22	22	1.0
chr2	178571799	12	12	1.0	24	24	1.0
chr2	178571906	11	11	1.0	21	21	1.0
chr2	178572006	8	9	0.8888888888888888	17	18	0.9444444444444444
chr2	178572068	10	10	1.0	21	22	0.9545454545454546
chr2	178572136	6	7	0.8571428571428571	14	15	0.9333333333333333
chr2	178572191	9	9	1.0	20	21	0.9523809523809523
chr2	178572284	6	7	0.8571428571428571	16	17	0.9411764705882353
chr2	178572309	6	7	0.8571428571428571	20	22	0.9090909090909091
chr2	178572348	8	8	1.0	19	20	0.95
chr2	178572455	7	7	1.0	17	18	0.9444444444444444
chr2	178572579	10	10	1.0	21	21	1.0
chr2	178572705	11	11	1.0	21	21	1.0
chr2	178572740	3	3	1.0	7	9	0.7777777777777778
chr2	178572827	10	10	1.0	21	21	1.0
chr2	178572918	10	10	1.0	22	22	1.0
chr2	178572938	11	11	1.0	21	21	1.0
chr2	178572982	8	9	0.8888888888888888	19	21	0.9047619047619048
chr2	178573104	12	12	1.0	20	20	1.0
chr2	178573139	7	7	1.0	15	19	0.7894736842105263
chr2	178573328	12	12	1.0	18	19	0.9473684210526315
chr2	178573346	12	12	1.0	18	19	0.9473684210526315
chr2	178573349	11	11	1.0	23	24	0.9583333333333334
chr2	178573417	10	10	1.0	23	23	1.0
chr2	178573456	12	13	0.9230769230769231	18	20	0.9
chr2	178573544	10	10	1.0	18	21	0.8571428571428571
chr2	178573643	9	9	1.0	21	22	0.9545454545454546
chr2	178573819	10	10	1.0	18	20	0.9
chr2	178573964	11	11	1.0	18	18	1.0
chr2	178574017	8	8	1.0	24	25	0.96
chr2	178574130	12	12	1.0	18	21	0.8571428571428571
chr2	178574138	13	13	1.0	22	24	0.9166666666666666
chr2	178574222	11	11	1.0	22	23	0.9565217391304348
chr2	178574250	11	11	1.0	17	18	0.9444444444444444
chr2	178574432	4	6	0.6666666666666666	13	14	0.9285714285714286
chr2	178574528	10	10	1.0	19	22	0.8636363636363636
chr2	178574732	9	9	1.0	17	17	1.0
chr2	178574762	10	11	0.9090909090909091	18	18	1.0
chr2	178574783	12	13	0.9230769230769231	23	24	0.9583333333333334
chr2	178574790	12	13	0.9230769230769231	24	25	0.96
chr2	178574831	5	9	0.5555555555555556	19	21	0.9047619047619048
chr2	178574871	10	10	1.0	22	26	0.8461538461538461
chr2	178575073	11	13	0.8461538461538461	20	22	0.9090909090909091
chr2	178575148	12	12	1.0	22	22	1.0
chr2	178575152	12	12	1.0	26	26	1.0
chr2	178575156	14	14	1.0	25	25	1.0
chr2	178575224	4	6	0.6666666666666666	10	11	0.9090909090909091
chr2	178575267	10	10	1.0	17	17	1.0
chr2	178575298	9	10	0.9	17	19	0.8947368421052632
chr2	178575300	9	11	0.8181818181818182	19	21	0.9047619047619048
chr2	178575378	13	13	1.0	22	22	1.0
chr2	178575456	13	13	1.0	24	24	1.0
chr2	178575486	11	11	1.0	13	17	0.7647058823529411
chr2	178575552	8	9	0.8888888888888888	20	20	1.0
chr2	178575639	9	9	1.0	20	22	0.9090909090909091
chr2	178575695	11	11	1.0	16	17	0.9411764705882353
chr2	178575707	8	8	1.0	18	19	0.9473684210526315
chr2	178575734	11	13	0.8461538461538461	12	15	0.8
chr2	178575803	13	13	1.0	24	24	1.0
chr2	178575826	11	12	0.9166666666666666	15	21	0.7142857142857143
chr2	178575843	15	15	1.0	22	24	0.9166666666666666
chr2	178575871	12	12	1.0	24	25	0.96
chr2	178575900	12	13	0.9230769230769231	21	21	1.0
chr2	178575949	11	11	1.0	21	23	0.9130434782608695
chr2	178575968	9	10	0.9	13	16	0.8125
chr2	178576019	13	13	1.0	20	21	0.9523809523809523
chr2	178576079	12	12	1.0	22	22	1.0
chr2	178576086	15	15	1.0	25	25	1.0
chr2	178576118	15	15	1.0	26	26	1.0
chr2	178576125	13	14	0.9285714285714286	25	25	1.0
chr2	178576147	7	10	0.7	15	17	0.8823529411764706
chr2	178576170	16	16	1.0	25	25	1.0
chr2	178576227	16	16	1.0	21	21	1.0
chr2	178576248	15	15	1.0	26	26	1.0
chr2	178576278	12	12	1.0	27	27	1.0
chr2	178576302	7	9	0.7777777777777778	15	15	1.0
chr2	178576390	13	14	0.9285714285714286	24	24	1.0
chr2	178576502	12	12	1.0	17	20	0.85
chr2	178576605	14	14	1.0	26	26	1.0
chr2	178576612	13	13	1.0	28	28	1.0
chr2	178576657	9	12	0.75	12	18	0.6666666666666666
chr2	178576689	12	14	0.8571428571428571	25	26	0.9615384615384616
chr2	178576735	10	11	0.9090909090909091	20	20	1.0
chr2	178576996	7	9	0.7777777777777778	17	18	0.9444444444444444
chr2	178577083	10	10	1.0	14	16	0.875
chr2	178577129	11	12	0.9166666666666666	24	24	1.0
chr2	178577250	13	13	1.0	23	23	1.0
chr2	178577289	8	10	0.8	16	17	0.9411764705882353
chr2	178577601	12	12	1.0	21	22	0.9545454545454546
chr2	178577770	11	11	1.0	15	17	0.8823529411764706
chr2	178577783	10	10	1.0	19	21	0.9047619047619048
chr2	178577820	9	9	1.0	23	24	0.9583333333333334
chr2	178578064	13	13	1.0	17	17	1.0
chr2	178578123	11	12	0.9166666666666666	20	20	1.0
chr2	178578173	16	16	1.0	22	23	0.9565217391304348
chr2	178578524	12	13	0.9230769230769231	23	23	1.0
chr2	178578667	10	12	0.8333333333333334	25	28	0.8928571428571429
chr2	178578766	11	12	0.9166666666666666	25	26	0.9615384615384616
chr2	178578780	13	15	0.8666666666666667	17	20	0.85
chr2	178578818	13	13	1.0	21	22	0.9545454545454546
chr2	178578833	7	7	1.0	12	16	0.75
chr2	178578868	12	13	0.9230769230769231	28	28	1.0
chr2	178578946	16	16	1.0	29	29	1.0
chr2	178578950	16	17	0.9411764705882353	29	29	1.0
chr2	178579195	13	15	0.8666666666666667	19	32	0.59375
chr2	178579220	11	13	0.8461538461538461	19	21	0.9047619047619048
chr2	178579323	14	14	1.0	24	26	0.9230769230769231
chr2	178579437	13	13	1.0	28	28	1.0
chr2	178579470	7	8	0.875	24	25	0.96
chr2	178579515	10	10	1.0	24	24	1.0
chr2	178579590	13	14	0.9285714285714286	23	24	0.9583333333333334
chr2	178579700	8	10	0.8	15	20	0.75
chr2	178579751	5	7	0.7142857142857143	12	14	0.8571428571428571
chr2	178579937	5	10	0.5	20	23	0.8695652173913043
chr2	178579958	12	12	1.0	29	29	1.0
chr2	178579968	12	12	1.0	27	27	1.0
chr2	178580006	12	12	1.0	21	22	0.9545454545454546
chr2	178580105	12	15	0.8	19	28	0.6785714285714286
chr2	178580139	13	13	1.0	25	25	1.0
chr2	178580419	16	16	1.0	28	28	1.0
chr2	178580515	17	17	1.0	32	33	0.9696969696969697
chr2	178580557	13	14	0.9285714285714286	27	28	0.9642857142857143
chr2	178580583	14	14	1.0	25	28	0.8928571428571429
chr2	178580828	10	11	0.9090909090909091	19	20	0.95
chr2	178580901	13	13	1.0	32	33	0.9696969696969697
chr2	178581344	13	13	1.0	22	22	1.0
chr2	178581564	14	14	1.0	25	26	0.9615384615384616
chr2	178581575	9	10	0.9	24	24	1.0
chr2	178581620	14	15	0.9333333333333333	26	29	0.896551724137931
chr2	178581666	12	12	1.0	21	24	0.875
chr2	178581677	5	10	0.5	20	22	0.9090909090909091
chr2	178581690	8	9	0.8888888888888888	18	18	1.0
chr2	178581714	11	12	0.9166666666666666	20	29	0.6896551724137931
chr2	178581717	9	10	0.9	19	27	0.7037037037037037
chr2	178581758	15	16	0.9375	26	29	0.896551724137931
chr2	178581787	5	8	0.625	18	20	0.9
chr2	178581888	13	14	0.9285714285714286	27	28	0.9642857142857143
chr2	178581916	15	15	1.0	28	28	1.0
chr2	178581926	15	16	0.9375	28	29	0.9655172413793104
chr2	178581938	10	13	0.7692307692307693	23	25	0.92
chr2	178581982	10	11	0.9090909090909091	20	24	0.8333333333333334
chr2	178581995	15	15	1.0	24	24	1.0
chr2	178582084	11	11	1.0	22	22	1.0
chr2	178582195	16	17	0.9411764705882353	26	28	0.9285714285714286
chr2	178582279	10	10	1.0	18	18	1.0
chr2	178582337	16	16	1.0	25	26	0.9615384615384616
chr2	178582369	15	15	1.0	27	28	0.9642857142857143
chr2	178582406	9	9	1.0	27	27	1.0
chr2	178582468	15	16	0.9375	29	30	0.9666666666666667
chr2	178582518	17	17	1.0	31	31	1.0
chr2	178582540	14	15	0.9333333333333333	24	27	0.8888888888888888
chr2	178582584	8	10	0.8	16	18	0.8888888888888888
chr2	178582796	11	15	0.7333333333333333	14	24	0.5833333333333334
chr2	178583019	13	14	0.9285714285714286	26	27	0.9629629629629629
chr2	178583026	11	12	0.9166666666666666	28	29	0.9655172413793104
chr2	178583055	16	16	1.0	27	27	1.0
chr2	178583129	8	8	1.0	17	21	0.8095238095238095
chr2	178583615	12	12	1.0	24	25	0.96
chr2	178583664	15	16	0.9375	26	28	0.9285714285714286
chr2	178583666	14	15	0.9333333333333333	26	28	0.9285714285714286
chr2	178583764	10	11	0.9090909090909091	18	21	0.8571428571428571
chr2	178583801	11	12	0.9166666666666666	21	23	0.9130434782608695
chr2	178583842	10	11	0.9090909090909091	30	30	1.0
chr2	178584034	16	16	1.0	25	25	1.0
chr2	178584210	9	9	1.0	25	25	1.0
chr2	178584406	12	12	1.0	21	22	0.9545454545454546
chr2	178584457	15	15	1.0	27	27	1.0
chr2	178584550	12	13	0.9230769230769231	22	23	0.9565217391304348
chr2	178584681	8	9	0.8888888888888888	28	28	1.0
chr2	178584724	7	9	0.7777777777777778	15	18	0.8333333333333334
chr2	178584736	14	14	1.0	22	24	0.9166666666666666
chr2	178584742	14	14	1.0	22	23	0.9565217391304348
chr2	178584813	7	10	0.7	13	17	0.7647058823529411
chr2	178584829	11	11	1.0	25	26	0.9615384615384616
chr2	178584878	12	12	1.0	21	23	0.9130434782608695
chr2	178584920	13	14	0.9285714285714286	25	25	1.0
chr2	178584959	7	9	0.7777777777777778	15	17	0.8823529411764706
chr2	178585013	13	15	0.8666666666666667	20	22	0.9090909090909091
chr2	178585289	10	10	1.0	22	22	1.0
chr2	178585552	13	13	1.0	30	30	1.0
chr2	178585786	12	12	1.0	24	25	0.96
chr2	178586010	13	13	1.0	27	29	0.9310344827586207
chr2	178586574	16	16	1.0	26	26	1.0
chr2	178586659	9	13	0.6923076923076923	18	23	0.782608695652174
chr2	178586705	11	11	1.0	16	24	0.6666666666666666
chr2	178586725	14	15	0.9333333333333333	28	29	0.9655172413793104
chr2	178586799	7	9	0.7777777777777778	17	23	0.7391304347826086
chr2	178587005	8	9	0.8888888888888888	22	25	0.88
chr2	178587162	5	15	0.3333333333333333	7	28	0.25
chr2	178587177	5	10	0.5	10	17	0.5882352941176471
chr2	178587264	6	15	0.4	7	19	0.3684210526315789
chr2	178587268	6	15	0.4	7	17	0.4117647058823529
chr2	178587293	7	12	0.5833333333333334	9	23	0.391304347826087
chr2	178587303	7	12	0.5833333333333334	8	22	0.36363636363636365
chr2	178587330	11	15	0.7333333333333333	23	26	0.8846153846153846
chr2	178587333	10	14	0.7142857142857143	24	27	0.8888888888888888
chr2	178587533	11	11	1.0	27	27	1.0
chr2	178587595	9	12	0.75	22	22	1.0
chr2	178587682	15	15	1.0	26	27	0.9629629629629629
chr2	178587706	14	14	1.0	26	26	1.0
chr2	178587730	14	14	1.0	25	27	0.9259259259259259
chr2	178587792	11	11	1.0	22	22	1.0
chr2	178587942	15	15	1.0	23	23	1.0
chr2	178588026	14	14	1.0	26	27	0.9629629629629629
chr2	178588053	15	15	1.0	22	23	0.9565217391304348
chr2	178588076	11	12	0.9166666666666666	26	26	1.0
chr2	178588121	14	15	0.9333333333333333	18	21	0.8571428571428571
chr2	178588474	14	14	1.0	19	19	1.0
chr2	178588559	11	12	0.9166666666666666	16	16	1.0
chr2	178588614	14	14	1.0	25	28	0.8928571428571429
chr2	178588659	18	18	1.0	28	29	0.9655172413793104
chr2	178588698	12	13	0.9230769230769231	25	27	0.9259259259259259
chr2	178588827	13	15	0.8666666666666667	23	23	1.0
chr2	178588908	12	12	1.0	19	21	0.9047619047619048
chr2	178588944	13	16	0.8125	23	26	0.8846153846153846
chr2	178589001	12	13	0.9230769230769231	26	26	1.0
chr2	178589177	10	14	0.7142857142857143	19	22	0.8636363636363636
chr2	178589189	14	14	1.0	20	21	0.9523809523809523
chr2	178589217	11	11	1.0	24	29	0.8275862068965517
chr2	178589256	8	9	0.8888888888888888	17	19	0.8947368421052632
chr2	178589299	13	13	1.0	27	29	0.9310344827586207
chr2	178589587	1	8	0.125	4	19	0.21052631578947367
chr2	178589655	10	11	0.9090909090909091	19	19	1.0
chr2	178589761	15	15	1.0	20	21	0.9523809523809523
chr2	178589802	9	9	1.0	20	20	1.0
chr2	178589847	11	11	1.0	22	26	0.8461538461538461
chr2	178589898	8	8	1.0	12	16	0.75
chr2	178590028	13	13	1.0	28	28	1.0
chr2	178590034	14	14	1.0	29	29	1.0
chr2	178590132	11	11	1.0	26	26	1.0
chr2	178590168	12	12	1.0	20	21	0.9523809523809523
chr2	178590228	16	16	1.0	25	27	0.9259259259259259
chr2	178590240	16	17	0.9411764705882353	21	22	0.9545454545454546
chr2	178590262	9	10	0.9	22	22	1.0
chr2	178590276	12	12	1.0	20	21	0.9523809523809523
chr2	178590387	18	18	1.0	23	24	0.9583333333333334
chr2	178590624	14	14	1.0	26	26	1.0
chr2	178590748	12	13	0.9230769230769231	21	22	0.9545454545454546
chr2	178590792	20	20	1.0	27	28	0.9642857142857143
chr2	178590795	19	19	1.0	26	26	1.0
chr2	178590908	9	11	0.8181818181818182	14	14	1.0
chr2	178590990	9	10	0.9	17	18	0.9444444444444444
chr2	178591051	10	11	0.9090909090909091	24	25	0.96
chr2	178591070	10	13	0.7692307692307693	21	23	0.9130434782608695
chr2	178591234	16	18	0.8888888888888888	29	29	1.0
chr2	178591252	9	12	0.75	19	20	0.95
chr2	178591360	13	17	0.7647058823529411	15	18	0.8333333333333334
chr2	178591381	17	17	1.0	23	24	0.9583333333333334
chr2	178591492	11	12	0.9166666666666666	17	17	1.0
chr2	178591620	12	13	0.9230769230769231	22	22	1.0
chr2	178591672	9	11	0.8181818181818182	21	21	1.0
chr2	178591810	15	15	1.0	26	28	0.9285714285714286
chr2	178591815	14	14	1.0	25	27	0.9259259259259259
chr2	178591976	14	15	0.9333333333333333	23	23	1.0
chr2	178592027	13	14	0.9285714285714286	23	25	0.92
chr2	178592044	16	16	1.0	29	29	1.0
chr2	178592054	16	16	1.0	28	29	0.9655172413793104
chr2	178592091	10	10	1.0	17	18	0.9444444444444444
chr2	178592139	17	18	0.9444444444444444	27	27	1.0
chr2	178592470	13	15	0.8666666666666667	20	21	0.9523809523809523
chr2	178592802	6	7	0.8571428571428571	12	15	0.8
chr2	178592870	14	14	1.0	26	27	0.9629629629629629
chr2	178592875	13	13	1.0	26	27	0.9629629629629629
chr2	178592882	14	15	0.9333333333333333	26	27	0.9629629629629629
chr2	178593004	11	11	1.0	23	25	0.92
chr2	178593026	15	16	0.9375	24	25	0.96
chr2	178593104	10	11	0.9090909090909091	21	22	0.9545454545454546
chr2	178593249	6	6	1.0	13	15	0.8666666666666667
chr2	178593336	13	15	0.8666666666666667	23	23	1.0
chr2	178593497	12	12	1.0	21	23	0.9130434782608695
chr2	178593572	12	12	1.0	20	20	1.0
chr2	178593641	14	14	1.0	20	21	0.9523809523809523
chr2	178593723	15	17	0.8823529411764706	20	23	0.8695652173913043
chr2	178593863	14	14	1.0	19	19	1.0
chr2	178594029	11	13	0.8461538461538461	22	22	1.0
chr2	178594040	15	16	0.9375	24	26	0.9230769230769231
chr2	178594097	8	10	0.8	21	21	1.0
chr2	178594166	11	11	1.0	17	17	1.0
chr2	178594196	16	16	1.0	26	26	1.0
chr2	178594201	18	18	1.0	28	28	1.0
chr2	178594221	14	14	1.0	26	26	1.0
chr2	178594231	16	16	1.0	28	28	1.0
chr2	178594420	13	13	1.0	28	28	1.0
chr2	178594522	15	15	1.0	23	23	1.0
chr2	178594633	16	17	0.9411764705882353	29	29	1.0
chr2	178594649	10	11	0.9090909090909091	29	29	1.0
chr2	178595028	13	14	0.9285714285714286	28	28	1.0
chr2	178595035	16	17	0.9411764705882353	30	30	1.0
chr2	178595162	12	12	1.0	19	22	0.8636363636363636
chr2	178595245	17	18	0.9444444444444444	24	28	0.8571428571428571
chr2	178595418	12	12	1.0	21	23	0.9130434782608695
chr2	178595576	17	17	1.0	26	27	0.9629629629629629
chr2	178595583	19	19	1.0	23	23	1.0
chr2	178595634	11	12	0.9166666666666666	18	20	0.9
chr2	178595670	9	12	0.75	21	22	0.9545454545454546
chr2	178595682	15	16	0.9375	20	22	0.9090909090909091
chr2	178595794	10	11	0.9090909090909091	18	19	0.9473684210526315
chr2	178596020	12	12	1.0	26	27	0.9629629629629629
chr2	178596075	11	12	0.9166666666666666	24	24	1.0
chr2	178596209	12	12	1.0	27	28	0.9642857142857143
chr2	178596493	9	9	1.0	11	13	0.8461538461538461
chr2	178596594	13	13	1.0	23	24	0.9583333333333334
chr2	178596829	10	10	1.0	16	18	0.8888888888888888
chr2	178597008	12	12	1.0	26	26	1.0
chr2	178597573	9	10	0.9	21	21	1.0
chr2	178597603	13	13	1.0	29	29	1.0
chr2	178597711	16	16	1.0	28	28	1.0
chr2	178597749	5	8	0.625	14	16	0.875
chr2	178598343	14	14	1.0	25	26	0.9615384615384616
chr2	178598543	11	12	0.9166666666666666	21	22	0.9545454545454546
chr2	178598672	13	15	0.8666666666666667	24	25	0.96
chr2	178598766	14	15	0.9333333333333333	15	15	1.0
chr2	178598798	13	16	0.8125	20	21	0.9523809523809523
chr2	178598824	12	13	0.9230769230769231	18	19	0.9473684210526315
chr2	178598837	14	14	1.0	18	18	1.0
chr2	178598902	7	8	0.875	15	17	0.8823529411764706
chr2	178599016	9	9	1.0	23	23	1.0
chr2	178599023	13	13	1.0	26	26	1.0
chr2	178599219	8	9	0.8888888888888888	18	18	1.0
chr2	178599257	15	16	0.9375	25	26	0.9615384615384616
chr2	178599263	16	16	1.0	25	26	0.9615384615384616
chr2	178599441	8	11	0.7272727272727273	20	21	0.9523809523809523
chr2	178599636	17	18	0.9444444444444444	27	28	0.9642857142857143
chr2	178599644	16	17	0.9411764705882353	29	30	0.9666666666666667
chr2	178599758	11	11	1.0	21	22	0.9545454545454546
chr2	178600003	14	14	1.0	22	25	0.88
chr2	178600026	12	12	1.0	18	18	1.0
chr2	178600604	11	11	1.0	26	27	0.9629629629629629
chr2	178600619	17	17	1.0	25	26	0.9615384615384616
chr2	178600930	10	10	1.0	18	18	1.0
chr2	178600993	17	17	1.0	28	30	0.9333333333333333
chr2	178601094	9	9	1.0	14	16	0.875
chr2	178601200	16	17	0.9411764705882353	25	25	1.0
chr2	178601268	16	18	0.8888888888888888	22	26	0.8461538461538461
chr2	178601323	9	10	0.9	16	19	0.8421052631578947
chr2	178601335	19	19	1.0	28	28	1.0
chr2	178601341	19	19	1.0	29	30	0.9666666666666667
chr2	178601480	14	15	0.9333333333333333	31	31	1.0
chr2	178601483	15	16	0.9375	33	33	1.0
chr2	178601593	17	18	0.9444444444444444	27	30	0.9
chr2	178601737	13	13	1.0	27	28	0.9642857142857143
chr2	178601748	13	13	1.0	24	26	0.9230769230769231
chr2	178601892	13	13	1.0	21	21	1.0
chr2	178602056	18	18	1.0	30	30	1.0
chr2	178602546	13	13	1.0	24	25	0.96
chr2	178602582	3	5	0.6	9	12	0.75
chr2	178603367	17	17	1.0	23	24	0.9583333333333334
chr2	178603730	12	14	0.8571428571428571	29	29	1.0
chr2	178603860	8	8	1.0	12	13	0.9230769230769231
chr2	178603968	14	14	1.0	29	31	0.9354838709677419
chr2	178603982	14	14	1.0	24	26	0.9230769230769231
chr2	178604001	15	16	0.9375	26	26	1.0
chr2	178604033	13	14	0.9285714285714286	26	27	0.9629629629629629
chr2	178604042	14	14	1.0	29	29	1.0
chr2	178604153	13	17	0.7647058823529411	25	28	0.8928571428571429
chr2	178604192	14	14	1.0	27	27	1.0
chr2	178604267	11	11	1.0	14	17	0.8235294117647058
chr2	178604533	11	12	0.9166666666666666	22	22	1.0
chr2	178604598	13	14	0.9285714285714286	27	27	1.0
chr2	178604774	9	13	0.6923076923076923	19	25	0.76
chr2	178604894	17	17	1.0	24	24	1.0
chr2	178604998	14	15	0.9333333333333333	20	21	0.9523809523809523
chr2	178605009	6	9	0.6666666666666666	15	18	0.8333333333333334
chr2	178605027	20	20	1.0	27	28	0.9642857142857143
chr2	178605066	17	17	1.0	22	23	0.9565217391304348
chr2	178605071	16	16	1.0	24	25	0.96
chr2	178605108	12	12	1.0	12	12	1.0
chr2	178605261	18	20	0.9	21	21	1.0
chr2	178605273	21	21	1.0	27	27	1.0
chr2	178605408	16	17	0.9411764705882353	25	25	1.0
chr2	178605487	13	15	0.8666666666666667	23	24	0.9583333333333334
chr2	178605550	17	17	1.0	25	25	1.0
chr2	178605586	21	21	1.0	29	30	0.9666666666666667
chr2	178605589	21	21	1.0	29	29	1.0
chr2	178605634	12	12	1.0	12	14	0.8571428571428571
chr2	178605949	16	17	0.9411764705882353	29	30	0.9666666666666667
chr2	178606336	20	20	1.0	27	28	0.9642857142857143
chr2	178606504	16	16	1.0	24	25	0.96
chr2	178606684	15	15	1.0	24	26	0.9230769230769231
chr2	178606705	14	14	1.0	17	17	1.0
chr2	178607094	12	14	0.8571428571428571	22	22	1.0
chr2	178607480	12	13	0.9230769230769231	22	25	0.88
chr2	178607520	12	13	0.9230769230769231	21	24	0.875
chr2	178607537	7	7	1.0	21	22	0.9545454545454546
chr2	178607591	10	10	1.0	22	22	1.0
chr2	178607774	13	13	1.0	21	23	0.9130434782608695
chr2	178607824	13	15	0.8666666666666667	25	27	0.9259259259259259
chr2	178607838	14	15	0.9333333333333333	22	23	0.9565217391304348
chr2	178607858	8	8	1.0	19	19	1.0
chr2	178607882	8	9	0.8888888888888888	21	21	1.0
chr2	178607895	13	13	1.0	19	20	0.95
chr2	178607906	13	13	1.0	20	22	0.9090909090909091
chr2	178607933	12	13	0.9230769230769231	20	21	0.9523809523809523
chr2	178608329	15	16	0.9375	18	19	0.9473684210526315
chr2	178608356	16	16	1.0	21	21	1.0
chr2	178608679	12	12	1.0	26	26	1.0
chr2	178608767	10	11	0.9090909090909091	23	23	1.0
chr2	178608900	5	6	0.8333333333333334	11	12	0.9166666666666666
chr2	178609243	8	8	1.0	14	15	0.9333333333333333
chr2	178609287	8	10	0.8	7	15	0.4666666666666667
chr2	178609299	12	12	1.0	23	23	1.0
chr2	178609303	15	16	0.9375	27	27	1.0
chr2	178609305	16	17	0.9411764705882353	27	27	1.0
chr2	178609347	16	16	1.0	26	26	1.0
chr2	178609422	11	12	0.9166666666666666	20	22	0.9090909090909091
chr2	178609527	10	12	0.8333333333333334	21	22	0.9545454545454546
chr2	178609718	8	8	1.0	18	18	1.0
chr2	178609738	17	18	0.9444444444444444	26	27	0.9629629629629629
chr2	178609740	17	19	0.8947368421052632	25	26	0.9615384615384616
chr2	178609743	17	19	0.8947368421052632	27	28	0.9642857142857143
chr2	178609754	18	19	0.9473684210526315	27	28	0.9642857142857143
chr2	178609760	14	15	0.9333333333333333	26	27	0.9629629629629629
chr2	178609939	9	9	1.0	22	24	0.9166666666666666
chr2	178610088	14	14	1.0	24	25	0.96
chr2	178610166	11	11	1.0	23	23	1.0
chr2	178610268	18	18	1.0	25	27	0.9259259259259259
chr2	178610809	21	21	1.0	24	24	1.0
chr2	178610816	21	21	1.0	21	21	1.0
chr2	178611028	15	15	1.0	19	20	0.95
chr2	178611061	13	16	0.8125	20	21	0.9523809523809523
chr2	178611072	13	13	1.0	22	25	0.88
chr2	178611416	12	15	0.8	19	20	0.95
chr2	178611514	16	19	0.8421052631578947	26	28	0.9285714285714286
chr2	178611828	9	10	0.9	17	19	0.8947368421052632
chr2	178611856	12	15	0.8	20	23	0.8695652173913043
chr2	178611918	11	12	0.9166666666666666	18	22	0.8181818181818182
chr2	178612113	13	14	0.9285714285714286	18	24	0.75
chr2	178612141	17	18	0.9444444444444444	27	27	1.0
chr2	178612234	18	19	0.9473684210526315	23	25	0.92
chr2	178612312	15	15	1.0	23	23	1.0
chr2	178612321	18	18	1.0	27	27	1.0
chr2	178612353	14	15	0.9333333333333333	19	19	1.0
chr2	178612440	17	17	1.0	26	26	1.0
chr2	178612447	20	20	1.0	29	29	1.0
chr2	178612557	4	13	0.3076923076923077	13	18	0.7222222222222222
chr2	178612712	14	18	0.7777777777777778	18	22	0.8181818181818182
chr2	178612783	13	13	1.0	20	21	0.9523809523809523
chr2	178612849	9	10	0.9	17	19	0.8947368421052632
chr2	178612914	14	14	1.0	19	19	1.0
chr2	178613128	8	9	0.8888888888888888	15	17	0.8823529411764706
chr2	178613237	16	16	1.0	25	25	1.0
chr2	178613886	16	16	1.0	24	25	0.96
chr2	178613915	15	15	1.0	23	24	0.9583333333333334
chr2	178614183	15	15	1.0	24	24	1.0
chr2	178614224	16	16	1.0	24	25	0.96
chr2	178614267	14	14	1.0	24	24	1.0
chr2	178614269	15	15	1.0	25	25	1.0
chr2	178614339	5	6	0.8333333333333334	12	18	0.6666666666666666
chr2	178614471	14	14	1.0	22	24	0.9166666666666666
chr2	178614497	13	13	1.0	16	16	1.0
chr2	178614663	14	17	0.8235294117647058	21	24	0.875
chr2	178614669	14	17	0.8235294117647058	22	24	0.9166666666666666
chr2	178614732	14	17	0.8235294117647058	26	26	1.0
chr2	178614921	15	15	1.0	25	26	0.9615384615384616
chr2	178614923	12	12	1.0	25	26	0.9615384615384616
chr2	178615005	18	18	1.0	26	27	0.9629629629629629
chr2	178615012	19	19	1.0	29	30	0.9666666666666667
chr2	178615194	17	17	1.0	26	27	0.9629629629629629
chr2	178615354	15	15	1.0	21	24	0.875
chr2	178615387	12	14	0.8571428571428571	18	19	0.9473684210526315
chr2	178615444	10	11	0.9090909090909091	22	23	0.9565217391304348
chr2	178615482	15	15	1.0	25	26	0.9615384615384616
chr2	178615705	12	12	1.0	25	28	0.8928571428571429
chr2	178615835	15	15	1.0	23	25	0.92
chr2	178616331	13	13	1.0	22	22	1.0
chr2	178616494	15	17	0.8823529411764706	17	17	1.0
chr2	178616506	24	24	1.0	29	29	1.0
chr2	178616519	19	20	0.95	24	24	1.0
chr2	178616532	11	12	0.9166666666666666	15	16	0.9375
chr2	178616626	21	21	1.0	26	28	0.9285714285714286
chr2	178616649	17	18	0.9444444444444444	23	23	1.0
chr2	178616769	9	14	0.6428571428571429	15	18	0.8333333333333334
chr2	178616808	24	24	1.0	29	29	1.0
chr2	178616833	16	16	1.0	26	26	1.0
chr2	178616865	7	8	0.875	15	16	0.9375
chr2	178616945	12	14	0.8571428571428571	20	21	0.9523809523809523
chr2	178617092	11	14	0.7857142857142857	25	26	0.9615384615384616
chr2	178617128	24	25	0.96	24	24	1.0
chr2	178617134	20	20	1.0	29	29	1.0
chr2	178617227	19	19	1.0	26	26	1.0
chr2	178617237	20	20	1.0	26	26	1.0
chr2	178617361	12	12	1.0	28	28	1.0
chr2	178617386	19	20	0.95	27	28	0.9642857142857143
chr2	178617391	21	22	0.9545454545454546	27	27	1.0
chr2	178617547	19	19	1.0	27	28	0.9642857142857143
chr2	178617799	14	14	1.0	20	21	0.9523809523809523
chr2	178617837	17	17	1.0	23	26	0.8846153846153846
chr2	178617855	11	11	1.0	19	20	0.95
chr2	178617970	21	21	1.0	30	31	0.967741935483871
chr2	178618035	10	14	0.7142857142857143	19	22	0.8636363636363636
chr2	178618123	19	19	1.0	25	25	1.0
chr2	178618265	13	16	0.8125	22	23	0.9565217391304348
chr2	178618328	12	13	0.9230769230769231	24	25	0.96
chr2	178618367	18	18	1.0	26	26	1.0
chr2	178618380	19	20	0.95	24	24	1.0
chr2	178618472	18	21	0.8571428571428571	25	26	0.9615384615384616
chr2	178618701	16	18	0.8888888888888888	19	20	0.95
chr2	178618877	21	22	0.9545454545454546	26	26	1.0
chr2	178618883	17	18	0.9444444444444444	27	27	1.0
chr2	178618894	17	17	1.0	16	18	0.8888888888888888
chr2	178619031	20	20	1.0	22	24	0.9166666666666666
chr2	178619326	17	21	0.8095238095238095	19	21	0.9047619047619048
chr2	178619685	10	10	1.0	16	20	0.8
chr2	178619712	20	20	1.0	27	27	1.0
chr2	178620007	14	17	0.8235294117647058	20	20	1.0
chr2	178620029	12	15	0.8	22	26	0.8461538461538461
chr2	178620298	23	23	1.0	26	26	1.0
chr2	178620304	19	19	1.0	26	26	1.0
chr2	178620350	18	18	1.0	19	20	0.95
chr2	178620483	20	20	1.0	21	22	0.9545454545454546
chr2	178620540	13	18	0.7222222222222222	19	20	0.95
chr2	178620956	0	6	0.0	3	13	0.23076923076923078
chr2	178620978	5	24	0.20833333333333334	9	26	0.34615384615384615
chr2	178621004	5	17	0.29411764705882354	9	22	0.4090909090909091
chr2	178621131	13	14	0.9285714285714286	22	24	0.9166666666666666
chr2	178621149	16	18	0.8888888888888888	18	21	0.8571428571428571
chr2	178621218	15	20	0.75	22	25	0.88
chr2	178621495	25	25	1.0	22	22	1.0
chr2	178621500	22	22	1.0	21	22	0.9545454545454546
chr2	178621515	20	20	1.0	25	25	1.0
chr2	178621549	22	22	1.0	27	27	1.0
chr2	178621575	8	12	0.6666666666666666	17	17	1.0
chr2	178621648	23	23	1.0	23	23	1.0
chr2	178621867	21	21	1.0	21	21	1.0
chr2	178621934	21	21	1.0	22	22	1.0
chr2	178622682	17	17	1.0	19	19	1.0
chr2	178622703	19	20	0.95	17	19	0.8947368421052632
chr2	178622734	20	20	1.0	20	20	1.0
chr2	178623202	16	18	0.8888888888888888	18	20	0.9
chr2	178623297	21	22	0.9545454545454546	23	24	0.9583333333333334
chr2	178624463	19	21	0.9047619047619048	22	23	0.9565217391304348
chr2	178624467	16	17	0.9411764705882353	22	23	0.9565217391304348
chr2	178624686	20	21	0.9523809523809523	23	23	1.0
chr2	178624690	25	26	0.9615384615384616	24	24	1.0
chr2	178625290	15	18	0.8333333333333334	22	24	0.9166666666666666
chr2	178625385	14	20	0.7	21	24	0.875
chr2	178625520	14	18	0.7777777777777778	23	25	0.92
chr2	178625737	19	22	0.8636363636363636	21	23	0.9130434782608695
chr2	178625809	15	15	1.0	22	23	0.9565217391304348
chr2	178625978	16	18	0.8888888888888888	19	22	0.8636363636363636
chr2	178626006	21	23	0.9130434782608695	22	24	0.9166666666666666
chr2	178626082	11	15	0.7333333333333333	18	23	0.782608695652174
chr2	178626357	18	18	1.0	23	23	1.0
chr2	178626488	18	18	1.0	20	21	0.9523809523809523
chr2	178626716	8	12	0.6666666666666666	9	11	0.8181818181818182
chr2	178627101	18	18	1.0	18	20	0.9
chr2	178627349	19	20	0.95	20	22	0.9090909090909091
chr2	178627382	16	16	1.0	12	13	0.9230769230769231
chr2	178627548	6	8	0.75	12	13	0.9230769230769231
chr2	178628129	17	18	0.9444444444444444	27	29	0.9310344827586207
chr2	178628764	16	16	1.0	24	24	1.0
chr2	178628862	14	17	0.8235294117647058	21	24	0.875
chr2	178628928	21	22	0.9545454545454546	23	23	1.0
chr2	178628967	18	18	1.0	23	23	1.0
chr2	178629176	22	23	0.9565217391304348	20	23	0.8695652173913043
chr2	178629270	23	24	0.9583333333333334	19	21	0.9047619047619048
chr2	178629305	17	18	0.9444444444444444	21	22	0.9545454545454546
chr2	178629356	18	20	0.9	23	24	0.9583333333333334
chr2	178629368	18	20	0.9	23	23	1.0
chr2	178629374	16	17	0.9411764705882353	24	24	1.0
chr2	178629401	17	20	0.85	20	22	0.9090909090909091
chr2	178629439	17	21	0.8095238095238095	25	26	0.9615384615384616
chr2	178629448	16	21	0.7619047619047619	24	25	0.96
chr2	178629470	20	20	1.0	28	28	1.0
chr2	178629576	24	26	0.9230769230769231	26	28	0.9285714285714286
chr2	178629582	23	24	0.9583333333333334	23	25	0.92
chr2	178629592	22	22	1.0	23	25	0.92
chr2	178629595	22	24	0.9166666666666666	25	27	0.9259259259259259
chr2	178629627	23	24	0.9583333333333334	23	24	0.9583333333333334
chr2	178629649	23	23	1.0	27	29	0.9310344827586207
chr2	178629657	26	26	1.0	29	31	0.9354838709677419
chr2	178629670	13	15	0.8666666666666667	23	24	0.9583333333333334
chr2	178629705	24	25	0.96	25	26	0.9615384615384616
chr2	178629832	5	22	0.22727272727272727	12	24	0.5
chr2	178630070	18	20	0.9	22	24	0.9166666666666666
chr2	178630239	26	28	0.9285714285714286	25	28	0.8928571428571429
chr2	178630248	21	22	0.9545454545454546	24	26	0.9230769230769231
chr2	178630298	12	19	0.631578947368421	14	21	0.6666666666666666
chr2	178630311	18	23	0.782608695652174	17	24	0.7083333333333334
chr2	178630844	20	23	0.8695652173913043	20	22	0.9090909090909091
chr2	178630868	17	20	0.85	20	21	0.9523809523809523
chr2	178630879	18	19	0.9473684210526315	24	25	0.96
chr2	178630921	22	23	0.9565217391304348	23	26	0.8846153846153846
chr2	178630939	19	20	0.95	19	20	0.95
chr2	178631128	23	24	0.9583333333333334	27	27	1.0
chr2	178632237	24	25	0.96	23	24	0.9583333333333334
chr2	178632254	25	28	0.8928571428571429	18	20	0.9
chr2	178632270	17	18	0.9444444444444444	14	16	0.875
chr2	178632289	29	30	0.9666666666666667	22	23	0.9565217391304348
chr2	178632316	18	19	0.9473684210526315	15	16	0.9375
chr2	178632406	13	20	0.65	16	18	0.8888888888888888
chr2	178632689	13	14	0.9285714285714286	15	16	0.9375
chr2	178632744	17	20	0.85	18	21	0.8571428571428571
chr2	178632826	20	25	0.8	18	20	0.9
chr2	178632894	8	17	0.47058823529411764	7	21	0.3333333333333333
chr2	178633227	11	14	0.7857142857142857	12	18	0.6666666666666666
chr2	178633293	3	11	0.2727272727272727	9	15	0.6
chr2	178633322	24	27	0.8888888888888888	22	22	1.0
chr2	178633466	17	19	0.8947368421052632	25	25	1.0
chr2	178633485	18	20	0.9	23	23	1.0
chr2	178633507	25	25	1.0	22	23	0.9565217391304348
chr2	178633510	26	26	1.0	25	26	0.9615384615384616
chr2	178633670	21	21	1.0	19	20	0.95
chr2	178634296	20	24	0.8333333333333334	24	24	1.0
chr2	178634358	22	23	0.9565217391304348	24	25	0.96
chr2	178634379	16	21	0.7619047619047619	19	20	0.95
chr2	178634476	16	18	0.8888888888888888	22	22	1.0
chr2	178634544	20	22	0.9090909090909091	18	19	0.9473684210526315
chr2	178634560	25	25	1.0	27	27	1.0
chr2	178634565	28	29	0.9655172413793104	28	28	1.0
chr2	178634574	26	27	0.9629629629629629	26	26	1.0
chr2	178634623	18	21	0.8571428571428571	21	24	0.875
chr2	178634817	17	21	0.8095238095238095	20	22	0.9090909090909091
chr2	178635019	22	23	0.9565217391304348	21	25	0.84
chr2	178635086	10	13	0.7692307692307693	15	17	0.8823529411764706
chr2	178635268	22	22	1.0	24	26	0.9230769230769231
chr2	178635300	24	26	0.9230769230769231	22	24	0.9166666666666666
chr2	178635350	23	24	0.9583333333333334	16	18	0.8888888888888888
chr2	178635399	20	20	1.0	22	22	1.0
chr2	178635578	17	19	0.8947368421052632	19	22	0.8636363636363636
chr2	178635681	24	24	1.0	23	25	0.92
chr2	178635894	14	19	0.7368421052631579	20	24	0.8333333333333334
chr2	178635937	14	16	0.875	20	22	0.9090909090909091
chr2	178635974	25	25	1.0	25	25	1.0
chr2	178636001	20	22	0.9090909090909091	22	24	0.9166666666666666
chr2	178636049	24	25	0.96	15	18	0.8333333333333334
chr2	178636066	15	19	0.7894736842105263	23	25	0.92
chr2	178636082	16	20	0.8	21	24	0.875
chr2	178636096	14	16	0.875	14	18	0.7777777777777778
chr2	178636142	23	28	0.8214285714285714	22	28	0.7857142857142857
chr2	178636147	24	27	0.8888888888888888	18	23	0.782608695652174
chr2	178636163	10	18	0.5555555555555556	11	20	0.55
chr2	178636228	21	25	0.84	18	24	0.75
chr2	178636416	16	16	1.0	16	18	0.8888888888888888
chr2	178636444	25	26	0.9615384615384616	22	25	0.88
chr2	178636472	19	20	0.95	20	20	1.0
chr2	178636546	15	16	0.9375	13	14	0.9285714285714286
chr2	178636559	18	18	1.0	23	23	1.0
chr2	178636628	18	21	0.8571428571428571	21	24	0.875
chr2	178636707	15	15	1.0	17	18	0.9444444444444444
chr2	178636763	19	19	1.0	20	21	0.9523809523809523
chr2	178636886	19	19	1.0	22	23	0.9565217391304348
chr2	178636904	17	17	1.0	25	25	1.0
chr2	178637456	20	21	0.9523809523809523	20	20	1.0
chr2	178637520	17	20	0.85	15	16	0.9375
chr2	178638138	20	24	0.8333333333333334	19	24	0.7916666666666666
chr2	178638511	7	10	0.7	10	10	1.0
chr2	178638721	14	15	0.9333333333333333	21	21	1.0
chr2	178638727	16	16	1.0	21	23	0.9130434782608695
chr2	178639480	12	19	0.631578947368421	17	19	0.8947368421052632
chr2	178639580	14	14	1.0	16	16	1.0
chr2	178639737	16	22	0.7272727272727273	21	22	0.9545454545454546
chr2	178639932	19	22	0.8636363636363636	21	23	0.9130434782608695
chr2	178640053	14	18	0.7777777777777778	14	16	0.875
chr2	178640066	13	14	0.9285714285714286	15	17	0.8823529411764706
chr2	178640190	17	20	0.85	18	21	0.8571428571428571
chr2	178641458	17	17	1.0	21	21	1.0
chr2	178641613	5	14	0.35714285714285715	9	18	0.5
chr2	178642132	12	13	0.9230769230769231	14	18	0.7777777777777778
chr2	178642206	17	17	1.0	21	22	0.9545454545454546
chr2	178642236	14	15	0.9333333333333333	20	22	0.9090909090909091
chr2	178642274	21	24	0.875	23	24	0.9583333333333334
chr2	178642279	17	18	0.9444444444444444	22	23	0.9565217391304348
chr2	178642292	16	16	1.0	18	21	0.8571428571428571
chr2	178642363	16	17	0.9411764705882353	19	20	0.95
chr2	178642430	14	14	1.0	19	20	0.95
chr2	178642668	16	16	1.0	19	20	0.95
chr2	178642771	16	19	0.8421052631578947	17	17	1.0
chr2	178642922	16	21	0.7619047619047619	19	22	0.8636363636363636
chr2	178642971	17	18	0.9444444444444444	18	19	0.9473684210526315
chr2	178642997	20	21	0.9523809523809523	23	24	0.9583333333333334
chr2	178643099	13	17	0.7647058823529411	18	19	0.9473684210526315
chr2	178643346	17	19	0.8947368421052632	20	22	0.9090909090909091
chr2	178643410	22	23	0.9565217391304348	21	22	0.9545454545454546
chr2	178644046	11	15	0.7333333333333333	16	18	0.8888888888888888
chr2	178644472	20	22	0.9090909090909091	21	21	1.0
chr2	178644771	18	18	1.0	14	14	1.0
chr2	178645131	19	22	0.8636363636363636	19	21	0.9047619047619048
chr2	178645589	18	19	0.9473684210526315	18	20	0.9
chr2	178645689	19	21	0.9047619047619048	21	22	0.9545454545454546
chr2	178645696	21	23	0.9130434782608695	22	23	0.9565217391304348
chr2	178646174	23	23	1.0	21	23	0.9130434782608695
chr2	178646520	9	9	1.0	13	14	0.9285714285714286
chr2	178646555	16	17	0.9411764705882353	21	22	0.9545454545454546
chr2	178646701	12	14	0.8571428571428571	22	22	1.0
chr2	178646795	14	15	0.9333333333333333	18	19	0.9473684210526315
chr2	178647302	16	19	0.8421052631578947	21	23	0.9130434782608695
chr2	178647373	13	14	0.9285714285714286	18	18	1.0
chr2	178647876	16	17	0.9411764705882353	21	22	0.9545454545454546
chr2	178648032	18	19	0.9473684210526315	26	27	0.9629629629629629
chr2	178648037	18	19	0.9473684210526315	25	26	0.9615384615384616
chr2	178648597	9	11	0.8181818181818182	22	23	0.9565217391304348
chr2	178648688	14	15	0.9333333333333333	19	21	0.9047619047619048
chr2	178648704	9	12	0.75	16	18	0.8888888888888888
chr2	178648808	12	17	0.7058823529411765	14	19	0.7368421052631579
chr2	178649538	10	13	0.7692307692307693	23	23	1.0
chr2	178649826	18	19	0.9473684210526315	24	26	0.9230769230769231
chr2	178650340	12	14	0.8571428571428571	21	26	0.8076923076923077
chr2	178650710	12	18	0.6666666666666666	18	22	0.8181818181818182
chr2	178650735	10	17	0.5882352941176471	18	24	0.75
chr2	178650743	12	19	0.631578947368421	19	26	0.7307692307692307
chr2	178650769	12	14	0.8571428571428571	24	24	1.0
chr2	178650898	19	19	1.0	26	26	1.0
chr2	178651161	8	10	0.8	14	17	0.8235294117647058
chr2	178651419	17	18	0.9444444444444444	22	26	0.8461538461538461
chr2	178651530	8	13	0.6153846153846154	19	23	0.8260869565217391
chr2	178651698	17	19	0.8947368421052632	21	23	0.9130434782608695
chr2	178651743	20	21	0.9523809523809523	21	21	1.0
chr2	178651781	21	21	1.0	25	27	0.9259259259259259
chr2	178651851	16	19	0.8421052631578947	25	27	0.9259259259259259
chr2	178651893	22	23	0.9565217391304348	24	24	1.0
chr2	178651896	21	22	0.9545454545454546	24	24	1.0
chr2	178651961	16	21	0.7619047619047619	15	18	0.8333333333333334
chr2	178652114	12	16	0.75	17	18	0.9444444444444444
chr2	178652494	16	19	0.8421052631578947	16	18	0.8888888888888888
chr2	178652527	10	10	1.0	15	17	0.8823529411764706
chr2	178652629	23	23	1.0	25	25	1.0
chr2	178652689	6	9	0.6666666666666666	17	19	0.8947368421052632
chr2	178653855	15	15	1.0	12	15	0.8
chr2	178653873	21	21	1.0	19	21	0.9047619047619048
chr2	178654020	15	18	0.8333333333333334	15	16	0.9375
chr2	178654132	19	21	0.9047619047619048	19	19	1.0
chr2	178654215	14	19	0.7368421052631579	19	22	0.8636363636363636
chr2	178654226	9	13	0.6923076923076923	10	12	0.8333333333333334
chr2	178654340	12	13	0.9230769230769231	17	19	0.8947368421052632
chr2	178654379	17	17	1.0	20	23	0.8695652173913043
chr2	178654382	20	20	1.0	25	28	0.8928571428571429
chr2	178654417	14	15	0.9333333333333333	13	14	0.9285714285714286
chr2	178654484	12	15	0.8	12	14	0.8571428571428571
chr2	178654514	16	16	1.0	23	24	0.9583333333333334
chr2	178654763	17	18	0.9444444444444444	20	22	0.9090909090909091
chr2	178655145	18	20	0.9	19	21	0.9047619047619048
chr2	178655172	17	19	0.8947368421052632	21	22	0.9545454545454546
chr2	178655184	18	18	1.0	22	23	0.9565217391304348
chr2	178655538	13	16	0.8125	20	22	0.9090909090909091
chr2	178655661	14	15	0.9333333333333333	19	21	0.9047619047619048
chr2	178655772	17	21	0.8095238095238095	21	25	0.84
chr2	178655834	12	14	0.8571428571428571	19	19	1.0
chr2	178655885	6	8	0.75	15	15	1.0
chr2	178656005	23	23	1.0	27	27	1.0
chr2	178656010	22	22	1.0	26	26	1.0
chr2	178656422	15	17	0.8823529411764706	21	24	0.875
chr2	178656522	15	15	1.0	22	27	0.8148148148148148
chr2	178656563	19	19	1.0	23	23	1.0
chr2	178656598	18	19	0.9473684210526315	28	29	0.9655172413793104
chr2	178656761	11	22	0.5	18	28	0.6428571428571429
chr2	178656768	12	22	0.5454545454545454	18	28	0.6428571428571429
chr2	178656855	10	17	0.5882352941176471	15	28	0.5357142857142857
chr2	178656955	13	17	0.7647058823529411	27	29	0.9310344827586207
chr2	178656963	13	18	0.7222222222222222	27	30	0.9
chr2	178656976	21	22	0.9545454545454546	29	31	0.9354838709677419
chr2	178657251	11	12	0.9166666666666666	23	25	0.92
chr2	178657318	16	18	0.8888888888888888	24	27	0.8888888888888888
chr2	178657362	17	19	0.8947368421052632	27	29	0.9310344827586207
chr2	178657376	14	16	0.875	25	28	0.8928571428571429
chr2	178657534	10	11	0.9090909090909091	17	18	0.9444444444444444
chr2	178658086	9	10	0.9	18	20	0.9
chr2	178658115	8	8	1.0	20	20	1.0
chr2	178658133	21	21	1.0	25	26	0.9615384615384616
chr2	178658280	11	12	0.9166666666666666	20	23	0.8695652173913043
chr2	178658429	20	20	1.0	29	29	1.0
chr2	178658475	11	12	0.9166666666666666	24	28	0.8571428571428571
chr2	178658486	8	10	0.8	9	18	0.5
chr2	178658600	9	12	0.75	14	21	0.6666666666666666
chr2	178658639	20	21	0.9523809523809523	25	29	0.8620689655172413
chr2	178658642	21	22	0.9545454545454546	24	28	0.8571428571428571
chr2	178658677	11	16	0.6875	20	25	0.8
chr2	178658744	17	21	0.8095238095238095	20	25	0.8
chr2	178658774	12	13	0.9230769230769231	24	27	0.8888888888888888
chr2	178658835	15	16	0.9375	22	22	1.0
chr2	178659023	8	9	0.8888888888888888	24	24	1.0
chr2	178659405	17	18	0.9444444444444444	26	28	0.9285714285714286
chr2	178659432	19	19	1.0	28	29	0.9655172413793104
chr2	178659536	18	18	1.0	31	32	0.96875
chr2	178659798	19	23	0.8260869565217391	23	26	0.8846153846153846
chr2	178659921	8	8	1.0	23	25	0.92
chr2	178660032	20	22	0.9090909090909091	27	31	0.8709677419354839
chr2	178660094	14	18	0.7777777777777778	25	26	0.9615384615384616
chr2	178660145	13	14	0.9285714285714286	22	22	1.0
chr2	178660265	19	19	1.0	31	33	0.9393939393939394
chr2	178660270	21	21	1.0	31	33	0.9393939393939394
chr2	178660682	13	13	1.0	19	23	0.8260869565217391
chr2	178660783	14	15	0.9333333333333333	19	23	0.8260869565217391
chr2	178660824	16	16	1.0	31	32	0.96875
chr2	178660859	16	17	0.9411764705882353	31	33	0.9393939393939394
chr2	178661022	10	22	0.45454545454545453	18	32	0.5625
chr2	178661029	11	22	0.5	16	30	0.5333333333333333
chr2	178661116	13	17	0.7647058823529411	17	27	0.6296296296296297
chr2	178661216	16	20	0.8	27	31	0.8709677419354839
chr2	178661224	16	21	0.7619047619047619	27	32	0.84375
chr2	178661237	17	18	0.9444444444444444	33	34	0.9705882352941176
chr2	178661512	15	15	1.0	19	20	0.95
chr2	178661579	14	16	0.875	29	31	0.9354838709677419
chr2	178661623	15	17	0.8823529411764706	27	28	0.9642857142857143
chr2	178661637	14	14	1.0	28	29	0.9655172413793104
chr2	178661795	6	10	0.6	17	22	0.7727272727272727
chr2	178662376	6	10	0.6	17	20	0.85
chr2	178662541	8	9	0.8888888888888888	17	18	0.9444444444444444
chr2	178662690	20	21	0.9523809523809523	30	30	1.0
chr2	178662736	11	13	0.8461538461538461	18	20	0.9
chr2	178662747	6	10	0.6	16	21	0.7619047619047619
chr2	178662861	10	14	0.7142857142857143	15	16	0.9375
chr2	178662900	17	17	1.0	28	30	0.9333333333333333
chr2	178662903	18	18	1.0	28	30	0.9333333333333333
chr2	178662938	13	15	0.8666666666666667	19	21	0.9047619047619048
chr2	178663005	11	13	0.8461538461538461	20	28	0.7142857142857143
chr2	178663035	13	15	0.8666666666666667	19	22	0.8636363636363636
chr2	178663144	13	14	0.9285714285714286	23	25	0.92
chr2	178663284	10	10	1.0	23	23	1.0
chr2	178663669	16	16	1.0	30	30	1.0
chr2	178663872	16	16	1.0	27	28	0.9642857142857143
chr2	178663874	21	21	1.0	31	32	0.96875
chr2	178663945	16	16	1.0	22	25	0.88
chr2	178664054	15	17	0.8823529411764706	17	21	0.8095238095238095
chr2	178664092	9	12	0.75	20	25	0.8
chr2	178664261	7	9	0.7777777777777778	15	19	0.7894736842105263
chr2	178664414	17	19	0.8947368421052632	27	32	0.84375
chr2	178664508	13	14	0.9285714285714286	18	20	0.9
chr2	178664532	13	14	0.9285714285714286	24	25	0.96
chr2	178664696	11	12	0.9166666666666666	21	25	0.84
chr2	178664920	7	10	0.7	19	23	0.8260869565217391
chr2	178664924	12	16	0.75	24	31	0.7741935483870968
chr2	178665127	10	11	0.9090909090909091	30	30	1.0
chr2	178665129	13	13	1.0	30	30	1.0
chr2	178665371	20	22	0.9090909090909091	32	33	0.9696969696969697
chr2	178665384	12	12	1.0	22	25	0.88
chr2	178665701	17	17	1.0	29	31	0.9354838709677419
chr2	178665775	11	14	0.7857142857142857	27	30	0.9
chr2	178665899	11	13	0.8461538461538461	20	25	0.8
chr2	178665911	13	13	1.0	25	25	1.0
chr2	178665948	17	17	1.0	29	29	1.0
chr2	178666109	20	20	1.0	23	25	0.92
chr2	178666123	16	16	1.0	21	25	0.84
chr2	178668081	15	16	0.9375	21	22	0.9545454545454546
chr2	178668446	14	16	0.875	25	26	0.9615384615384616
chr2	178668504	12	18	0.6666666666666666	26	32	0.8125
chr2	178668587	13	14	0.9285714285714286	26	30	0.8666666666666667
chr2	178668623	14	15	0.9333333333333333	26	29	0.896551724137931
chr2	178668662	13	13	1.0	31	31	1.0
chr2	178668685	11	16	0.6875	15	26	0.5769230769230769
chr2	178668893	11	11	1.0	20	26	0.7692307692307693
chr2	178669340	14	15	0.9333333333333333	29	33	0.8787878787878788
chr2	178669496	20	22	0.9090909090909091	33	35	0.9428571428571428
chr2	178669632	14	16	0.875	27	27	1.0
chr2	178669669	4	7	0.5714285714285714	13	18	0.7222222222222222
chr2	178669765	19	20	0.95	29	32	0.90625
chr2	178669837	21	21	1.0	29	30	0.9666666666666667
chr2	178670052	20	22	0.9090909090909091	34	35	0.9714285714285714
chr2	178670252	21	22	0.9545454545454546	31	34	0.9117647058823529
chr2	178670290	14	15	0.9333333333333333	29	32	0.90625
chr2	178670603	21	21	1.0	32	34	0.9411764705882353
chr2	178671109	12	15	0.8	25	28	0.8928571428571429
chr2	178671129	16	17	0.9411764705882353	32	34	0.9411764705882353
chr2	178671235	15	15	1.0	34	35	0.9714285714285714
chr2	178671809	17	18	0.9444444444444444	20	25	0.8
chr2	178672114	18	18	1.0	31	32	0.96875
chr2	178672160	11	12	0.9166666666666666	26	27	0.9629629629629629
chr2	178672227	15	16	0.9375	28	28	1.0
chr2	178672378	15	18	0.8333333333333334	26	28	0.9285714285714286
chr2	178672514	13	15	0.8666666666666667	18	22	0.8181818181818182
chr2	178672588	12	15	0.8	21	29	0.7241379310344828
chr2	178672777	16	16	1.0	33	33	1.0
chr2	178673216	15	15	1.0	27	29	0.9310344827586207
chr2	178673313	14	14	1.0	29	30	0.9666666666666667
chr2	178673437	11	12	0.9166666666666666	22	27	0.8148148148148148
chr2	178673461	12	12	1.0	24	30	0.8
chr2	178674086	13	13	1.0	34	34	1.0
chr2	178674213	14	19	0.7368421052631579	22	28	0.7857142857142857
chr2	178674304	15	16	0.9375	25	30	0.8333333333333334
chr2	178674498	9	9	1.0	22	24	0.9166666666666666
chr2	178674503	17	18	0.9444444444444444	31	33	0.9393939393939394
chr2	178675079	1	10	0.1	9	26	0.34615384615384615
chr2	178675175	12	16	0.75	19	30	0.6333333333333333
chr2	178675252	14	14	1.0	29	30	0.9666666666666667
chr2	178675482	17	18	0.9444444444444444	25	28	0.8928571428571429
chr2	178675556	18	18	1.0	29	32	0.90625
chr2	178675632	8	9	0.8888888888888888	19	21	0.9047619047619048
chr2	178675844	12	13	0.9230769230769231	28	30	0.9333333333333333
chr2	178675906	10	10	1.0	20	22	0.9090909090909091
chr2	178676093	18	18	1.0	29	30	0.9666666666666667
chr2	178676226	9	9	1.0	26	27	0.9629629629629629
chr2	178676257	10	11	0.9090909090909091	26	28	0.9285714285714286
chr2	178676341	7	12	0.5833333333333334	22	25	0.88
chr2	178676406	14	15	0.9333333333333333	32	33	0.9696969696969697
chr2	178676669	12	12	1.0	30	31	0.967741935483871
chr2	178676702	12	12	1.0	29	30	0.9666666666666667
chr2	178677070	11	12	0.9166666666666666	24	25	0.96
chr2	178677236	14	17	0.8235294117647058	22	24	0.9166666666666666
chr2	178677371	12	15	0.8	21	22	0.9545454545454546
chr2	178677710	2	11	0.18181818181818182	2	27	0.07407407407407407
chr2	178677904	1	14	0.07142857142857142	6	25	0.24
chr2	178678152	8	10	0.8	18	19	0.9473684210526315
chr2	178678503	12	13	0.9230769230769231	24	25	0.96
chr2	178678530	11	14	0.7857142857142857	29	29	1.0
chr2	178679013	13	14	0.9285714285714286	24	25	0.96
chr2	178679022	16	17	0.9411764705882353	26	27	0.9629629629629629
chr2	178679186	5	7	0.7142857142857143	14	14	1.0
chr2	178679218	17	17	1.0	34	35	0.9714285714285714
chr2	178679348	9	11	0.8181818181818182	24	25	0.96
chr2	178679498	9	11	0.8181818181818182	25	25	1.0
chr2	178679577	9	9	1.0	22	22	1.0
chr2	178679605	10	11	0.9090909090909091	27	28	0.9642857142857143
chr2	178680219	11	11	1.0	29	30	0.9666666666666667
chr2	178680304	16	16	1.0	26	27	0.9629629629629629
chr2	178680449	12	12	1.0	25	27	0.9259259259259259
chr2	178680801	14	14	1.0	24	25	0.96
chr2	178681057	18	19	0.9473684210526315	28	30	0.9333333333333333
chr2	178681087	10	11	0.9090909090909091	16	22	0.7272727272727273
chr2	178681113	13	15	0.8666666666666667	17	21	0.8095238095238095
chr2	178681131	14	16	0.875	28	31	0.9032258064516129
chr2	178681303	12	12	1.0	28	29	0.9655172413793104
chr2	178681667	10	10	1.0	25	26	0.9615384615384616
chr2	178682310	9	11	0.8181818181818182	24	25	0.96
chr2	178682373	8	9	0.8888888888888888	17	21	0.8095238095238095
chr2	178682441	14	14	1.0	19	21	0.9047619047619048
chr2	178682474	4	8	0.5	8	11	0.7272727272727273
chr2	178682556	17	17	1.0	24	24	1.0
chr2	178682564	15	15	1.0	28	28	1.0
chr2	178682725	16	16	1.0	21	22	0.9545454545454546
chr2	178682737	14	15	0.9333333333333333	28	30	0.9333333333333333
chr2	178682744	13	13	1.0	29	31	0.9354838709677419
chr2	178682836	9	10	0.9	17	17	1.0
chr2	178682994	13	16	0.8125	28	28	1.0
chr2	178683474	13	15	0.8666666666666667	25	26	0.9615384615384616
chr2	178683791	17	20	0.85	22	25	0.88
chr2	178684068	9	14	0.6428571428571429	8	13	0.6153846153846154
chr2	178684320	15	16	0.9375	21	23	0.9130434782608695
chr2	178684345	18	18	1.0	21	24	0.875
chr2	178684456	14	14	1.0	22	24	0.9166666666666666
chr2	178684782	11	15	0.7333333333333333	21	23	0.9130434782608695
chr2	178685094	16	17	0.9411764705882353	21	22	0.9545454545454546
chr2	178685119	18	18	1.0	27	28	0.9642857142857143
chr2	178685144	15	16	0.9375	22	23	0.9565217391304348
chr2	178685259	12	13	0.9230769230769231	20	21	0.9523809523809523
chr2	178685378	14	14	1.0	26	26	1.0
chr2	178685768	13	13	1.0	24	25	0.96
chr2	178685860	17	17	1.0	23	23	1.0
chr2	178685874	16	17	0.9411764705882353	24	24	1.0
chr2	178685886	18	18	1.0	21	23	0.9130434782608695
chr2	178686033	12	15	0.8	21	22	0.9545454545454546
chr2	178686142	18	18	1.0	27	28	0.9642857142857143
chr2	178686150	17	17	1.0	27	28	0.9642857142857143
chr2	178686158	18	18	1.0	27	28	0.9642857142857143
chr2	178686180	17	19	0.8947368421052632	24	26	0.9230769230769231
chr2	178686188	17	19	0.8947368421052632	24	26	0.9230769230769231
chr2	178686205	13	15	0.8666666666666667	23	24	0.9583333333333334
chr2	178686212	13	15	0.8666666666666667	23	24	0.9583333333333334
chr2	178686220	13	15	0.8666666666666667	22	23	0.9565217391304348
chr2	178686264	20	21	0.9523809523809523	27	27	1.0
chr2	178686268	20	21	0.9523809523809523	26	26	1.0
chr2	178686276	20	21	0.9523809523809523	27	27	1.0
chr2	178686280	20	21	0.9523809523809523	27	27	1.0
chr2	178686309	14	15	0.9333333333333333	21	21	1.0
chr2	178686320	16	18	0.8888888888888888	23	24	0.9583333333333334
chr2	178686329	15	17	0.8823529411764706	24	25	0.96
chr2	178686340	12	14	0.8571428571428571	20	21	0.9523809523809523
chr2	178686354	14	16	0.875	22	22	1.0
chr2	178686365	18	19	0.9473684210526315	26	27	0.9629629629629629
chr2	178686370	17	18	0.9444444444444444	26	27	0.9629629629629629
chr2	178686398	18	20	0.9	27	29	0.9310344827586207
chr2	178686408	16	18	0.8888888888888888	27	29	0.9310344827586207
chr2	178686410	18	20	0.9	27	29	0.9310344827586207
chr2	178686414	18	19	0.9473684210526315	27	29	0.9310344827586207
chr2	178686501	8	13	0.6153846153846154	18	25	0.72
chr2	178686765	18	20	0.9	24	25	0.96
chr2	178686938	12	16	0.75	20	20	1.0
chr2	178688460	12	13	0.9230769230769231	20	22	0.9090909090909091
chr2	178688480	10	11	0.9090909090909091	22	23	0.9565217391304348
chr2	178688665	8	8	1.0	13	15	0.8666666666666667
chr2	178688679	16	16	1.0	26	26	1.0
chr2	178688684	15	15	1.0	24	24	1.0
chr2	178688686	17	17	1.0	24	24	1.0
chr2	178688712	13	13	1.0	24	26	0.9230769230769231
chr2	178688997	11	12	0.9166666666666666	18	20	0.9
chr2	178689054	10	10	1.0	17	21	0.8095238095238095
chr2	178689076	7	10	0.7	16	16	1.0
chr2	178689112	13	13	1.0	22	22	1.0
chr2	178689321	10	10	1.0	18	18	1.0
chr2	178689672	11	13	0.8461538461538461	13	15	0.8666666666666667
chr2	178689794	11	14	0.7857142857142857	21	23	0.9130434782608695
chr2	178689797	6	8	0.75	18	21	0.8571428571428571
chr2	178689851	7	11	0.6363636363636364	15	18	0.8333333333333334
chr2	178690235	14	15	0.9333333333333333	23	24	0.9583333333333334
chr2	178690709	9	12	0.75	16	19	0.8421052631578947
chr2	178690803	12	13	0.9230769230769231	17	20	0.85
chr2	178690894	12	18	0.6666666666666666	19	21	0.9047619047619048
chr2	178691010	5	7	0.7142857142857143	19	19	1.0
chr2	178691273	8	9	0.8888888888888888	18	18	1.0
chr2	178691318	12	12	1.0	21	21	1.0
chr2	178691430	6	7	0.8571428571428571	13	14	0.9285714285714286
chr2	178691529	12	12	1.0	19	20	0.95
chr2	178691552	13	14	0.9285714285714286	19	21	0.9047619047619048
chr2	178691566	16	18	0.8888888888888888	16	19	0.8421052631578947
chr2	178691874	6	10	0.6	11	18	0.6111111111111112
chr2	178691953	17	19	0.8947368421052632	19	22	0.8636363636363636
chr2	178692010	17	19	0.8947368421052632	12	16	0.75
chr2	178692075	8	12	0.6666666666666666	8	15	0.5333333333333333
chr2	178692307	11	17	0.6470588235294118	17	20	0.85
chr2	178692816	12	12	1.0	12	15	0.8
chr2	178692863	16	16	1.0	20	21	0.9523809523809523
chr2	178693019	9	10	0.9	12	12	1.0
chr2	178693375	14	15	0.9333333333333333	20	20	1.0
chr2	178693460	8	9	0.8888888888888888	15	18	0.8333333333333334
chr2	178693644	13	15	0.8666666666666667	22	23	0.9565217391304348
chr2	178693683	11	12	0.9166666666666666	11	11	1.0
chr2	178693837	16	16	1.0	23	23	1.0
chr2	178694499	12	16	0.75	18	24	0.75
chr2	178694633	5	8	0.625	6	7	0.8571428571428571
chr2	178694863	8	8	1.0	12	16	0.75
chr2	178695058	4	9	0.4444444444444444	8	9	0.8888888888888888
chr2	178695082	19	20	0.95	21	23	0.9130434782608695
chr2	178695507	14	14	1.0	19	22	0.8636363636363636
chr2	178695531	14	15	0.9333333333333333	15	17	0.8823529411764706
chr2	178695936	5	15	0.3333333333333333	4	20	0.2
chr2	178695999	8	14	0.5714285714285714	10	18	0.5555555555555556
chr2	178696104	15	16	0.9375	19	21	0.9047619047619048
chr2	178696119	8	8	1.0	18	18	1.0
chr2	178696595	16	18	0.8888888888888888	22	24	0.9166666666666666
chr2	178697749	16	19	0.8421052631578947	15	16	0.9375
chr2	178698359	15	16	0.9375	23	24	0.9583333333333334
chr2	178698702	19	21	0.9047619047619048	24	27	0.8888888888888888
chr2	178698708	19	21	0.9047619047619048	23	26	0.8846153846153846
chr2	178698847	15	15	1.0	20	22	0.9090909090909091
chr2	178699032	15	15	1.0	18	19	0.9473684210526315
chr2	178699251	17	19	0.8947368421052632	22	22	1.0
chr2	178699328	10	12	0.8333333333333334	17	18	0.9444444444444444
chr2	178699433	17	17	1.0	27	27	1.0
chr2	178699441	17	17	1.0	27	27	1.0
chr2	178699458	12	15	0.8	18	20	0.9
chr2	178699471	23	24	0.9583333333333334	28	28	1.0
chr2	178699479	23	24	0.9583333333333334	28	28	1.0
chr2	178699496	8	14	0.5714285714285714	14	18	0.7777777777777778
chr2	178699535	12	13	0.9230769230769231	25	27	0.9259259259259259
chr2	178699555	22	23	0.9565217391304348	30	31	0.967741935483871
chr2	178699559	22	23	0.9565217391304348	30	31	0.967741935483871
chr2	178699565	22	23	0.9565217391304348	28	28	1.0
chr2	178699567	22	23	0.9565217391304348	30	31	0.967741935483871
chr2	178699571	21	22	0.9545454545454546	29	30	0.9666666666666667
chr2	178699600	14	17	0.8235294117647058	21	23	0.9130434782608695
chr2	178699611	16	18	0.8888888888888888	20	21	0.9523809523809523
chr2	178699631	10	11	0.9090909090909091	20	23	0.8695652173913043
chr2	178699652	21	22	0.9545454545454546	28	30	0.9333333333333333
chr2	178699656	21	22	0.9545454545454546	28	29	0.9655172413793104
chr2	178699661	20	21	0.9523809523809523	28	30	0.9333333333333333
chr2	178699689	20	22	0.9090909090909091	27	28	0.9642857142857143
chr2	178699699	20	22	0.9090909090909091	27	28	0.9642857142857143
chr2	178699701	21	23	0.9130434782608695	27	28	0.9642857142857143
chr2	178699748	15	16	0.9375	18	20	0.9
chr2	178699788	21	22	0.9545454545454546	26	27	0.9629629629629629
chr2	178699794	22	23	0.9565217391304348	25	26	0.9615384615384616
chr2	178699811	21	22	0.9545454545454546	26	27	0.9629629629629629
chr2	178699818	21	22	0.9545454545454546	26	27	0.9629629629629629
chr2	178699826	21	23	0.9130434782608695	26	27	0.9629629629629629
chr2	178699883	18	18	1.0	24	27	0.8888888888888888
chr2	178699887	18	18	1.0	24	27	0.8888888888888888
chr2	178699916	21	21	1.0	31	31	1.0
chr2	178699918	19	19	1.0	29	29	1.0
chr2	178699927	21	21	1.0	29	29	1.0
chr2	178699935	21	21	1.0	31	31	1.0
chr2	178699949	21	22	0.9545454545454546	32	32	1.0
chr2	178699956	21	22	0.9545454545454546	32	32	1.0
chr2	178699965	21	22	0.9545454545454546	32	32	1.0
chr2	178699993	22	22	1.0	28	29	0.9655172413793104
chr2	178700003	22	22	1.0	28	29	0.9655172413793104
chr2	178700005	22	22	1.0	28	29	0.9655172413793104
chr2	178700221	16	18	0.8888888888888888	18	22	0.8181818181818182
chr2	178700328	17	19	0.8947368421052632	29	29	1.0
chr2	178700347	7	9	0.7777777777777778	19	21	0.9047619047619048
chr2	178701042	0	17	0.0	0	23	0.0
chr2	178701064	1	16	0.0625	4	24	0.16666666666666666
chr2	178701091	6	19	0.3157894736842105	10	23	0.43478260869565216
chr2	178701127	2	22	0.09090909090909091	0	27	0.0
chr2	178701152	9	14	0.6428571428571429	7	15	0.4666666666666667
chr2	178701220	9	9	1.0	24	25	0.96
chr2	178701251	19	19	1.0	25	27	0.9259259259259259
chr2	178701310	7	13	0.5384615384615384	11	20	0.55
chr2	178701323	4	8	0.5	8	16	0.5
chr2	178701446	15	16	0.9375	18	19	0.9473684210526315
chr2	178701462	14	14	1.0	19	22	0.8636363636363636
chr2	178701750	11	14	0.7857142857142857	15	17	0.8823529411764706
chr2	178702121	20	21	0.9523809523809523	26	28	0.9285714285714286
chr2	178702128	16	16	1.0	24	24	1.0
chr2	178702156	24	24	1.0	24	24	1.0
chr2	178702171	19	19	1.0	22	25	0.88
chr2	178702174	19	19	1.0	23	25	0.92
chr2	178702192	15	19	0.7894736842105263	20	21	0.9523809523809523
chr2	178702223	25	27	0.9259259259259259	25	27	0.9259259259259259
chr2	178702227	25	27	0.9259259259259259	26	28	0.9285714285714286
chr2	178702234	21	22	0.9545454545454546	23	23	1.0
chr2	178702314	22	23	0.9565217391304348	25	26	0.9615384615384616
chr2	178702377	22	23	0.9565217391304348	22	23	0.9565217391304348
chr2	178702407	18	21	0.8571428571428571	25	29	0.8620689655172413
chr2	178702459	19	22	0.8636363636363636	25	27	0.9259259259259259
chr2	178702497	22	23	0.9565217391304348	23	23	1.0
chr2	178702624	14	23	0.6086956521739131	15	21	0.7142857142857143
chr2	178702638	18	21	0.8571428571428571	24	27	0.8888888888888888
chr2	178702871	19	22	0.8636363636363636	20	22	0.9090909090909091
chr2	178703119	18	19	0.9473684210526315	25	25	1.0
chr2	178703125	16	17	0.9411764705882353	27	27	1.0
chr2	178703496	20	22	0.9090909090909091	24	25	0.96
chr2	178703941	24	25	0.96	20	23	0.8695652173913043
chr2	178704018	20	24	0.8333333333333334	28	29	0.9655172413793104
chr2	178704141	25	26	0.9615384615384616	25	25	1.0
chr2	178704149	24	25	0.96	27	28	0.9642857142857143
chr2	178704217	17	17	1.0	20	20	1.0
chr2	178704391	18	18	1.0	26	27	0.9629629629629629
chr2	178704426	19	20	0.95	21	22	0.9545454545454546
chr2	178704447	16	17	0.9411764705882353	21	21	1.0
chr2	178704527	23	23	1.0	22	24	0.9166666666666666
chr2	178704533	21	21	1.0	22	24	0.9166666666666666
chr2	178704556	20	21	0.9523809523809523	27	27	1.0
chr2	178704607	11	12	0.9166666666666666	21	21	1.0
chr2	178704672	13	16	0.8125	13	16	0.8125
chr2	178704932	6	21	0.2857142857142857	7	22	0.3181818181818182
chr2	178705022	18	20	0.9	22	23	0.9565217391304348
chr2	178705076	19	20	0.95	24	26	0.9230769230769231
chr2	178705234	9	9	1.0	15	15	1.0
chr2	178705258	12	15	0.8	18	21	0.8571428571428571
chr2	178705534	16	18	0.8888888888888888	23	24	0.9583333333333334
chr2	178705725	23	23	1.0	24	25	0.96
chr2	178705731	23	23	1.0	27	28	0.9642857142857143
chr2	178705985	12	14	0.8571428571428571	18	19	0.9473684210526315
chr2	178706396	14	15	0.9333333333333333	16	17	0.9411764705882353
chr2	178706427	17	20	0.85	21	22	0.9545454545454546
chr2	178706475	17	18	0.9444444444444444	18	19	0.9473684210526315
chr2	178706547	17	17	1.0	24	24	1.0
chr2	178706559	18	18	1.0	22	23	0.9565217391304348
chr2	178706564	17	18	0.9444444444444444	24	25	0.96
chr2	178706619	19	19	1.0	23	24	0.9583333333333334
chr2	178706642	11	18	0.6111111111111112	11	16	0.6875
chr2	178706728	14	17	0.8235294117647058	20	22	0.9090909090909091
chr2	178706867	14	14	1.0	19	20	0.95
chr2	178706916	17	18	0.9444444444444444	24	25	0.96
chr2	178707232	16	17	0.9411764705882353	22	23	0.9565217391304348
chr2	178707262	16	19	0.8421052631578947	20	23	0.8695652173913043
chr2	178707595	9	12	0.75	15	19	0.7894736842105263
chr2	178707747	15	18	0.8333333333333334	20	22	0.9090909090909091
chr2	178708153	8	11	0.7272727272727273	20	23	0.8695652173913043
chr2	178708213	16	18	0.8888888888888888	19	20	0.95
chr2	178708977	17	18	0.9444444444444444	26	26	1.0
chr2	178709097	11	14	0.7857142857142857	23	25	0.92
chr2	178709290	19	19	1.0	25	25	1.0
chr2	178709354	10	10	1.0	14	17	0.8235294117647058
chr2	178709373	12	13	0.9230769230769231	19	19	1.0
chr2	178709574	17	19	0.8947368421052632	27	28	0.9642857142857143
chr2	178709584	18	20	0.9	25	26	0.9615384615384616
chr2	178709637	17	18	0.9444444444444444	23	24	0.9583333333333334
chr2	178709640	18	19	0.9473684210526315	25	26	0.9615384615384616
chr2	178709674	13	14	0.9285714285714286	24	26	0.9230769230769231
chr2	178709771	18	20	0.9	21	22	0.9545454545454546
chr2	178709852	10	10	1.0	22	23	0.9565217391304348
chr2	178710018	12	14	0.8571428571428571	21	24	0.875
chr2	178710215	15	17	0.8823529411764706	15	15	1.0
chr2	178710273	10	11	0.9090909090909091	14	20	0.7
chr2	178710318	19	20	0.95	21	24	0.875
chr2	178710402	18	18	1.0	24	26	0.9230769230769231
chr2	178710424	14	15	0.9333333333333333	20	21	0.9523809523809523
chr2	178710445	16	16	1.0	22	22	1.0
chr2	178710567	10	13	0.7692307692307693	16	19	0.8421052631578947
chr2	178710628	20	20	1.0	25	25	1.0
chr2	178710742	22	23	0.9565217391304348	23	23	1.0
chr2	178710775	19	19	1.0	22	23	0.9565217391304348
chr2	178710783	22	22	1.0	21	23	0.9130434782608695
chr2	178710821	16	17	0.9411764705882353	18	21	0.8571428571428571
chr2	178710833	17	18	0.9444444444444444	20	20	1.0
chr2	178710838	18	19	0.9473684210526315	21	21	1.0
chr2	178710891	9	14	0.6428571428571429	11	15	0.7333333333333333
chr2	178711141	18	19	0.9473684210526315	17	18	0.9444444444444444
chr2	178711223	15	16	0.9375	17	19	0.8947368421052632
chr2	178711241	11	12	0.9166666666666666	17	18	0.9444444444444444
chr2	178711321	19	20	0.95	23	24	0.9583333333333334
chr2	178711422	21	23	0.9130434782608695	20	20	1.0
chr2	178711426	21	22	0.9545454545454546	21	21	1.0
chr2	178711673	14	19	0.7368421052631579	18	22	0.8181818181818182
chr2	178711916	14	14	1.0	18	20	0.9
chr2	178711949	16	18	0.8888888888888888	24	24	1.0
chr2	178711982	15	16	0.9375	15	16	0.9375
chr2	178712082	18	20	0.9	21	21	1.0
chr2	178712190	8	13	0.6153846153846154	16	18	0.8888888888888888
chr2	178712214	16	17	0.9411764705882353	22	23	0.9565217391304348
chr2	178712274	16	21	0.7619047619047619	22	25	0.88
chr2	178712423	14	14	1.0	23	24	0.9583333333333334
chr2	178712435	21	22	0.9545454545454546	26	26	1.0
chr2	178712495	19	22	0.8636363636363636	21	23	0.9130434782608695
chr2	178712665	22	22	1.0	23	24	0.9583333333333334
chr2	178712786	18	19	0.9473684210526315	20	22	0.9090909090909091
chr2	178712825	21	24	0.875	23	25	0.92
chr2	178712900	18	18	1.0	27	27	1.0
chr2	178713315	16	19	0.8421052631578947	15	23	0.6521739130434783
chr2	178713363	15	20	0.75	21	27	0.7777777777777778
chr2	178713368	11	15	0.7333333333333333	19	23	0.8260869565217391
chr2	178713500	10	13	0.7692307692307693	22	25	0.88
chr2	178713602	16	17	0.9411764705882353	22	25	0.88
chr2	178713790	7	7	1.0	17	18	0.9444444444444444
chr2	178713975	8	14	0.5714285714285714	9	18	0.5
chr2	178714001	6	13	0.46153846153846156	11	20	0.55
chr2	178714128	10	11	0.9090909090909091	6	11	0.5454545454545454
chr2	178714291	18	20	0.9	32	32	1.0
chr2	178714297	19	20	0.95	32	32	1.0
chr2	178714304	18	20	0.9	32	32	1.0
chr2	178714309	16	17	0.9411764705882353	27	27	1.0
chr2	178714333	19	19	1.0	26	26	1.0
chr2	178714444	13	13	1.0	14	17	0.8235294117647058
chr2	178714489	17	19	0.8947368421052632	26	27	0.9629629629629629
chr2	178714528	16	17	0.9411764705882353	26	27	0.9629629629629629
chr2	178714637	15	16	0.9375	27	29	0.9310344827586207
chr2	178714646	11	12	0.9166666666666666	19	21	0.9047619047619048
chr2	178714704	18	19	0.9473684210526315	25	26	0.9615384615384616
chr2	178714994	15	17	0.8823529411764706	23	25	0.92
chr2	178715006	18	19	0.9473684210526315	27	30	0.9
chr2	178715015	16	17	0.9411764705882353	24	27	0.8888888888888888
chr2	178715069	13	19	0.6842105263157895	16	26	0.6153846153846154
chr2	178715129	21	21	1.0	22	24	0.9166666666666666
chr2	178715165	11	17	0.6470588235294118	22	23	0.9565217391304348
chr2	178715248	15	15	1.0	21	22	0.9545454545454546
chr2	178715288	20	20	1.0	22	25	0.88
chr2	178715409	11	16	0.6875	10	22	0.45454545454545453
chr2	178715485	11	16	0.6875	16	24	0.6666666666666666
chr2	178715604	17	18	0.9444444444444444	22	23	0.9565217391304348
chr2	178715612	17	18	0.9444444444444444	22	23	0.9565217391304348
chr2	178715654	12	13	0.9230769230769231	24	26	0.9230769230769231
chr2	178715693	8	12	0.6666666666666666	17	19	0.8947368421052632
chr2	178716114	5	9	0.5555555555555556	16	19	0.8421052631578947
chr2	178716208	18	18	1.0	23	23	1.0
chr2	178716534	13	16	0.8125	24	27	0.8888888888888888
chr2	178716779	15	17	0.8823529411764706	21	22	0.9545454545454546
chr2	178716798	18	18	1.0	23	23	1.0
chr2	178716839	14	15	0.9333333333333333	20	20	1.0
chr2	178717133	15	17	0.8823529411764706	21	21	1.0
chr2	178717163	10	12	0.8333333333333334	23	26	0.8846153846153846
chr2	178717169	13	17	0.7647058823529411	23	27	0.8518518518518519
chr2	178717243	12	15	0.8	16	19	0.8421052631578947
chr2	178717252	16	19	0.8421052631578947	19	22	0.8636363636363636
chr2	178717728	9	11	0.8181818181818182	18	19	0.9473684210526315
chr2	178717768	15	19	0.7894736842105263	26	27	0.9629629629629629
chr2	178717806	13	14	0.9285714285714286	20	21	0.9523809523809523
chr2	178717808	11	11	1.0	17	18	0.9444444444444444
chr2	178717888	11	14	0.7857142857142857	19	21	0.9047619047619048
chr2	178717969	10	10	1.0	14	16	0.875
chr2	178718053	11	15	0.7333333333333333	19	20	0.95
chr2	178718091	12	15	0.8	18	20	0.9
chr2	178718213	16	17	0.9411764705882353	15	21	0.7142857142857143
chr2	178718483	5	19	0.2631578947368421	5	23	0.21739130434782608
chr2	178718534	3	14	0.21428571428571427	7	20	0.35
chr2	178718745	7	8	0.875	16	19	0.8421052631578947
chr2	178718988	12	12	1.0	17	19	0.8947368421052632
chr2	178719109	12	17	0.7058823529411765	14	18	0.7777777777777778
chr2	178719193	13	13	1.0	21	21	1.0
chr2	178719221	18	20	0.9	15	15	1.0
chr2	178719238	11	12	0.9166666666666666	14	14	1.0
chr2	178719274	16	18	0.8888888888888888	22	22	1.0
chr2	178719281	14	16	0.875	20	20	1.0
chr2	178719350	13	17	0.7647058823529411	15	17	0.8823529411764706
chr2	178719369	15	17	0.8823529411764706	20	21	0.9523809523809523
chr2	178719409	14	15	0.9333333333333333	19	23	0.8260869565217391
chr2	178719423	15	17	0.8823529411764706	17	18	0.9444444444444444
chr2	178719447	15	18	0.8333333333333334	18	20	0.9
chr2	178719474	16	17	0.9411764705882353	20	23	0.8695652173913043
chr2	178719565	13	15	0.8666666666666667	12	16	0.75
chr2	178719637	9	13	0.6923076923076923	12	17	0.7058823529411765
chr2	178719805	6	9	0.6666666666666666	11	14	0.7857142857142857
chr2	178720024	18	18	1.0	21	23	0.9130434782608695
chr2	178720197	14	15	0.9333333333333333	17	18	0.9444444444444444
chr2	178720249	14	17	0.8235294117647058	22	23	0.9565217391304348
chr2	178720254	15	18	0.8333333333333334	24	25	0.96
chr2	178720409	17	18	0.9444444444444444	19	20	0.95
chr2	178720453	18	20	0.9	23	23	1.0
chr2	178720459	18	20	0.9	23	23	1.0
chr2	178720545	14	16	0.875	20	21	0.9523809523809523
chr2	178720583	9	10	0.9	14	16	0.875
chr2	178720933	17	17	1.0	20	20	1.0
chr2	178720950	16	17	0.9411764705882353	18	20	0.9
chr2	178720989	7	8	0.875	14	17	0.8235294117647058
chr2	178721017	14	16	0.875	18	19	0.9473684210526315
chr2	178721076	18	19	0.9473684210526315	21	21	1.0
chr2	178721087	9	10	0.9	12	14	0.8571428571428571
chr2	178721995	12	14	0.8571428571428571	17	20	0.85
chr2	178722028	18	18	1.0	25	26	0.9615384615384616
chr2	178722033	18	18	1.0	24	25	0.96
chr2	178722190	11	15	0.7333333333333333	16	21	0.7619047619047619
chr2	178722245	10	16	0.625	16	18	0.8888888888888888
chr2	178722402	13	14	0.9285714285714286	21	23	0.9130434782608695
chr2	178722464	12	13	0.9230769230769231	20	22	0.9090909090909091
chr2	178722542	16	16	1.0	22	22	1.0
chr2	178722807	17	17	1.0	20	22	0.9090909090909091
chr2	178722881	9	11	0.8181818181818182	14	19	0.7368421052631579
chr2	178722917	15	16	0.9375	21	23	0.9130434782608695
chr2	178722932	15	16	0.9375	19	24	0.7916666666666666
chr2	178723099	11	13	0.8461538461538461	15	20	0.75
chr2	178723375	11	12	0.9166666666666666	17	20	0.85
chr2	178723431	14	15	0.9333333333333333	18	19	0.9473684210526315
chr2	178723456	15	16	0.9375	22	23	0.9565217391304348
chr2	178723554	16	17	0.9411764705882353	17	19	0.8947368421052632
chr2	178723624	13	14	0.9285714285714286	20	22	0.9090909090909091
chr2	178723875	12	17	0.7058823529411765	15	18	0.8333333333333334
chr2	178723894	11	12	0.9166666666666666	15	19	0.7894736842105263
chr2	178723909	11	14	0.7857142857142857	19	21	0.9047619047619048
chr2	178724115	5	13	0.38461538461538464	9	17	0.5294117647058824
chr2	178724139	10	15	0.6666666666666666	15	18	0.8333333333333334
chr2	178724449	5	8	0.625	19	19	1.0
chr2	178724482	14	16	0.875	19	21	0.9047619047619048
chr2	178724500	15	15	1.0	20	20	1.0
chr2	178724506	16	16	1.0	20	20	1.0
chr2	178724532	10	11	0.9090909090909091	18	20	0.9
chr2	178724549	8	12	0.6666666666666666	17	20	0.85
chr2	178724656	13	16	0.8125	19	21	0.9047619047619048
chr2	178724776	12	14	0.8571428571428571	9	18	0.5
chr2	178724813	6	9	0.6666666666666666	12	17	0.7058823529411765
chr2	178725348	14	14	1.0	14	16	0.875
chr2	178725565	16	17	0.9411764705882353	18	22	0.8181818181818182
chr2	178725601	11	12	0.9166666666666666	13	13	1.0
chr2	178725700	12	13	0.9230769230769231	18	18	1.0
chr2	178725836	10	11	0.9090909090909091	15	17	0.8823529411764706
chr2	178725925	14	15	0.9333333333333333	22	22	1.0
chr2	178725954	12	15	0.8	19	19	1.0
chr2	178725966	9	11	0.8181818181818182	11	12	0.9166666666666666
chr2	178726261	14	15	0.9333333333333333	18	20	0.9
chr2	178726455	12	15	0.8	15	16	0.9375
chr2	178726834	7	18	0.3888888888888889	4	17	0.23529411764705882
chr2	178727128	6	10	0.6	12	17	0.7058823529411765
chr2	178727194	11	13	0.8461538461538461	12	14	0.8571428571428571
chr2	178727256	11	12	0.9166666666666666	14	15	0.9333333333333333
chr2	178727307	10	14	0.7142857142857143	14	16	0.875
chr2	178727600	17	17	1.0	22	22	1.0
chr2	178727614	14	15	0.9333333333333333	15	15	1.0
chr2	178727696	13	14	0.9285714285714286	12	15	0.8
chr2	178727832	15	16	0.9375	19	19	1.0
chr2	178728071	12	12	1.0	19	19	1.0
chr2	178728535	8	10	0.8	11	14	0.7857142857142857
chr2	178728568	10	11	0.9090909090909091	17	20	0.85
chr2	178728610	12	15	0.8	15	17	0.8823529411764706
chr2	178728661	15	16	0.9375	18	19	0.9473684210526315
chr2	178728734	12	13	0.9230769230769231	15	18	0.8333333333333334
chr2	178728763	17	18	0.9444444444444444	17	21	0.8095238095238095
chr2	178728852	13	13	1.0	13	15	0.8666666666666667
chr2	178729094	10	10	1.0	18	20	0.9
chr2	178729242	17	17	1.0	21	22	0.9545454545454546
chr2	178729323	20	20	1.0	23	23	1.0
chr2	178729410	14	15	0.9333333333333333	17	18	0.9444444444444444
chr2	178729436	10	11	0.9090909090909091	17	21	0.8095238095238095
chr2	178729474	16	16	1.0	16	16	1.0
chr2	178729486	12	13	0.9230769230769231	14	15	0.9333333333333333
chr2	178729509	12	14	0.8571428571428571	19	19	1.0
chr2	178729658	16	16	1.0	21	21	1.0
chr2	178729691	19	20	0.95	25	26	0.9615384615384616
chr2	178729694	19	20	0.95	24	25	0.96
chr2	178729702	19	20	0.95	25	26	0.9615384615384616
chr2	178729710	17	18	0.9444444444444444	24	25	0.96
chr2	178729825	13	14	0.9285714285714286	22	22	1.0
chr2	178729845	11	12	0.9166666666666666	18	18	1.0
chr2	178730018	16	17	0.9411764705882353	24	26	0.9230769230769231
chr2	178730025	13	14	0.9285714285714286	24	25	0.96
chr2	178730030	11	12	0.9166666666666666	24	26	0.9230769230769231
chr2	178730167	14	14	1.0	23	23	1.0
chr2	178730226	9	14	0.6428571428571429	17	20	0.85
chr2	178730978	13	15	0.8666666666666667	18	19	0.9473684210526315
chr2	178731185	15	16	0.9375	20	21	0.9523809523809523
chr2	178731290	7	16	0.4375	8	25	0.32
chr2	178731445	15	15	1.0	22	25	0.88
chr2	178731463	11	12	0.9166666666666666	17	18	0.9444444444444444
chr2	178731485	15	16	0.9375	22	22	1.0
chr2	178731537	7	7	1.0	15	16	0.9375
chr2	178731556	12	13	0.9230769230769231	14	17	0.8235294117647058
chr2	178731745	9	9	1.0	14	15	0.9333333333333333
chr2	178731758	15	15	1.0	24	24	1.0
chr2	178731841	17	17	1.0	24	25	0.96
chr2	178731917	15	16	0.9375	21	26	0.8076923076923077
chr2	178732143	13	13	1.0	18	18	1.0
chr2	178732478	9	13	0.6923076923076923	17	25	0.68
chr2	178732503	15	16	0.9375	19	21	0.9047619047619048
chr2	178732509	12	13	0.9230769230769231	19	22	0.8636363636363636
chr2	178732691	7	9	0.7777777777777778	19	20	0.95
chr2	178732872	6	8	0.75	13	13	1.0
chr2	178732886	11	11	1.0	23	24	0.9583333333333334
chr2	178733079	15	15	1.0	19	20	0.95
chr2	178733084	10	10	1.0	20	21	0.9523809523809523
chr2	178733117	5	12	0.4166666666666667	4	22	0.18181818181818182
chr2	178733313	10	12	0.8333333333333334	16	17	0.9411764705882353
chr2	178733369	6	7	0.8571428571428571	20	21	0.9523809523809523
chr2	178733385	15	15	1.0	22	22	1.0
chr2	178733431	13	13	1.0	27	27	1.0
chr2	178733460	10	12	0.8333333333333334	17	20	0.85
chr2	178733495	13	14	0.9285714285714286	21	23	0.9130434782608695
chr2	178733671	11	12	0.9166666666666666	23	27	0.8518518518518519
chr2	178733754	9	10	0.9	15	18	0.8333333333333334
chr2	178733835	4	4	1.0	17	17	1.0
chr2	178734153	5	6	0.8333333333333334	20	21	0.9523809523809523
chr2	178734363	6	7	0.8571428571428571	22	23	0.9565217391304348
chr2	178734415	13	14	0.9285714285714286	25	25	1.0
chr2	178734476	4	4	1.0	19	21	0.9047619047619048
chr2	178734742	14	14	1.0	25	25	1.0
chr2	178734745	16	16	1.0	28	28	1.0
chr2	178734797	14	14	1.0	22	23	0.9565217391304348
chr2	178734837	16	16	1.0	18	19	0.9473684210526315
chr2	178734924	11	14	0.7857142857142857	22	24	0.9166666666666666
chr2	178734973	15	15	1.0	20	21	0.9523809523809523
chr2	178735041	15	15	1.0	23	23	1.0
chr2	178735500	14	16	0.875	20	25	0.8
chr2	178735685	15	15	1.0	25	26	0.9615384615384616
chr2	178735747	8	8	1.0	18	21	0.8571428571428571
chr2	178735909	17	17	1.0	25	26	0.9615384615384616
chr2	178735912	16	16	1.0	23	24	0.9583333333333334
chr2	178736307	13	14	0.9285714285714286	20	22	0.9090909090909091
chr2	178736720	15	16	0.9375	29	29	1.0
chr2	178736763	18	18	1.0	26	27	0.9629629629629629
chr2	178736765	17	17	1.0	27	29	0.9310344827586207
chr2	178736868	14	15	0.9333333333333333	22	27	0.8148148148148148
chr2	178736911	13	14	0.9285714285714286	24	28	0.8571428571428571
chr2	178737330	13	15	0.8666666666666667	19	21	0.9047619047619048
chr2	178737446	18	20	0.9	29	29	1.0
chr2	178737456	18	20	0.9	30	30	1.0
chr2	178737490	11	13	0.8461538461538461	21	22	0.9545454545454546
chr2	178737520	13	15	0.8666666666666667	24	25	0.96
chr2	178737541	17	18	0.9444444444444444	25	27	0.9259259259259259
chr2	178737578	14	16	0.875	26	29	0.896551724137931
chr2	178737588	14	16	0.875	26	29	0.896551724137931
chr2	178737598	14	16	0.875	26	29	0.896551724137931
chr2	178738147	12	13	0.9230769230769231	24	26	0.9230769230769231
chr2	178738150	12	13	0.9230769230769231	25	26	0.9615384615384616
chr2	178738206	10	10	1.0	18	22	0.8181818181818182
chr2	178738239	15	16	0.9375	20	21	0.9523809523809523
chr2	178738263	12	13	0.9230769230769231	18	18	1.0
chr2	178738333	14	17	0.8235294117647058	20	23	0.8695652173913043
chr2	178739182	19	20	0.95	25	25	1.0
chr2	178739227	9	10	0.9	21	22	0.9545454545454546
chr2	178739242	18	18	1.0	27	27	1.0
chr2	178739252	21	21	1.0	27	27	1.0
chr2	178739542	14	16	0.875	19	23	0.8260869565217391
chr2	178739614	12	14	0.8571428571428571	11	16	0.6875
chr2	178739891	11	13	0.8461538461538461	26	26	1.0
chr2	178739950	13	18	0.7222222222222222	20	30	0.6666666666666666
chr2	178740004	13	17	0.7647058823529411	25	26	0.9615384615384616
chr2	178740013	13	14	0.9285714285714286	26	28	0.9285714285714286
chr2	178740030	9	10	0.9	21	23	0.9130434782608695
chr2	178740142	7	9	0.7777777777777778	8	13	0.6153846153846154
chr2	178740187	10	15	0.6666666666666666	13	24	0.5416666666666666
chr2	178740275	14	16	0.875	22	24	0.9166666666666666
chr2	178740418	11	18	0.6111111111111112	13	25	0.52
chr2	178740452	17	17	1.0	30	32	0.9375
chr2	178740688	14	15	0.9333333333333333	25	26	0.9615384615384616
chr2	178741013	8	17	0.47058823529411764	17	32	0.53125
chr2	178741051	8	12	0.6666666666666666	17	24	0.7083333333333334
chr2	178741389	12	17	0.7058823529411765	23	25	0.92
chr2	178741618	9	10	0.9	18	23	0.782608695652174
chr2	178741792	9	9	1.0	17	20	0.85
chr2	178741870	11	11	1.0	27	28	0.9642857142857143
chr2	178741873	18	19	0.9473684210526315	26	27	0.9629629629629629
chr2	178741894	15	16	0.9375	24	25	0.96
chr2	178742731	10	14	0.7142857142857143	24	29	0.8275862068965517
chr2	178743039	13	14	0.9285714285714286	22	22	1.0
chr2	178743064	13	13	1.0	19	19	1.0
chr2	178743066	14	14	1.0	19	20	0.95
chr2	178743368	7	13	0.5384615384615384	17	22	0.7727272727272727
chr2	178743467	17	18	0.9444444444444444	24	26	0.9230769230769231
chr2	178743715	10	11	0.9090909090909091	15	18	0.8333333333333334
chr2	178744276	12	13	0.9230769230769231	17	19	0.8947368421052632
chr2	178744418	15	15	1.0	23	23	1.0
chr2	178744578	13	13	1.0	20	20	1.0
chr2	178744972	7	10	0.7	15	15	1.0
chr2	178745188	8	12	0.6666666666666666	12	21	0.5714285714285714
chr2	178745767	11	16	0.6875	17	22	0.7727272727272727
chr2	178745786	9	12	0.75	11	12	0.9166666666666666
chr2	178746005	11	12	0.9166666666666666	18	18	1.0
chr2	178746077	12	13	0.9230769230769231	19	23	0.8260869565217391
chr2	178746108	19	20	0.95	20	21	0.9523809523809523
chr2	178746117	21	22	0.9545454545454546	23	25	0.92
chr2	178746171	13	13	1.0	22	22	1.0
chr2	178746178	14	14	1.0	22	23	0.9565217391304348
chr2	178746257	16	18	0.8888888888888888	26	29	0.896551724137931
chr2	178746396	8	10	0.8	13	16	0.8125
chr2	178746438	22	23	0.9565217391304348	22	24	0.9166666666666666
chr2	178746746	17	21	0.8095238095238095	22	23	0.9565217391304348
chr2	178746906	17	18	0.9444444444444444	20	22	0.9090909090909091
chr2	178746911	16	17	0.9411764705882353	18	21	0.8571428571428571
chr2	178746975	20	20	1.0	23	24	0.9583333333333334
chr2	178747085	15	18	0.8333333333333334	13	19	0.6842105263157895
chr2	178747269	14	16	0.875	21	23	0.9130434782608695
chr2	178747517	17	20	0.85	19	24	0.7916666666666666
chr2	178747655	16	22	0.7272727272727273	16	18	0.8888888888888888
chr2	178748285	18	18	1.0	18	20	0.9
chr2	178748437	16	23	0.6956521739130435	23	26	0.8846153846153846
chr2	178748766	22	24	0.9166666666666666	24	27	0.8888888888888888
chr2	178749015	22	25	0.88	26	28	0.9285714285714286
chr2	178749043	13	16	0.8125	21	22	0.9545454545454546
chr2	178749425	24	27	0.8888888888888888	26	27	0.9629629629629629
chr2	178749621	19	22	0.8636363636363636	18	26	0.6923076923076923
chr2	178750194	25	26	0.9615384615384616	23	25	0.92
chr2	178750417	20	20	1.0	19	22	0.8636363636363636
chr2	178750442	18	20	0.9	17	21	0.8095238095238095
chr2	178750471	22	23	0.9565217391304348	25	25	1.0
chr2	178750577	27	28	0.9642857142857143	23	26	0.8846153846153846
chr2	178750586	24	26	0.9230769230769231	23	25	0.92
chr2	178750592	16	18	0.8888888888888888	19	21	0.9047619047619048
chr2	178750635	19	22	0.8636363636363636	19	20	0.95
chr2	178750655	18	19	0.9473684210526315	17	18	0.9444444444444444
chr2	178750758	13	23	0.5652173913043478	8	20	0.4
chr2	178751230	28	30	0.9333333333333333	26	27	0.9629629629629629
chr2	178751288	20	22	0.9090909090909091	22	24	0.9166666666666666
chr2	178751555	12	17	0.7058823529411765	15	19	0.7894736842105263
chr2	178751750	22	22	1.0	23	24	0.9583333333333334
chr2	178751753	22	23	0.9565217391304348	23	24	0.9583333333333334
chr2	178751774	26	26	1.0	26	26	1.0
chr2	178751839	20	22	0.9090909090909091	18	20	0.9
chr2	178751988	27	27	1.0	26	28	0.9285714285714286
chr2	178751993	29	29	1.0	26	28	0.9285714285714286
chr2	178752183	21	22	0.9545454545454546	19	19	1.0
chr2	178752191	25	26	0.9615384615384616	24	24	1.0
chr2	178752225	24	25	0.96	27	28	0.9642857142857143
chr2	178752232	24	24	1.0	28	29	0.9655172413793104
chr2	178752236	22	22	1.0	25	26	0.9615384615384616
chr2	178752401	22	23	0.9565217391304348	25	27	0.9259259259259259
chr2	178752519	24	27	0.8888888888888888	23	26	0.8846153846153846
chr2	178752527	18	21	0.8571428571428571	20	22	0.9090909090909091
chr2	178752783	18	18	1.0	21	21	1.0
chr2	178752978	16	18	0.8888888888888888	21	22	0.9545454545454546
chr2	178753469	22	24	0.9166666666666666	17	20	0.85
chr2	178753776	19	20	0.95	15	17	0.8823529411764706
chr2	178753801	12	16	0.75	14	20	0.7
chr2	178753848	9	15	0.6	11	17	0.6470588235294118
chr2	178753893	21	22	0.9545454545454546	19	19	1.0
chr2	178753912	14	15	0.9333333333333333	12	13	0.9230769230769231
chr2	178753998	13	14	0.9285714285714286	16	21	0.7619047619047619
chr2	178754480	17	20	0.85	18	20	0.9
chr2	178754519	20	20	1.0	16	18	0.8888888888888888
chr2	178754798	14	19	0.7368421052631579	11	18	0.6111111111111112
chr2	178754877	13	15	0.8666666666666667	17	18	0.9444444444444444
chr2	178755127	12	13	0.9230769230769231	17	20	0.85
chr2	178755283	21	21	1.0	21	22	0.9545454545454546
chr2	178755503	16	19	0.8421052631578947	16	19	0.8421052631578947
chr2	178755537	18	19	0.9473684210526315	18	18	1.0
chr2	178755694	13	17	0.7647058823529411	14	16	0.875
chr2	178755944	13	16	0.8125	8	13	0.6153846153846154
chr2	178755995	16	17	0.9411764705882353	21	22	0.9545454545454546
chr2	178756003	20	21	0.9523809523809523	21	22	0.9545454545454546
chr2	178756138	20	21	0.9523809523809523	23	23	1.0
chr2	178756141	22	22	1.0	22	22	1.0
chr2	178756176	22	22	1.0	18	18	1.0
chr2	178756246	19	21	0.9047619047619048	15	21	0.7142857142857143
chr2	178756365	14	14	1.0	16	16	1.0
chr2	178756389	11	15	0.7333333333333333	13	14	0.9285714285714286
chr2	178756447	18	20	0.9	22	22	1.0
chr2	178756455	17	19	0.8947368421052632	20	20	1.0
chr2	178756470	22	22	1.0	15	19	0.7894736842105263
chr2	178756498	20	21	0.9523809523809523	22	22	1.0
chr2	178756507	19	20	0.95	21	22	0.9545454545454546
chr2	178756901	22	23	0.9565217391304348	20	22	0.9090909090909091
chr2	178757135	8	13	0.6153846153846154	6	11	0.5454545454545454
chr2	178757397	10	15	0.6666666666666666	8	13	0.6153846153846154
chr2	178757761	19	20	0.95	13	16	0.8125
chr2	178757784	10	13	0.7692307692307693	12	15	0.8
chr2	178758065	9	13	0.6923076923076923	14	20	0.7
chr2	178758535	7	19	0.3684210526315789	10	19	0.5263157894736842
chr2	178758556	15	16	0.9375	16	16	1.0
chr2	178758688	19	23	0.8260869565217391	18	19	0.9473684210526315
chr2	178758771	8	11	0.7272727272727273	12	13	0.9230769230769231
chr2	178758786	17	22	0.7727272727272727	15	20	0.75
chr2	178758829	14	17	0.8235294117647058	21	23	0.9130434782608695
chr2	178758940	18	20	0.9	19	20	0.95
chr2	178759041	16	19	0.8421052631578947	21	23	0.9130434782608695
chr2	178759073	17	17	1.0	17	18	0.9444444444444444
chr2	178759123	17	21	0.8095238095238095	15	19	0.7894736842105263
chr2	178759158	17	18	0.9444444444444444	15	20	0.75
chr2	178759175	16	16	1.0	15	17	0.8823529411764706
chr2	178759728	13	17	0.7647058823529411	22	22	1.0
chr2	178760256	25	25	1.0	27	28	0.9642857142857143
chr2	178760258	25	25	1.0	27	28	0.9642857142857143
chr2	178760301	17	18	0.9444444444444444	21	23	0.9130434782608695
chr2	178760312	18	19	0.9473684210526315	23	23	1.0
chr2	178760326	19	20	0.95	22	23	0.9565217391304348
chr2	178760340	22	22	1.0	23	24	0.9583333333333334
chr2	178760344	24	24	1.0	23	24	0.9583333333333334
chr2	178760453	17	17	1.0	19	19	1.0
chr2	178760477	17	18	0.9444444444444444	20	23	0.8695652173913043
chr2	178760629	17	19	0.8947368421052632	21	23	0.9130434782608695
chr2	178760650	13	13	1.0	15	18	0.8333333333333334
chr2	178760767	19	19	1.0	23	25	0.92
chr2	178760784	20	22	0.9090909090909091	22	23	0.9565217391304348
chr2	178761081	19	22	0.8636363636363636	17	18	0.9444444444444444
chr2	178761099	21	21	1.0	17	19	0.8947368421052632
chr2	178761192	22	24	0.9166666666666666	17	18	0.9444444444444444
chr2	178761406	12	17	0.7058823529411765	12	14	0.8571428571428571
chr2	178761633	13	16	0.8125	17	19	0.8947368421052632
chr2	178762015	6	19	0.3157894736842105	4	23	0.17391304347826086
chr2	178762050	2	25	0.08	1	21	0.047619047619047616
chr2	178763560	13	16	0.8125	17	19	0.8947368421052632
chr2	178763640	11	14	0.7857142857142857	12	13	0.9230769230769231
chr2	178763701	15	16	0.9375	25	26	0.9615384615384616
chr2	178764190	10	14	0.7142857142857143	14	18	0.7777777777777778
chr2	178764202	8	17	0.47058823529411764	8	20	0.4
chr2	178764240	8	18	0.4444444444444444	12	21	0.5714285714285714
chr2	178764512	9	10	0.9	19	19	1.0
chr2	178764596	23	26	0.8846153846153846	23	25	0.92
chr2	178764629	10	13	0.7692307692307693	15	17	0.8823529411764706
chr2	178764724	18	20	0.9	17	21	0.8095238095238095
chr2	178764733	16	18	0.8888888888888888	17	20	0.85
chr2	178764744	20	20	1.0	18	18	1.0
chr2	178764800	22	22	1.0	27	29	0.9310344827586207
chr2	178765067	19	20	0.95	23	24	0.9583333333333334
chr2	178765113	11	18	0.6111111111111112	11	16	0.6875
chr2	178765147	15	17	0.8823529411764706	16	19	0.8421052631578947
chr2	178765600	18	19	0.9473684210526315	18	21	0.8571428571428571
chr2	178765912	4	17	0.23529411764705882	10	25	0.4
chr2	178766081	19	22	0.8636363636363636	24	25	0.96
chr2	178766443	19	21	0.9047619047619048	26	27	0.9629629629629629
chr2	178766472	16	18	0.8888888888888888	20	21	0.9523809523809523
chr2	178766505	19	21	0.9047619047619048	17	21	0.8095238095238095
chr2	178766563	21	21	1.0	24	25	0.96
chr2	178766595	21	21	1.0	21	25	0.84
chr2	178767263	9	13	0.6923076923076923	18	22	0.8181818181818182
chr2	178767304	20	23	0.8695652173913043	24	26	0.9230769230769231
chr2	178767453	18	19	0.9473684210526315	15	18	0.8333333333333334
chr2	178767542	23	28	0.8214285714285714	23	25	0.92
chr2	178767780	23	24	0.9583333333333334	26	27	0.9629629629629629
chr2	178767786	23	24	0.9583333333333334	26	27	0.9629629629629629
chr2	178767826	20	25	0.8	19	22	0.8636363636363636
chr2	178767870	13	15	0.8666666666666667	9	11	0.8181818181818182
chr2	178767891	24	25	0.96	24	24	1.0
chr2	178767944	25	26	0.9615384615384616	18	25	0.72
chr2	178767953	25	26	0.9615384615384616	18	27	0.6666666666666666
chr2	178768097	21	26	0.8076923076923077	20	25	0.8
chr2	178768151	23	27	0.8518518518518519	14	16	0.875
chr2	178768528	27	28	0.9642857142857143	28	29	0.9655172413793104
chr2	178768565	21	22	0.9545454545454546	19	22	0.8636363636363636
chr2	178768897	25	26	0.9615384615384616	27	27	1.0
chr2	178768972	27	30	0.9	32	34	0.9411764705882353
chr2	178769030	24	27	0.8888888888888888	26	28	0.9285714285714286
chr2	178769291	29	30	0.9666666666666667	28	29	0.9655172413793104
chr2	178769313	28	28	1.0	25	25	1.0
chr2	178769355	23	27	0.8518518518518519	22	22	1.0
chr2	178769677	21	23	0.9130434782608695	26	28	0.9285714285714286
chr2	178769736	23	24	0.9583333333333334	23	23	1.0
chr2	178769906	21	23	0.9130434782608695	21	28	0.75
chr2	178770095	20	21	0.9523809523809523	19	21	0.9047619047619048
chr2	178770417	22	24	0.9166666666666666	18	23	0.782608695652174
chr2	178770477	25	26	0.9615384615384616	25	28	0.8928571428571429
chr2	178770606	17	19	0.8947368421052632	21	24	0.875
chr2	178770868	25	26	0.9615384615384616	30	30	1.0
chr2	178770958	21	22	0.9545454545454546	27	30	0.9
chr2	178771030	27	28	0.9642857142857143	33	33	1.0
chr2	178771138	21	27	0.7777777777777778	17	23	0.7391304347826086
chr2	178771154	5	18	0.2777777777777778	1	10	0.1
chr2	178771160	5	21	0.23809523809523808	7	22	0.3181818181818182
chr2	178771375	29	31	0.9354838709677419	26	27	0.9629629629629629
chr2	178771435	19	23	0.8260869565217391	17	20	0.85
chr2	178771864	20	22	0.9090909090909091	25	28	0.8928571428571429
chr2	178771931	28	28	1.0	25	25	1.0
chr2	178772255	10	22	0.45454545454545453	6	10	0.6
chr2	178772278	22	23	0.9565217391304348	24	26	0.9230769230769231
chr2	178772369	20	25	0.8	19	22	0.8636363636363636
chr2	178772913	25	26	0.9615384615384616	25	26	0.9615384615384616
chr2	178773077	29	30	0.9666666666666667	25	26	0.9615384615384616
chr2	178773145	22	24	0.9166666666666666	24	24	1.0
chr2	178773147	28	30	0.9333333333333333	30	30	1.0
chr2	178773344	16	17	0.9411764705882353	17	20	0.85
chr2	178773521	20	24	0.8333333333333334	26	27	0.9629629629629629
chr2	178773538	22	23	0.9565217391304348	26	26	1.0
chr2	178773553	28	28	1.0	26	26	1.0
chr2	178773586	19	22	0.8636363636363636	14	16	0.875
chr2	178773716	20	22	0.9090909090909091	17	20	0.85
chr2	178773851	23	29	0.7931034482758621	25	27	0.9259259259259259
chr2	178773993	8	20	0.4	10	14	0.7142857142857143
chr2	178774008	29	29	1.0	28	29	0.9655172413793104
chr2	178774106	14	17	0.8235294117647058	25	25	1.0
chr2	178774205	24	25	0.96	23	26	0.8846153846153846
chr2	178774239	28	29	0.9655172413793104	28	28	1.0
chr2	178774242	29	30	0.9666666666666667	27	27	1.0
chr2	178774291	23	23	1.0	27	28	0.9642857142857143
chr2	178774304	29	29	1.0	28	28	1.0
chr2	178774310	29	29	1.0	27	27	1.0
chr2	178774313	28	28	1.0	25	25	1.0
chr2	178774600	24	25	0.96	22	24	0.9166666666666666
chr2	178774770	0	16	0.0	0	11	0.0
chr2	178774907	20	23	0.8695652173913043	19	24	0.7916666666666666
chr2	178774942	13	19	0.6842105263157895	13	17	0.7647058823529411
chr2	178774996	19	25	0.76	21	25	0.84
chr2	178775373	23	27	0.8518518518518519	29	30	0.9666666666666667
chr2	178775475	12	13	0.9230769230769231	19	21	0.9047619047619048
chr2	178775495	22	26	0.8461538461538461	20	21	0.9523809523809523
chr2	178775504	23	27	0.8518518518518519	20	22	0.9090909090909091
chr2	178775541	18	22	0.8181818181818182	23	23	1.0
chr2	178775559	22	23	0.9565217391304348	24	24	1.0
chr2	178775570	14	14	1.0	23	25	0.92
chr2	178775619	16	18	0.8888888888888888	21	21	1.0
chr2	178775683	20	22	0.9090909090909091	23	24	0.9583333333333334
chr2	178775700	26	26	1.0	24	26	0.9230769230769231
chr2	178775801	25	27	0.9259259259259259	23	24	0.9583333333333334
chr2	178775820	24	25	0.96	27	27	1.0
chr2	178775855	30	32	0.9375	25	26	0.9615384615384616
chr2	178775870	21	22	0.9545454545454546	22	23	0.9565217391304348
chr2	178775881	19	24	0.7916666666666666	11	17	0.6470588235294118
chr2	178776012	23	26	0.8846153846153846	22	26	0.8461538461538461
chr2	178776121	22	24	0.9166666666666666	18	19	0.9473684210526315
chr2	178776123	22	24	0.9166666666666666	20	21	0.9523809523809523
chr2	178776165	25	25	1.0	23	24	0.9583333333333334
chr2	178776194	21	23	0.9130434782608695	27	27	1.0
chr2	178776218	26	28	0.9285714285714286	25	26	0.9615384615384616
chr2	178776281	26	27	0.9629629629629629	26	26	1.0
chr2	178776567	20	24	0.8333333333333334	22	26	0.8461538461538461
chr2	178776608	24	28	0.8571428571428571	19	25	0.76
chr2	178776664	22	29	0.7586206896551724	22	26	0.8461538461538461
chr2	178776716	19	25	0.76	19	22	0.8636363636363636
chr2	178776815	27	27	1.0	24	25	0.96
chr2	178776872	14	20	0.7	7	11	0.6363636363636364
chr2	178776973	25	27	0.9259259259259259	28	28	1.0
chr2	178777011	19	20	0.95	21	23	0.9130434782608695
chr2	178777222	21	24	0.875	17	19	0.8947368421052632
chr2	178777247	12	14	0.8571428571428571	13	14	0.9285714285714286
chr2	178777294	12	20	0.6	18	18	1.0
chr2	178777696	1	11	0.09090909090909091	0	8	0.0
chr2	178777719	31	32	0.96875	20	26	0.7692307692307693
chr2	178777861	27	31	0.8709677419354839	22	24	0.9166666666666666
chr2	178777891	21	22	0.9545454545454546	17	18	0.9444444444444444
chr2	178777921	20	22	0.9090909090909091	16	17	0.9411764705882353
chr2	178777936	28	31	0.9032258064516129	24	25	0.96
chr2	178777960	24	25	0.96	23	25	0.92
chr2	178778002	24	26	0.9230769230769231	25	26	0.9615384615384616
chr2	178778086	28	31	0.9032258064516129	22	26	0.8461538461538461
chr2	178778488	24	27	0.8888888888888888	21	25	0.84
chr2	178778781	11	17	0.6470588235294118	16	21	0.7619047619047619
chr2	178778911	19	22	0.8636363636363636	18	18	1.0
chr2	178779032	26	27	0.9629629629629629	20	23	0.8695652173913043
chr2	178779092	30	32	0.9375	19	21	0.9047619047619048
chr2	178779908	14	18	0.7777777777777778	17	19	0.8947368421052632
chr2	178780456	8	11	0.7272727272727273	7	16	0.4375
chr2	178780849	8	11	0.7272727272727273	6	11	0.5454545454545454
chr2	178781052	14	18	0.7777777777777778	14	16	0.875
chr2	178781167	23	23	1.0	21	21	1.0
chr2	178781234	12	15	0.8	14	16	0.875
chr2	178781578	19	20	0.95	23	24	0.9583333333333334
chr2	178781692	24	26	0.9230769230769231	21	23	0.9130434782608695
chr2	178782127	19	21	0.9047619047619048	20	21	0.9523809523809523
chr2	178782164	23	26	0.8846153846153846	24	25	0.96
chr2	178782272	18	19	0.9473684210526315	18	19	0.9473684210526315
chr2	178782296	26	28	0.9285714285714286	21	25	0.84
chr2	178782348	24	25	0.96	22	23	0.9565217391304348
chr2	178782350	23	24	0.9583333333333334	24	25	0.96
chr2	178782458	13	15	0.8666666666666667	15	16	0.9375
chr2	178782538	20	23	0.8695652173913043	20	23	0.8695652173913043
chr2	178782569	22	24	0.9166666666666666	22	23	0.9565217391304348
chr2	178782835	17	17	1.0	17	19	0.8947368421052632
chr2	178782870	27	28	0.9642857142857143	24	24	1.0
chr2	178782874	27	28	0.9642857142857143	24	24	1.0
chr2	178782884	24	25	0.96	25	25	1.0
chr2	178782895	25	25	1.0	18	19	0.9473684210526315
chr2	178782897	27	27	1.0	20	21	0.9523809523809523
chr2	178782909	20	22	0.9090909090909091	16	18	0.8888888888888888
chr2	178782955	18	21	0.8571428571428571	15	21	0.7142857142857143
chr2	178782989	18	19	0.9473684210526315	23	23	1.0
chr2	178783095	20	25	0.8	16	20	0.8
chr2	178783583	18	18	1.0	20	23	0.8695652173913043
chr2	178783656	23	29	0.7931034482758621	21	24	0.875
chr2	178783719	20	22	0.9090909090909091	21	21	1.0
chr2	178784050	11	17	0.6470588235294118	10	14	0.7142857142857143
chr2	178784077	27	28	0.9642857142857143	20	20	1.0
chr2	178784079	30	32	0.9375	23	23	1.0
chr2	178784083	30	33	0.9090909090909091	22	22	1.0
chr2	178784100	24	29	0.8275862068965517	23	23	1.0
chr2	178784109	26	29	0.896551724137931	25	25	1.0
chr2	178784113	23	28	0.8214285714285714	24	24	1.0
chr2	178784158	15	25	0.6	10	20	0.5
chr2	178784194	27	29	0.9310344827586207	19	20	0.95
chr2	178784270	18	23	0.782608695652174	12	17	0.7058823529411765
chr2	178784338	17	21	0.8095238095238095	19	20	0.95
chr2	178784396	25	27	0.9259259259259259	19	20	0.95
chr2	178784646	20	25	0.8	20	21	0.9523809523809523
chr2	178784667	26	26	1.0	23	25	0.92
chr2	178785142	12	21	0.5714285714285714	12	19	0.631578947368421
chr2	178785444	17	24	0.7083333333333334	22	25	0.88
chr2	178785500	22	25	0.88	23	26	0.8846153846153846
chr2	178785683	25	28	0.8928571428571429	25	26	0.9615384615384616
chr2	178785689	29	33	0.8787878787878788	27	28	0.9642857142857143
chr2	178785715	19	19	1.0	18	18	1.0
chr2	178785942	20	23	0.8695652173913043	14	16	0.875
chr2	178785962	19	22	0.8636363636363636	17	23	0.7391304347826086
chr2	178785987	33	34	0.9705882352941176	29	29	1.0
chr2	178785990	32	33	0.9696969696969697	29	29	1.0
chr2	178785998	28	29	0.9655172413793104	28	28	1.0
chr2	178786011	26	26	1.0	22	23	0.9565217391304348
chr2	178786079	13	17	0.7647058823529411	19	20	0.95
chr2	178786134	23	23	1.0	20	23	0.8695652173913043
chr2	178786179	16	19	0.8421052631578947	21	22	0.9545454545454546
chr2	178786225	25	28	0.8928571428571429	22	23	0.9565217391304348
chr2	178786250	24	26	0.9230769230769231	20	22	0.9090909090909091
chr2	178786584	22	23	0.9565217391304348	19	20	0.95
chr2	178786642	13	15	0.8666666666666667	17	18	0.9444444444444444
chr2	178786770	16	21	0.7619047619047619	15	17	0.8823529411764706
chr2	178786909	15	19	0.7894736842105263	21	22	0.9545454545454546
chr2	178787319	10	19	0.5263157894736842	9	16	0.5625
chr2	178787493	24	24	1.0	20	21	0.9523809523809523
chr2	178787841	20	22	0.9090909090909091	19	19	1.0
chr2	178787934	22	23	0.9565217391304348	20	24	0.8333333333333334
chr2	178788106	19	21	0.9047619047619048	21	22	0.9545454545454546
chr2	178788109	21	23	0.9130434782608695	24	24	1.0
chr2	178788192	22	23	0.9565217391304348	24	25	0.96
chr2	178788245	22	24	0.9166666666666666	26	27	0.9629629629629629
chr2	178788730	20	23	0.8695652173913043	24	26	0.9230769230769231
chr2	178789031	19	19	1.0	20	20	1.0
chr2	178789481	13	14	0.9285714285714286	15	17	0.8823529411764706
chr2	178789630	25	25	1.0	16	19	0.8421052631578947
chr2	178790178	19	21	0.9047619047619048	22	26	0.8461538461538461
chr2	178790457	13	14	0.9285714285714286	21	21	1.0
chr2	178790764	9	17	0.5294117647058824	12	13	0.9230769230769231
chr2	178790948	23	24	0.9583333333333334	26	26	1.0
chr2	178791042	26	26	1.0	24	26	0.9230769230769231
chr2	178791095	22	31	0.7096774193548387	22	24	0.9166666666666666
chr2	178791109	15	18	0.8333333333333334	18	20	0.9
chr2	178791383	32	33	0.9696969696969697	25	26	0.9615384615384616
chr2	178791454	18	19	0.9473684210526315	26	26	1.0
chr2	178791505	25	25	1.0	26	28	0.9285714285714286
chr2	178791548	19	19	1.0	23	23	1.0
chr2	178791594	21	21	1.0	21	21	1.0
chr2	178791633	25	27	0.9259259259259259	20	21	0.9523809523809523
chr2	178791753	24	25	0.96	25	26	0.9615384615384616
chr2	178791771	14	16	0.875	14	16	0.875
chr2	178792148	18	19	0.9473684210526315	18	18	1.0
chr2	178792710	26	28	0.9285714285714286	21	23	0.9130434782608695
chr2	178792894	25	25	1.0	25	26	0.9615384615384616
chr2	178792991	16	17	0.9411764705882353	12	13	0.9230769230769231
chr2	178793417	22	24	0.9166666666666666	23	25	0.92
chr2	178793489	27	27	1.0	29	29	1.0
chr2	178793492	25	25	1.0	31	31	1.0
chr2	178793526	23	27	0.8518518518518519	21	21	1.0
chr2	178793611	26	27	0.9629629629629629	26	28	0.9285714285714286
chr2	178793667	27	30	0.9	29	29	1.0
chr2	178793693	21	22	0.9545454545454546	24	24	1.0
chr2	178793730	23	23	1.0	26	26	1.0
chr2	178793746	15	16	0.9375	25	25	1.0
chr2	178793785	25	25	1.0	27	27	1.0
chr2	178793914	23	25	0.92	24	28	0.8571428571428571
chr2	178794229	23	24	0.9583333333333334	16	16	1.0
chr2	178794359	17	20	0.85	21	26	0.8076923076923077
chr2	178794369	16	19	0.8421052631578947	20	25	0.8
chr2	178794389	21	23	0.9130434782608695	26	27	0.9629629629629629
chr2	178794393	21	22	0.9545454545454546	28	29	0.9655172413793104
chr2	178794431	23	25	0.92	28	30	0.9333333333333333
chr2	178794463	23	25	0.92	28	28	1.0
chr2	178794499	21	22	0.9545454545454546	27	28	0.9642857142857143
chr2	178794515	23	23	1.0	26	26	1.0
chr2	178794953	21	25	0.84	24	25	0.96
chr2	178794969	11	15	0.7333333333333333	11	17	0.6470588235294118
chr2	178794980	18	20	0.9	21	23	0.9130434782608695
chr2	178794990	19	21	0.9047619047619048	20	22	0.9090909090909091
chr2	178795025	19	20	0.95	20	22	0.9090909090909091
chr2	178795077	23	25	0.92	17	19	0.8947368421052632
chr2	178795115	12	15	0.8	19	24	0.7916666666666666
chr2	178795163	12	16	0.75	18	19	0.9473684210526315
chr2	178795183	22	23	0.9565217391304348	24	24	1.0
chr2	178795247	16	18	0.8888888888888888	15	20	0.75
chr2	178795877	20	22	0.9090909090909091	18	19	0.9473684210526315
chr2	178795928	9	20	0.45	9	23	0.391304347826087
chr2	178796464	17	17	1.0	21	22	0.9545454545454546
chr2	178796484	16	16	1.0	22	24	0.9166666666666666
chr2	178796874	18	19	0.9473684210526315	19	19	1.0
chr2	178797254	23	23	1.0	22	23	0.9565217391304348
chr2	178797521	24	25	0.96	23	23	1.0
chr2	178797611	21	23	0.9130434782608695	22	24	0.9166666666666666
chr2	178799094	14	15	0.9333333333333333	15	17	0.8823529411764706
chr2	178799130	16	20	0.8	16	18	0.8888888888888888
chr2	178799142	23	23	1.0	17	17	1.0
chr2	178799191	25	25	1.0	18	21	0.8571428571428571
chr2	178799232	19	24	0.7916666666666666	17	19	0.8947368421052632
chr2	178799288	27	27	1.0	24	24	1.0
chr2	178799310	7	13	0.5384615384615384	14	16	0.875
chr2	178799329	18	20	0.9	17	19	0.8947368421052632
chr2	178799360	19	22	0.8636363636363636	18	18	1.0
chr2	178799376	23	24	0.9583333333333334	16	16	1.0
chr2	178799388	27	27	1.0	24	24	1.0
chr2	178799390	25	25	1.0	24	24	1.0
chr2	178799393	28	28	1.0	24	24	1.0
chr2	178799404	24	24	1.0	21	22	0.9545454545454546
chr2	178799428	25	27	0.9259259259259259	15	18	0.8333333333333334
chr2	178799491	15	16	0.9375	18	19	0.9473684210526315
chr2	178799503	21	23	0.9130434782608695	21	21	1.0
chr2	178799510	27	28	0.9642857142857143	23	23	1.0
chr2	178799514	29	31	0.9354838709677419	24	24	1.0
chr2	178799524	26	28	0.9285714285714286	23	23	1.0
chr2	178799548	16	25	0.64	19	21	0.9047619047619048
chr2	178799564	25	27	0.9259259259259259	17	19	0.8947368421052632
chr2	178799593	23	23	1.0	23	23	1.0
chr2	178799623	17	17	1.0	17	19	0.8947368421052632
chr2	178799667	24	26	0.9230769230769231	14	16	0.875
chr2	178799756	26	29	0.896551724137931	21	21	1.0
chr2	178799779	30	30	1.0	18	20	0.9
chr2	178799834	16	18	0.8888888888888888	19	20	0.95
chr2	178799866	20	22	0.9090909090909091	20	21	0.9523809523809523
chr2	178800222	28	29	0.9655172413793104	20	20	1.0
chr2	178800260	26	26	1.0	24	25	0.96
chr2	178800325	21	22	0.9545454545454546	25	25	1.0
chr2	178800389	20	23	0.8695652173913043	20	20	1.0
chr2	178800416	29	29	1.0	20	20	1.0
chr2	178800433	22	22	1.0	18	19	0.9473684210526315
chr2	178800508	23	27	0.8518518518518519	17	21	0.8095238095238095
chr2	178800550	19	20	0.95	15	16	0.9375
chr2	178800561	18	21	0.8571428571428571	14	15	0.9333333333333333
chr2	178800634	20	21	0.9523809523809523	8	11	0.7272727272727273
chr2	178800651	28	28	1.0	23	25	0.92
chr2	178800658	32	32	1.0	20	21	0.9523809523809523
chr2	178800685	21	23	0.9130434782608695	20	20	1.0
chr2	178800783	25	28	0.8928571428571429	21	21	1.0
chr2	178801022	28	29	0.9655172413793104	26	27	0.9629629629629629
chr2	178801095	27	28	0.9642857142857143	13	22	0.5909090909090909
chr2	178801213	24	27	0.8888888888888888	22	24	0.9166666666666666
chr2	178801516	25	27	0.9259259259259259	20	24	0.8333333333333334
chr2	178801738	22	22	1.0	19	21	0.9047619047619048
chr2	178801944	31	31	1.0	23	23	1.0
chr2	178802143	24	26	0.9230769230769231	21	23	0.9130434782608695
chr2	178802165	28	29	0.9655172413793104	20	21	0.9523809523809523
chr2	178802202	26	27	0.9629629629629629	23	23	1.0
chr2	178802224	26	31	0.8387096774193549	23	24	0.9583333333333334
chr2	178802227	22	25	0.88	24	25	0.96
chr2	178802234	25	29	0.8620689655172413	24	26	0.9230769230769231
chr2	178802245	32	34	0.9411764705882353	25	25	1.0
chr2	178802247	29	29	1.0	27	27	1.0
chr2	178802254	34	35	0.9714285714285714	27	27	1.0
chr2	178802272	33	33	1.0	22	24	0.9166666666666666
chr2	178802275	30	30	1.0	21	23	0.9130434782608695
chr2	178802426	23	25	0.92	20	23	0.8695652173913043
chr2	178803078	24	27	0.8888888888888888	19	22	0.8636363636363636
chr2	178803142	24	27	0.8888888888888888	23	24	0.9583333333333334
chr2	178803433	6	8	0.75	12	17	0.7058823529411765
chr2	178803718	21	22	0.9545454545454546	15	19	0.7894736842105263
chr2	178803738	22	23	0.9565217391304348	17	17	1.0
chr2	178803959	15	19	0.7894736842105263	14	19	0.7368421052631579
chr2	178803991	22	26	0.8461538461538461	15	21	0.7142857142857143
chr2	178804121	24	25	0.96	21	21	1.0
chr2	178804293	19	20	0.95	17	18	0.9444444444444444
chr2	178804444	9	11	0.8181818181818182	7	11	0.6363636363636364
chr2	178804471	26	29	0.896551724137931	16	17	0.9411764705882353
chr2	178804489	31	33	0.9393939393939394	19	20	0.95
chr2	178804575	25	28	0.8928571428571429	22	24	0.9166666666666666
chr2	178804599	30	31	0.967741935483871	23	26	0.8846153846153846
chr2	178804609	28	29	0.9655172413793104	22	25	0.88
chr2	178804615	30	31	0.967741935483871	21	24	0.875
chr2	178804621	31	31	1.0	22	25	0.88
chr2	178804624	29	29	1.0	22	25	0.88
chr2	178804734	22	26	0.8461538461538461	20	22	0.9090909090909091
chr2	178805067	18	28	0.6428571428571429	17	25	0.68
chr2	178805107	33	33	1.0	22	25	0.88
chr2	178805112	33	33	1.0	22	25	0.88
chr2	178805203	32	33	0.9696969696969697	21	25	0.84
chr2	178805440	30	31	0.967741935483871	21	24	0.875
chr2	178805591	33	34	0.9705882352941176	22	26	0.8461538461538461
chr2	178805598	31	32	0.96875	24	28	0.8571428571428571
chr2	178805855	28	30	0.9333333333333333	22	24	0.9166666666666666
chr2	178806675	25	27	0.9259259259259259	18	22	0.8181818181818182
chr2	178807268	33	33	1.0	25	27	0.9259259259259259
chr2	178807271	34	34	1.0	25	27	0.9259259259259259
chr2	178807305	33	33	1.0	26	26	1.0
chr2	178807315	32	32	1.0	26	26	1.0
chr2	178807393	30	30	1.0	25	26	0.9615384615384616
chr2	178807398	32	32	1.0	25	26	0.9615384615384616
chr2	178807414	23	27	0.8518518518518519	20	21	0.9523809523809523
chr2	178807686	16	17	0.9411764705882353	15	19	0.7894736842105263
chr2	178807909	28	28	1.0	21	22	0.9545454545454546
chr2	178807963	14	16	0.875	15	16	0.9375
chr2	178808636	27	27	1.0	24	25	0.96
chr2	178808908	25	27	0.9259259259259259	20	23	0.8695652173913043
chr2	178808943	17	18	0.9444444444444444	20	23	0.8695652173913043
chr2	178808995	21	23	0.9130434782608695	22	22	1.0
chr2	178809038	19	23	0.8260869565217391	19	22	0.8636363636363636
chr2	178809079	23	26	0.8846153846153846	19	22	0.8636363636363636
chr2	178809236	22	22	1.0	11	12	0.9166666666666666
chr2	178809258	28	30	0.9333333333333333	19	21	0.9047619047619048
chr2	178809265	26	29	0.896551724137931	20	22	0.9090909090909091
chr2	178809695	19	20	0.95	23	27	0.8518518518518519
chr2	178809957	20	21	0.9523809523809523	21	23	0.9130434782608695
chr2	178810252	19	21	0.9047619047619048	23	26	0.8846153846153846
chr2	178810582	16	19	0.8421052631578947	18	21	0.8571428571428571
chr2	178810620	19	20	0.95	24	26	0.9230769230769231
chr2	178810642	20	21	0.9523809523809523	25	27	0.9259259259259259
chr2	178810787	21	22	0.9545454545454546	30	30	1.0
chr2	178810818	24	24	1.0	27	28	0.9642857142857143
chr2	178810844	20	21	0.9523809523809523	22	26	0.8461538461538461
chr2	178811015	23	24	0.9583333333333334	20	25	0.8
chr2	178811057	20	22	0.9090909090909091	23	29	0.7931034482758621
chr2	178811270	21	21	1.0	23	27	0.8518518518518519
chr2	178811522	20	24	0.8333333333333334	17	22	0.7727272727272727
chr2	178811709	26	26	1.0	26	28	0.9285714285714286
chr2	178812149	13	16	0.8125	19	25	0.76
chr2	178812253	15	15	1.0	22	23	0.9565217391304348
chr2	178812639	20	22	0.9090909090909091	25	27	0.9259259259259259
chr2	178813822	4	6	0.6666666666666666	4	7	0.5714285714285714
chr2	178813898	27	27	1.0	27	27	1.0
chr2	178813902	26	26	1.0	24	24	1.0
chr2	178814182	22	23	0.9565217391304348	17	25	0.68
chr2	178814233	22	24	0.9166666666666666	23	24	0.9583333333333334
chr2	178814451	24	24	1.0	23	23	1.0
chr2	178814455	25	25	1.0	23	23	1.0
chr2	178814621	0	11	0.0	0	10	0.0
chr2	178814713	16	21	0.7619047619047619	13	19	0.6842105263157895
chr2	178814812	28	28	1.0	21	22	0.9545454545454546
chr2	178815082	18	19	0.9473684210526315	14	15	0.9333333333333333
chr2	178815565	14	15	0.9333333333333333	11	15	0.7333333333333333
chr2	178815615	11	17	0.6470588235294118	8	13	0.6153846153846154
chr2	178815644	17	17	1.0	20	21	0.9523809523809523
chr2	178816105	26	27	0.9629629629629629	19	21	0.9047619047619048
chr2	178816374	25	26	0.9615384615384616	17	22	0.7727272727272727
chr2	178816472	24	27	0.8888888888888888	15	17	0.8823529411764706
chr2	178816613	14	17	0.8235294117647058	13	14	0.9285714285714286
chr2	178816639	22	23	0.9565217391304348	24	25	0.96
chr2	178816646	21	22	0.9545454545454546	22	23	0.9565217391304348
chr2	178816848	14	22	0.6363636363636364	8	22	0.36363636363636365
chr2	178817660	4	22	0.18181818181818182	7	22	0.3181818181818182
chr2	178817732	7	21	0.3333333333333333	3	17	0.17647058823529413
chr2	178817950	21	21	1.0	15	16	0.9375
chr2	178817990	28	31	0.9032258064516129	20	20	1.0
chr2	178818081	31	34	0.9117647058823529	23	23	1.0
chr2	178818091	30	33	0.9090909090909091	23	23	1.0
chr2	178818128	24	25	0.96	14	18	0.7777777777777778
chr2	178818816	21	23	0.9130434782608695	15	19	0.7894736842105263
chr2	178818918	17	31	0.5483870967741935	7	19	0.3684210526315789
chr2	178819135	0	15	0.0	0	10	0.0
chr2	178819150	26	27	0.9629629629629629	18	21	0.8571428571428571
chr2	178820111	1	16	0.0625	0	15	0.0
chr2	178820228	4	22	0.18181818181818182	6	20	0.3
chr2	178820290	0	26	0.0	1	17	0.058823529411764705
chr2	178820372	6	27	0.2222222222222222	6	24	0.25
chr2	178820420	14	15	0.9333333333333333	5	11	0.45454545454545453
chr2	178820845	19	22	0.8636363636363636	19	20	0.95
chr2	178821518	21	26	0.8076923076923077	15	17	0.8823529411764706
chr2	178821956	24	29	0.8275862068965517	18	20	0.9
chr2	178822149	15	18	0.8333333333333334	14	17	0.8235294117647058
chr2	178822172	25	26	0.9615384615384616	23	24	0.9583333333333334
chr2	178822244	17	20	0.85	18	20	0.9
chr2	178822311	26	27	0.9629629629629629	21	22	0.9545454545454546
chr2	178822729	15	18	0.8333333333333334	22	22	1.0
chr2	178823144	20	20	1.0	16	17	0.9411764705882353
chr2	178823471	16	19	0.8421052631578947	21	21	1.0
chr2	178823630	27	29	0.9310344827586207	20	23	0.8695652173913043
chr2	178823962	24	25	0.96	22	23	0.9565217391304348
chr2	178824088	20	23	0.8695652173913043	21	24	0.875
chr2	178824247	19	20	0.95	19	20	0.95
chr2	178824263	25	26	0.9615384615384616	26	26	1.0
chr2	178824368	17	23	0.7391304347826086	13	21	0.6190476190476191
chr2	178824396	25	26	0.9615384615384616	21	23	0.9130434782608695
chr2	178824532	15	22	0.6818181818181818	14	19	0.7368421052631579
chr2	178824542	12	17	0.7058823529411765	12	17	0.7058823529411765
chr2	178824574	20	22	0.9090909090909091	22	22	1.0
chr2	178824596	21	24	0.875	19	22	0.8636363636363636
chr2	178824613	20	21	0.9523809523809523	24	25	0.96
chr2	178824910	20	20	1.0	24	24	1.0
chr2	178825140	22	22	1.0	19	22	0.8636363636363636
chr2	178825505	11	21	0.5238095238095238	10	15	0.6666666666666666
chr2	178825676	21	21	1.0	21	21	1.0
chr2	178826257	19	19	1.0	25	27	0.9259259259259259
chr2	178826281	17	20	0.85	19	21	0.9047619047619048
chr2	178826872	19	21	0.9047619047619048	25	27	0.9259259259259259
chr2	178827293	14	18	0.7777777777777778	11	19	0.5789473684210527
chr2	178827510	1	18	0.05555555555555555	2	14	0.14285714285714285
chr2	178827848	28	32	0.875	19	24	0.7916666666666666
chr2	178827954	21	24	0.875	17	20	0.85
chr2	178828022	15	25	0.6	15	21	0.7142857142857143
chr2	178828137	10	20	0.5	16	21	0.7619047619047619
chr2	178828206	10	19	0.5263157894736842	9	14	0.6428571428571429
chr2	178828224	6	29	0.20689655172413793	4	18	0.2222222222222222
chr2	178828288	19	30	0.6333333333333333	20	27	0.7407407407407407
chr2	178828297	20	29	0.6896551724137931	19	26	0.7307692307692307
chr2	178828304	18	28	0.6428571428571429	19	26	0.7307692307692307
chr2	178828588	13	15	0.8666666666666667	14	16	0.875
chr2	178828609	24	25	0.96	25	28	0.8928571428571429
chr2	178828746	24	25	0.96	22	24	0.9166666666666666
chr2	178828780	20	24	0.8333333333333334	23	27	0.8518518518518519
chr2	178829047	4	19	0.21052631578947367	10	17	0.5882352941176471
chr2	178829305	4	17	0.23529411764705882	11	19	0.5789473684210527
chr2	178829654	18	24	0.75	15	19	0.7894736842105263
chr2	178829691	24	24	1.0	20	21	0.9523809523809523
chr2	178830070	13	26	0.5	20	28	0.7142857142857143
chr2	178830155	11	18	0.6111111111111112	9	15	0.6
chr2	178830283	10	18	0.5555555555555556	11	19	0.5789473684210527
chr2	178830416	9	17	0.5294117647058824	9	13	0.6923076923076923
chr2	178830667	24	24	1.0	15	19	0.7894736842105263
chr2	178830692	22	23	0.9565217391304348	22	23	0.9565217391304348
chr2	178830954	16	26	0.6153846153846154	9	14	0.6428571428571429
chr2	178831372	9	24	0.375	10	22	0.45454545454545453
chr2	178831724	22	26	0.8461538461538461	21	22	0.9545454545454546
chr2	178832114	18	20	0.9	16	16	1.0
chr2	178832168	6	16	0.375	14	21	0.6666666666666666
chr2	178832235	20	23	0.8695652173913043	18	20	0.9
chr2	178832397	8	17	0.47058823529411764	12	18	0.6666666666666666
chr2	178832626	27	27	1.0	23	25	0.92
chr2	178832996	23	24	0.9583333333333334	21	23	0.9130434782608695
chr2	178833216	13	18	0.7222222222222222	22	22	1.0
chr2	178833479	18	19	0.9473684210526315	26	26	1.0
chr2	178833592	11	14	0.7857142857142857	13	18	0.7222222222222222
chr2	178833646	28	29	0.9655172413793104	29	29	1.0
chr2	178833655	25	26	0.9615384615384616	29	29	1.0
chr2	178833680	15	16	0.9375	22	23	0.9565217391304348
chr2	178833846	20	21	0.9523809523809523	26	26	1.0
chr2	178833867	28	29	0.9655172413793104	25	26	0.9615384615384616
chr2	178834000	30	31	0.967741935483871	25	26	0.9615384615384616
chr2	178834115	25	25	1.0	27	29	0.9310344827586207
chr2	178834118	27	27	1.0	27	29	0.9310344827586207
chr2	178834216	23	23	1.0	29	30	0.9666666666666667
chr2	178834273	20	24	0.8333333333333334	22	25	0.88
chr2	178834300	23	25	0.92	30	30	1.0
chr2	178834303	22	24	0.9166666666666666	29	29	1.0
chr2	178834320	15	18	0.8333333333333334	21	22	0.9545454545454546
chr2	178834339	25	26	0.9615384615384616	27	29	0.9310344827586207
chr2	178834370	19	19	1.0	19	21	0.9047619047619048
chr2	178834648	20	23	0.8695652173913043	23	25	0.92
chr2	178834714	27	28	0.9642857142857143	27	28	0.9642857142857143
chr2	178834775	17	19	0.8947368421052632	22	23	0.9565217391304348
chr2	178834856	26	27	0.9629629629629629	24	27	0.8888888888888888
chr2	178834894	15	16	0.9375	24	25	0.96
chr2	178835506	12	22	0.5454545454545454	20	26	0.7692307692307693
chr2	178835619	21	22	0.9545454545454546	25	26	0.9615384615384616
chr2	178835658	23	23	1.0	28	29	0.9655172413793104
chr2	178835663	24	24	1.0	28	29	0.9655172413793104
chr2	178836435	13	16	0.8125	17	22	0.7727272727272727
chr2	178837017	22	25	0.88	21	24	0.875
chr2	178837052	22	26	0.8461538461538461	20	24	0.8333333333333334
chr2	178837108	13	16	0.8125	10	18	0.5555555555555556
chr2	178837181	15	22	0.6818181818181818	11	16	0.6875
chr2	178837302	16	18	0.8888888888888888	17	25	0.68
chr2	178837399	22	24	0.9166666666666666	25	25	1.0
chr2	178837647	16	18	0.8888888888888888	24	27	0.8888888888888888
chr2	178837691	23	24	0.9583333333333334	21	26	0.8076923076923077
chr2	178837835	15	19	0.7894736842105263	13	16	0.8125
chr2	178837882	2	12	0.16666666666666666	11	16	0.6875
chr2	178837905	18	22	0.8181818181818182	19	24	0.7916666666666666
chr2	178838185	8	11	0.7272727272727273	11	11	1.0
chr2	178838285	18	18	1.0	17	18	0.9444444444444444
chr2	178838416	16	17	0.9411764705882353	13	16	0.8125
chr2	178838917	21	22	0.9545454545454546	16	17	0.9411764705882353
chr2	178838964	24	25	0.96	19	21	0.9047619047619048
chr2	178839081	14	19	0.7368421052631579	9	17	0.5294117647058824
chr2	178839140	17	21	0.8095238095238095	17	19	0.8947368421052632
chr2	178839272	25	27	0.9259259259259259	25	27	0.9259259259259259
chr2	178839282	25	27	0.9259259259259259	25	27	0.9259259259259259
chr2	178839521	25	27	0.9259259259259259	25	25	1.0
chr2	178839527	26	28	0.9285714285714286	25	25	1.0
chr2	178839533	26	28	0.9285714285714286	25	25	1.0
chr2	178839574	22	24	0.9166666666666666	24	25	0.96
chr2	178839628	17	18	0.9444444444444444	14	18	0.7777777777777778
chr2	178839701	16	17	0.9411764705882353	20	20	1.0
chr2	178839828	16	18	0.8888888888888888	17	19	0.8947368421052632
chr2	178839845	11	12	0.9166666666666666	19	20	0.95
chr2	178840263	19	20	0.95	21	23	0.9130434782608695
chr2	178840617	7	9	0.7777777777777778	21	21	1.0
chr2	178840636	12	17	0.7058823529411765	19	25	0.76
chr2	178841222	17	19	0.8947368421052632	22	26	0.8461538461538461
chr2	178841402	10	12	0.8333333333333334	18	23	0.782608695652174
chr2	178841502	13	18	0.7222222222222222	18	22	0.8181818181818182
chr2	178841597	12	12	1.0	13	14	0.9285714285714286
chr2	178841712	14	17	0.8235294117647058	18	20	0.9
chr2	178841820	16	17	0.9411764705882353	19	21	0.9047619047619048
chr2	178841869	22	22	1.0	22	23	0.9565217391304348
chr2	178841878	23	23	1.0	22	23	0.9565217391304348
chr2	178841911	20	23	0.8695652173913043	23	25	0.92
chr2	178842791	11	12	0.9166666666666666	14	16	0.875
chr2	178842948	8	10	0.8	9	16	0.5625
chr2	178843154	20	21	0.9523809523809523	19	20	0.95
chr2	178843189	15	16	0.9375	21	22	0.9545454545454546
chr2	178843403	16	21	0.7619047619047619	16	24	0.6666666666666666
chr2	178843517	8	18	0.4444444444444444	11	19	0.5789473684210527
chr2	178843912	13	13	1.0	25	25	1.0
chr2	178844292	17	19	0.8947368421052632	20	21	0.9523809523809523
chr2	178844383	19	20	0.95	21	23	0.9130434782608695
chr2	178844474	19	23	0.8260869565217391	16	19	0.8421052631578947
chr2	178844565	16	17	0.9411764705882353	19	22	0.8636363636363636
chr2	178844812	10	13	0.7692307692307693	12	16	0.75
chr2	178845031	17	19	0.8947368421052632	18	18	1.0
chr2	178845195	13	17	0.7647058823529411	20	23	0.8695652173913043
chr2	178845405	17	23	0.7391304347826086	16	22	0.7272727272727273
chr2	178845715	13	16	0.8125	13	19	0.6842105263157895
chr2	178846348	14	16	0.875	19	21	0.9047619047619048
chr2	178846523	16	16	1.0	17	19	0.8947368421052632
chr2	178846582	11	16	0.6875	14	17	0.8235294117647058
chr2	178846802	6	12	0.5	15	21	0.7142857142857143
chr2	178846846	23	23	1.0	22	24	0.9166666666666666
chr2	178847049	20	20	1.0	23	26	0.8846153846153846
chr2	178847058	22	22	1.0	22	23	0.9565217391304348
chr2	178847256	20	23	0.8695652173913043	22	24	0.9166666666666666
chr2	178847299	18	19	0.9473684210526315	23	23	1.0
chr2	178847386	21	23	0.9130434782608695	20	23	0.8695652173913043
chr2	178847462	23	24	0.9583333333333334	20	24	0.8333333333333334
chr2	178847471	21	22	0.9545454545454546	19	23	0.8260869565217391
chr2	178847605	21	21	1.0	21	22	0.9545454545454546
chr2	178847773	22	24	0.9166666666666666	21	24	0.875
chr2	178848174	13	14	0.9285714285714286	16	19	0.8421052631578947
chr2	178848195	14	17	0.8235294117647058	14	20	0.7
chr2	178848484	17	20	0.85	15	16	0.9375
chr2	178848667	22	24	0.9166666666666666	21	22	0.9545454545454546
chr2	178848673	21	23	0.9130434782608695	22	23	0.9565217391304348
chr2	178848709	19	19	1.0	17	17	1.0
chr2	178848728	19	21	0.9047619047619048	24	25	0.96
chr2	178848735	18	20	0.9	22	23	0.9565217391304348
chr2	178848767	18	20	0.9	18	20	0.9
chr2	178848981	20	21	0.9523809523809523	17	20	0.85
chr2	178849263	7	9	0.7777777777777778	14	14	1.0
chr2	178849583	18	18	1.0	18	19	0.9473684210526315
chr2	178850062	16	17	0.9411764705882353	17	19	0.8947368421052632
chr2	178850367	16	20	0.8	11	16	0.6875
chr2	178850927	25	26	0.9615384615384616	17	17	1.0
chr2	178850940	21	22	0.9545454545454546	19	20	0.95
chr2	178850942	22	23	0.9565217391304348	19	20	0.95
chr2	178850953	11	11	1.0	9	10	0.9
chr2	178850970	13	16	0.8125	13	13	1.0
chr2	178851002	17	20	0.85	13	15	0.8666666666666667
chr2	178851097	17	17	1.0	19	21	0.9047619047619048
chr2	178851129	14	14	1.0	16	16	1.0
chr2	178851153	22	24	0.9166666666666666	18	18	1.0
chr2	178851387	19	20	0.95	14	19	0.7368421052631579
chr2	178851463	19	20	0.95	16	18	0.8888888888888888
chr2	178851540	13	17	0.7647058823529411	16	18	0.8888888888888888
chr2	178851696	16	17	0.9411764705882353	18	19	0.9473684210526315
chr2	178851991	19	22	0.8636363636363636	11	13	0.8461538461538461
chr2	178852096	14	19	0.7368421052631579	16	17	0.9411764705882353
chr2	178852221	13	16	0.8125	18	19	0.9473684210526315
chr2	178852374	14	17	0.8235294117647058	15	15	1.0
chr2	178852389	17	19	0.8947368421052632	16	16	1.0
chr2	178852453	12	15	0.8	16	18	0.8888888888888888
chr2	178852748	19	20	0.95	17	17	1.0
chr2	178853492	22	23	0.9565217391304348	17	17	1.0
chr2	178853608	10	15	0.6666666666666666	10	14	0.7142857142857143
chr2	178853781	17	21	0.8095238095238095	19	20	0.95
chr2	178854249	22	25	0.88	19	21	0.9047619047619048
chr2	178854261	22	26	0.8461538461538461	19	19	1.0
chr2	178854289	27	28	0.9642857142857143	22	22	1.0
chr2	178854298	27	28	0.9642857142857143	22	22	1.0
chr2	178854305	27	28	0.9642857142857143	22	22	1.0
chr2	178854319	18	20	0.9	15	16	0.9375
chr2	178854339	23	24	0.9583333333333334	17	17	1.0
chr2	178854379	23	26	0.8846153846153846	22	22	1.0
chr2	178854383	23	26	0.8846153846153846	22	22	1.0
chr2	178854395	25	25	1.0	21	21	1.0
chr2	178854415	19	21	0.9047619047619048	18	19	0.9473684210526315
chr2	178854447	13	20	0.65	11	11	1.0
chr2	178854471	22	23	0.9565217391304348	20	20	1.0
chr2	178854479	23	24	0.9583333333333334	20	20	1.0
chr2	178854509	25	26	0.9615384615384616	18	19	0.9473684210526315
chr2	178854750	21	25	0.84	16	20	0.8
chr2	178855969	17	20	0.85	16	19	0.8421052631578947
chr2	178856225	22	23	0.9565217391304348	20	21	0.9523809523809523
chr2	178856304	20	20	1.0	18	19	0.9473684210526315
chr2	178856317	5	9	0.5555555555555556	8	12	0.6666666666666666
chr2	178856650	10	18	0.5555555555555556	7	17	0.4117647058823529
chr2	178856803	17	21	0.8095238095238095	21	22	0.9545454545454546
chr2	178856873	22	25	0.88	19	21	0.9047619047619048
chr2	178856875	22	25	0.88	19	21	0.9047619047619048
chr2	178856986	15	20	0.75	18	19	0.9473684210526315
chr2	178857137	21	21	1.0	23	24	0.9583333333333334
chr2	178857251	24	25	0.96	17	20	0.85
chr2	178857355	10	15	0.6666666666666666	9	17	0.5294117647058824
chr2	178857456	21	22	0.9545454545454546	22	22	1.0
chr2	178857627	16	22	0.7272727272727273	12	16	0.75
chr2	178857996	22	25	0.88	19	19	1.0
chr2	178858000	22	26	0.8461538461538461	22	22	1.0
chr2	178858129	21	23	0.9130434782608695	22	23	0.9565217391304348
chr2	178858291	21	26	0.8076923076923077	23	23	1.0
chr2	178858313	25	26	0.9615384615384616	23	23	1.0
chr2	178858377	19	23	0.8260869565217391	20	22	0.9090909090909091
chr2	178859025	9	19	0.47368421052631576	13	21	0.6190476190476191
chr2	178859265	25	26	0.9615384615384616	14	17	0.8235294117647058
chr2	178859387	10	24	0.4166666666666667	8	18	0.4444444444444444
chr2	178859458	21	23	0.9130434782608695	17	21	0.8095238095238095
chr2	178859795	22	24	0.9166666666666666	17	17	1.0
chr2	178859901	20	24	0.8333333333333334	14	17	0.8235294117647058
chr2	178860302	16	20	0.8	16	18	0.8888888888888888
chr2	178860456	11	14	0.7857142857142857	11	15	0.7333333333333333
chr2	178860518	14	20	0.7	13	21	0.6190476190476191
chr2	178860758	21	25	0.84	23	24	0.9583333333333334
chr2	178860764	18	21	0.8571428571428571	24	25	0.96
chr2	178860792	15	18	0.8333333333333334	14	19	0.7368421052631579
chr2	178861143	15	20	0.75	16	22	0.7272727272727273
chr2	178861226	22	24	0.9166666666666666	20	22	0.9090909090909091
chr2	178861326	21	22	0.9545454545454546	25	26	0.9615384615384616
chr2	178861356	4	13	0.3076923076923077	14	17	0.8235294117647058
chr2	178861372	8	15	0.5333333333333333	13	14	0.9285714285714286
chr2	178861480	20	24	0.8333333333333334	16	21	0.7619047619047619
chr2	178861527	22	25	0.88	18	21	0.8571428571428571
chr2	178861589	15	22	0.6818181818181818	19	22	0.8636363636363636
chr2	178861613	23	23	1.0	23	25	0.92
chr2	178861820	21	22	0.9545454545454546	20	23	0.8695652173913043
chr2	178861936	19	22	0.8636363636363636	22	23	0.9565217391304348
chr2	178862029	13	14	0.9285714285714286	12	14	0.8571428571428571
chr2	178862046	24	26	0.9230769230769231	19	22	0.8636363636363636
chr2	178862098	22	22	1.0	24	24	1.0
chr2	178862135	15	17	0.8823529411764706	15	16	0.9375
chr2	178862174	24	24	1.0	24	24	1.0
chr2	178862303	14	15	0.9333333333333333	18	20	0.9
chr2	178862315	12	16	0.75	14	14	1.0
chr2	178862372	10	14	0.7142857142857143	19	22	0.8636363636363636
chr2	178862781	13	13	1.0	18	20	0.9
chr2	178863439	16	17	0.9411764705882353	20	24	0.8333333333333334
chr2	178863458	17	20	0.85	23	25	0.92
chr2	178863503	19	19	1.0	20	21	0.9523809523809523
chr2	178863619	9	10	0.9	12	15	0.8
chr2	178863683	10	12	0.8333333333333334	12	22	0.5454545454545454
chr2	178863865	13	15	0.8666666666666667	22	23	0.9565217391304348
chr2	178863894	19	21	0.9047619047619048	21	24	0.875
chr2	178863914	24	24	1.0	18	22	0.8181818181818182
chr2	178863951	19	21	0.9047619047619048	18	21	0.8571428571428571
chr2	178863955	18	20	0.9	18	21	0.8571428571428571
chr2	178864075	11	14	0.7857142857142857	14	17	0.8235294117647058
chr2	178864120	11	18	0.6111111111111112	9	18	0.5
chr2	178864226	10	15	0.6666666666666666	10	19	0.5263157894736842
chr2	178864353	17	21	0.8095238095238095	18	19	0.9473684210526315
chr2	178864363	19	23	0.8260869565217391	18	19	0.9473684210526315
chr2	178864390	15	18	0.8333333333333334	20	20	1.0
chr2	178864413	15	15	1.0	17	17	1.0
chr2	178864455	10	13	0.7692307692307693	14	16	0.875
chr2	178864466	22	22	1.0	22	22	1.0
chr2	178864474	22	23	0.9565217391304348	26	26	1.0
chr2	178864477	22	23	0.9565217391304348	25	25	1.0
chr2	178864548	22	22	1.0	15	17	0.8823529411764706
chr2	178864705	15	21	0.7142857142857143	18	21	0.8571428571428571
chr2	178865268	14	17	0.8235294117647058	15	19	0.7894736842105263
chr2	178865374	13	14	0.9285714285714286	12	16	0.75
chr2	178865777	19	19	1.0	20	21	0.9523809523809523
chr2	178865789	20	21	0.9523809523809523	22	24	0.9166666666666666
chr2	178865806	19	20	0.95	16	17	0.9411764705882353
chr2	178865818	14	17	0.8235294117647058	14	16	0.875
chr2	178865842	14	17	0.8235294117647058	15	21	0.7142857142857143
chr2	178865952	18	18	1.0	25	25	1.0
chr2	178865968	15	17	0.8823529411764706	21	23	0.9130434782608695
chr2	178866145	17	18	0.9444444444444444	23	23	1.0
chr2	178866172	17	19	0.8947368421052632	23	24	0.9583333333333334
chr2	178866763	16	17	0.9411764705882353	24	25	0.96
chr2	178866810	18	18	1.0	23	25	0.92
chr2	178866827	13	14	0.9285714285714286	24	24	1.0
chr2	178866871	19	19	1.0	25	26	0.9615384615384616
chr2	178866881	20	20	1.0	25	26	0.9615384615384616
chr2	178866913	14	17	0.8235294117647058	21	23	0.9130434782608695
chr2	178866953	14	14	1.0	19	21	0.9047619047619048
chr2	178867102	12	13	0.9230769230769231	16	17	0.9411764705882353
chr2	178867534	18	18	1.0	21	24	0.875
chr2	178867582	12	13	0.9230769230769231	19	19	1.0
chr2	178868029	16	17	0.9411764705882353	25	26	0.9615384615384616
chr2	178868051	18	18	1.0	22	23	0.9565217391304348
chr2	178868092	11	12	0.9166666666666666	19	21	0.9047619047619048
chr2	178868116	5	7	0.7142857142857143	11	15	0.7333333333333333
chr2	178868157	12	12	1.0	19	22	0.8636363636363636
chr2	178868197	20	21	0.9523809523809523	25	26	0.9615384615384616
chr2	178868298	16	16	1.0	16	22	0.7272727272727273
chr2	178868392	18	18	1.0	21	23	0.9130434782608695
chr2	178868506	14	15	0.9333333333333333	15	16	0.9375
chr2	178868642	14	17	0.8235294117647058	21	23	0.9130434782608695
chr2	178868673	12	13	0.9230769230769231	18	21	0.8571428571428571
chr2	178868691	10	11	0.9090909090909091	20	22	0.9090909090909091
chr2	178869163	13	17	0.7647058823529411	21	23	0.9130434782608695
chr2	178869808	12	14	0.8571428571428571	16	18	0.8888888888888888
chr2	178869968	16	16	1.0	17	19	0.8947368421052632
chr2	178870091	16	18	0.8888888888888888	21	23	0.9130434782608695
chr2	178870138	17	18	0.9444444444444444	19	21	0.9047619047619048
chr2	178870162	15	15	1.0	19	21	0.9047619047619048
chr2	178870474	11	18	0.6111111111111112	15	17	0.8823529411764706
chr2	178870486	8	18	0.4444444444444444	9	17	0.5294117647058824
chr2	178870520	18	19	0.9473684210526315	20	20	1.0
chr2	178870626	14	16	0.875	19	19	1.0
chr2	178870644	7	8	0.875	5	10	0.5
chr2	178870833	11	14	0.7857142857142857	5	13	0.38461538461538464
chr2	178870979	1	16	0.0625	1	21	0.047619047619047616
chr2	178871060	7	10	0.7	9	12	0.75
chr2	178871460	13	13	1.0	15	15	1.0
chr2	178871491	15	16	0.9375	20	20	1.0
chr2	178871626	13	16	0.8125	16	20	0.8
chr2	178872015	12	12	1.0	15	18	0.8333333333333334
chr2	178872070	17	18	0.9444444444444444	22	22	1.0
chr2	178872089	11	11	1.0	16	17	0.9411764705882353
chr2	178872156	16	17	0.9411764705882353	23	23	1.0
chr2	178872186	10	14	0.7142857142857143	15	16	0.9375
chr2	178872211	14	14	1.0	21	21	1.0
chr2	178872232	15	15	1.0	18	20	0.9
chr2	178872299	15	16	0.9375	16	18	0.8888888888888888
chr2	178872387	12	14	0.8571428571428571	19	20	0.95
chr2	178872416	8	10	0.8	6	10	0.6
chr2	178872445	12	13	0.9230769230769231	13	14	0.9285714285714286
chr2	178872456	16	17	0.9411764705882353	18	18	1.0
chr2	178872478	8	8	1.0	13	13	1.0
chr2	178872505	14	16	0.875	16	17	0.9411764705882353
chr2	178872511	14	16	0.875	14	16	0.875
chr2	178872634	17	18	0.9444444444444444	19	20	0.95
chr2	178872646	20	21	0.9523809523809523	20	22	0.9090909090909091
chr2	178872695	15	18	0.8333333333333334	16	22	0.7272727272727273
chr2	178872729	11	13	0.8461538461538461	16	18	0.8888888888888888
chr2	178872814	16	17	0.9411764705882353	22	24	0.9166666666666666
chr2	178872881	10	11	0.9090909090909091	17	18	0.9444444444444444
chr2	178873030	14	14	1.0	20	25	0.8
chr2	178873083	12	13	0.9230769230769231	16	17	0.9411764705882353
chr2	178873363	11	13	0.8461538461538461	18	19	0.9473684210526315
chr2	178873676	14	14	1.0	23	24	0.9583333333333334
chr2	178873818	16	19	0.8421052631578947	20	22	0.9090909090909091
chr2	178874050	7	9	0.7777777777777778	13	13	1.0
chr2	178874193	12	17	0.7058823529411765	19	21	0.9047619047619048
chr2	178874259	12	16	0.75	21	23	0.9130434782608695
chr2	178874335	16	19	0.8421052631578947	20	22	0.9090909090909091
chr2	178874659	12	13	0.9230769230769231	18	20	0.9
chr2	178874667	14	15	0.9333333333333333	21	23	0.9130434782608695
chr2	178874773	11	12	0.9166666666666666	16	21	0.7619047619047619
chr2	178874790	10	12	0.8333333333333334	17	20	0.85
chr2	178874854	17	18	0.9444444444444444	22	24	0.9166666666666666
chr2	178874879	10	12	0.8333333333333334	18	21	0.8571428571428571
chr2	178874989	12	14	0.8571428571428571	23	24	0.9583333333333334
chr2	178875205	12	15	0.8	16	17	0.9411764705882353
chr2	178875285	14	18	0.7777777777777778	23	27	0.8518518518518519
chr2	178875289	15	19	0.7894736842105263	22	26	0.8461538461538461
chr2	178875392	18	19	0.9473684210526315	22	22	1.0
chr2	178875420	11	14	0.7857142857142857	20	21	0.9523809523809523
chr2	178875456	14	16	0.875	20	21	0.9523809523809523
chr2	178875518	10	13	0.7692307692307693	17	18	0.9444444444444444
chr2	178875550	18	20	0.9	22	23	0.9565217391304348
chr2	178875740	14	15	0.9333333333333333	19	20	0.95
chr2	178875805	14	17	0.8235294117647058	21	21	1.0
chr2	178875886	15	17	0.8823529411764706	19	19	1.0
chr2	178875950	14	16	0.875	22	23	0.9565217391304348
chr2	178876447	15	16	0.9375	18	21	0.8571428571428571
chr2	178876579	16	16	1.0	18	19	0.9473684210526315
chr2	178877309	17	18	0.9444444444444444	19	19	1.0
chr2	178878047	14	15	0.9333333333333333	18	18	1.0
chr2	178878100	11	14	0.7857142857142857	16	17	0.9411764705882353
chr2	178878369	11	14	0.7857142857142857	11	14	0.7857142857142857
chr2	178878459	12	13	0.9230769230769231	14	14	1.0
chr2	178878506	19	19	1.0	21	22	0.9545454545454546
chr2	178878537	8	12	0.6666666666666666	16	19	0.8421052631578947
chr2	178878593	11	14	0.7857142857142857	11	19	0.5789473684210527
chr2	178878886	13	14	0.9285714285714286	17	19	0.8947368421052632
chr2	178879195	11	13	0.8461538461538461	5	11	0.45454545454545453
chr2	178879749	11	15	0.7333333333333333	8	19	0.42105263157894735
chr2	178879790	11	18	0.6111111111111112	3	20	0.15
chr2	178879859	14	15	0.9333333333333333	16	18	0.8888888888888888
chr2	178879943	16	17	0.9411764705882353	19	21	0.9047619047619048
chr2	178880033	14	14	1.0	13	15	0.8666666666666667
chr2	178880045	10	11	0.9090909090909091	16	17	0.9411764705882353
chr2	178880454	15	18	0.8333333333333334	16	18	0.8888888888888888
chr2	178880492	10	15	0.6666666666666666	9	14	0.6428571428571429
chr2	178880515	14	17	0.8235294117647058	14	15	0.9333333333333333
chr2	178880954	7	8	0.875	12	15	0.8
chr2	178881109	12	15	0.8	12	16	0.75
chr2	178881485	6	13	0.46153846153846156	13	14	0.9285714285714286
chr2	178881559	10	13	0.7692307692307693	15	21	0.7142857142857143
chr2	178881582	9	13	0.6923076923076923	17	19	0.8947368421052632
chr2	178881613	12	14	0.8571428571428571	16	18	0.8888888888888888
chr2	178881763	12	17	0.7058823529411765	16	20	0.8
chr2	178881793	9	10	0.9	12	15	0.8
chr2	178881826	7	10	0.7	9	14	0.6428571428571429
chr2	178882226	12	13	0.9230769230769231	18	19	0.9473684210526315
chr2	178882240	9	11	0.8181818181818182	10	13	0.7692307692307693
chr2	178882322	16	16	1.0	18	19	0.9473684210526315
chr2	178882324	17	17	1.0	19	20	0.95
chr2	178882340	7	14	0.5	11	12	0.9166666666666666
chr2	178882355	17	18	0.9444444444444444	19	20	0.95
chr2	178882444	12	15	0.8	12	17	0.7058823529411765
chr2	178882598	10	12	0.8333333333333334	20	22	0.9090909090909091
chr2	178882719	8	8	1.0	4	8	0.5
chr2	178882732	12	12	1.0	13	13	1.0
chr2	178882771	19	19	1.0	21	22	0.9545454545454546
chr2	178882823	10	15	0.6666666666666666	17	20	0.85
chr2	178882953	8	9	0.8888888888888888	18	18	1.0
chr2	178883141	15	15	1.0	22	22	1.0
chr2	178883475	13	13	1.0	16	16	1.0
chr2	178883947	12	13	0.9230769230769231	21	21	1.0
chr2	178884101	15	15	1.0	25	26	0.9615384615384616
chr2	178884264	11	11	1.0	10	11	0.9090909090909091
chr2	178884645	14	15	0.9333333333333333	19	21	0.9047619047619048
chr2	178884696	11	12	0.9166666666666666	21	23	0.9130434782608695
chr2	178884784	15	17	0.8823529411764706	19	23	0.8260869565217391
chr2	178884926	12	12	1.0	22	22	1.0
chr2	178884945	12	12	1.0	16	18	0.8888888888888888
chr2	178885147	12	13	0.9230769230769231	15	18	0.8333333333333334
chr2	178885730	14	14	1.0	19	19	1.0
chr2	178885933	4	7	0.5714285714285714	3	10	0.3
chr2	178886084	5	7	0.7142857142857143	11	12	0.9166666666666666
chr2	178886368	11	13	0.8461538461538461	13	16	0.8125
chr2	178886372	14	16	0.875	13	15	0.8666666666666667
chr2	178886533	11	12	0.9166666666666666	15	18	0.8333333333333334
chr2	178886806	10	11	0.9090909090909091	9	12	0.75
chr2	178886926	9	12	0.75	17	17	1.0
chr2	178887042	10	11	0.9090909090909091	15	16	0.9375
chr2	178887251	10	13	0.7692307692307693	17	19	0.8947368421052632
chr2	178887330	14	15	0.9333333333333333	15	17	0.8823529411764706
chr2	178887477	11	13	0.8461538461538461	15	16	0.9375
chr2	178887793	14	16	0.875	20	21	0.9523809523809523
chr2	178887802	12	13	0.9230769230769231	19	20	0.95
chr2	178888285	7	8	0.875	15	17	0.8823529411764706
chr2	178888323	14	15	0.9333333333333333	22	22	1.0
chr2	178888448	11	13	0.8461538461538461	13	13	1.0
chr2	178888517	6	7	0.8571428571428571	8	12	0.6666666666666666
chr2	178888530	11	11	1.0	13	13	1.0
chr2	178888589	13	14	0.9285714285714286	20	21	0.9523809523809523
chr2	178888603	11	11	1.0	18	18	1.0
chr2	178888620	10	11	0.9090909090909091	16	18	0.8888888888888888
chr2	178888654	11	12	0.9166666666666666	17	17	1.0
chr2	178888757	13	14	0.9285714285714286	18	20	0.9
chr2	178888810	9	13	0.6923076923076923	18	20	0.9
chr2	178888984	8	11	0.7272727272727273	13	17	0.7647058823529411
chr2	178889248	11	12	0.9166666666666666	20	22	0.9090909090909091
chr2	178889283	11	11	1.0	19	20	0.95
chr2	178889648	10	11	0.9090909090909091	18	19	0.9473684210526315
chr2	178889680	14	15	0.9333333333333333	18	18	1.0
chr2	178889847	13	15	0.8666666666666667	14	18	0.7777777777777778
chr2	178890165	10	12	0.8333333333333334	17	19	0.8947368421052632
chr2	178890873	10	10	1.0	21	22	0.9545454545454546
chr2	178891201	13	13	1.0	19	19	1.0
chr2	178891322	9	11	0.8181818181818182	14	17	0.8235294117647058
chr2	178891509	1	10	0.1	2	21	0.09523809523809523
chr2	178891643	0	14	0.0	1	21	0.047619047619047616
chr2	178892044	16	16	1.0	20	21	0.9523809523809523
chr2	178892067	10	12	0.8333333333333334	13	16	0.8125
chr2	178892190	13	13	1.0	17	18	0.9444444444444444
chr2	178892293	3	15	0.2	4	16	0.25
chr2	178892339	8	13	0.6153846153846154	14	15	0.9333333333333333
chr2	178892535	11	11	1.0	18	19	0.9473684210526315
chr2	178892584	16	17	0.9411764705882353	20	21	0.9523809523809523
chr2	178892593	14	15	0.9333333333333333	18	19	0.9473684210526315
chr2	178892671	19	19	1.0	21	23	0.9130434782608695
chr2	178892826	10	10	1.0	11	12	0.9166666666666666
chr2	178892859	8	13	0.6153846153846154	15	20	0.75
chr2	178893062	16	17	0.9411764705882353	19	20	0.95
chr2	178893249	16	19	0.8421052631578947	14	15	0.9333333333333333
chr2	178893604	10	11	0.9090909090909091	11	11	1.0
chr2	178893821	11	12	0.9166666666666666	13	15	0.8666666666666667
chr2	178894198	15	19	0.7894736842105263	13	17	0.7647058823529411
chr2	178894877	13	13	1.0	17	17	1.0
chr2	178895088	15	15	1.0	15	15	1.0
chr2	178895225	7	8	0.875	16	16	1.0
chr2	178895484	16	16	1.0	14	14	1.0
chr2	178895595	9	11	0.8181818181818182	14	15	0.9333333333333333
chr2	178896110	11	11	1.0	17	18	0.9444444444444444
chr2	178896176	12	14	0.8571428571428571	18	18	1.0
chr2	178896281	13	14	0.9285714285714286	16	17	0.9411764705882353
chr2	178896313	17	18	0.9444444444444444	14	14	1.0
chr2	178896342	15	18	0.8333333333333334	14	14	1.0
chr2	178896386	19	21	0.9047619047619048	16	17	0.9411764705882353
chr2	178896388	20	22	0.9090909090909091	17	17	1.0
chr2	178897270	19	19	1.0	17	21	0.8095238095238095
chr2	178897595	10	15	0.6666666666666666	11	15	0.7333333333333333
chr2	178898296	11	17	0.6470588235294118	17	18	0.9444444444444444
chr2	178898728	20	20	1.0	14	14	1.0
chr2	178899079	21	21	1.0	16	16	1.0
chr2	178899084	22	22	1.0	16	16	1.0
chr2	178899602	13	13	1.0	15	15	1.0
chr2	178900119	20	21	0.9523809523809523	13	15	0.8666666666666667
chr2	178900575	19	22	0.8636363636363636	15	18	0.8333333333333334
chr2	178900805	6	7	0.8571428571428571	4	6	0.6666666666666666
chr2	178901064	11	18	0.6111111111111112	13	16	0.8125
chr2	178901163	15	18	0.8333333333333334	16	18	0.8888888888888888
chr2	178901319	10	16	0.625	6	8	0.75
chr2	178901373	16	16	1.0	11	15	0.7333333333333333
chr2	178901454	19	19	1.0	13	14	0.9285714285714286
chr2	178901599	19	19	1.0	17	17	1.0
chr2	178901831	20	20	1.0	15	19	0.7894736842105263
chr2	178902044	20	22	0.9090909090909091	14	15	0.9333333333333333
chr2	178902291	16	20	0.8	16	17	0.9411764705882353
chr2	178902335	10	12	0.8333333333333334	17	17	1.0
chr2	178902449	21	22	0.9545454545454546	16	17	0.9411764705882353
chr2	178902627	20	21	0.9523809523809523	15	17	0.8823529411764706
chr2	178902843	19	20	0.95	20	20	1.0
chr2	178902941	21	21	1.0	17	19	0.8947368421052632
chr2	178903154	11	17	0.6470588235294118	16	19	0.8421052631578947
chr2	178903198	22	25	0.88	20	21	0.9523809523809523
chr2	178903306	20	23	0.8695652173913043	19	19	1.0
chr2	178903498	20	25	0.8	19	20	0.95
chr2	178903521	22	23	0.9565217391304348	19	19	1.0
chr2	178903661	17	20	0.85	22	24	0.9166666666666666
chr2	178903818	14	15	0.9333333333333333	20	21	0.9523809523809523
chr2	178903925	14	14	1.0	20	22	0.9090909090909091
chr2	178903962	14	14	1.0	19	19	1.0
chr2	178903974	12	12	1.0	14	14	1.0
chr2	178904203	17	24	0.7083333333333334	16	22	0.7272727272727273
chr2	178904431	22	25	0.88	17	20	0.85
chr2	178904633	14	20	0.7	11	16	0.6875
chr2	178904638	15	22	0.6818181818181818	13	19	0.6842105263157895
chr2	178905086	16	18	0.8888888888888888	15	19	0.7894736842105263
chr2	178905271	18	20	0.9	11	19	0.5789473684210527
chr2	178905557	17	20	0.85	20	21	0.9523809523809523
chr2	178905791	18	20	0.9	19	19	1.0
chr2	178906395	17	19	0.8947368421052632	19	19	1.0
chr2	178906793	19	22	0.8636363636363636	20	23	0.8695652173913043
chr2	178906828	18	19	0.9473684210526315	20	22	0.9090909090909091
chr2	178906871	24	24	1.0	21	22	0.9545454545454546
chr2	178906972	21	22	0.9545454545454546	16	18	0.8888888888888888
chr2	178906991	24	24	1.0	23	23	1.0
chr2	178907130	13	16	0.8125	14	15	0.9333333333333333
chr2	178907467	22	23	0.9565217391304348	22	22	1.0
chr2	178907720	18	21	0.8571428571428571	15	15	1.0
chr2	178907821	23	24	0.9583333333333334	21	21	1.0
chr2	178907868	13	17	0.7647058823529411	15	18	0.8333333333333334
chr2	178907922	11	12	0.9166666666666666	14	15	0.9333333333333333
chr2	178907993	13	15	0.8666666666666667	11	14	0.7857142857142857
chr2	178908081	17	19	0.8947368421052632	21	22	0.9545454545454546
chr2	178908162	14	14	1.0	15	17	0.8823529411764706
chr2	178908225	24	25	0.96	21	21	1.0
chr2	178908233	23	24	0.9583333333333334	21	21	1.0
chr2	178908254	21	21	1.0	19	21	0.9047619047619048
chr2	178908279	21	21	1.0	13	19	0.6842105263157895
chr2	178908303	19	21	0.9047619047619048	18	19	0.9473684210526315
chr2	178908318	19	20	0.95	16	16	1.0
chr2	178908412	15	17	0.8823529411764706	7	11	0.6363636363636364
chr2	178908439	22	23	0.9565217391304348	19	19	1.0
chr2	178908442	22	23	0.9565217391304348	18	18	1.0
chr2	178908480	22	24	0.9166666666666666	20	22	0.9090909090909091
chr2	178908482	22	24	0.9166666666666666	20	22	0.9090909090909091
chr2	178908490	22	24	0.9166666666666666	19	21	0.9047619047619048
chr2	178909430	22	23	0.9565217391304348	17	17	1.0
chr2	178909466	16	17	0.9411764705882353	21	21	1.0
chr2	178909726	20	20	1.0	14	16	0.875
chr2	178909882	20	21	0.9523809523809523	12	13	0.9230769230769231
chr2	178910034	17	18	0.9444444444444444	13	16	0.8125
chr2	178910208	20	21	0.9523809523809523	19	20	0.95
chr2	178910225	19	21	0.9047619047619048	17	17	1.0
chr2	178910331	18	19	0.9473684210526315	14	16	0.875
chr2	178910379	20	21	0.9523809523809523	13	14	0.9285714285714286
chr2	178911184	17	22	0.7727272727272727	18	19	0.9473684210526315
chr2	178911292	19	20	0.95	17	22	0.7727272727272727
chr2	178911716	17	17	1.0	14	14	1.0
chr2	178912306	17	23	0.7391304347826086	13	18	0.7222222222222222
chr2	178912822	16	17	0.9411764705882353	16	18	0.8888888888888888
chr2	178912883	5	16	0.3125	6	14	0.42857142857142855
chr2	178913117	14	15	0.9333333333333333	14	14	1.0
chr2	178913521	16	17	0.9411764705882353	17	18	0.9444444444444444
chr2	178913689	4	8	0.5	5	8	0.625
chr2	178913715	5	13	0.38461538461538464	7	15	0.4666666666666667
chr2	178913884	9	11	0.8181818181818182	15	18	0.8333333333333334
chr2	178914031	17	19	0.8947368421052632	16	16	1.0
chr2	178914121	17	17	1.0	16	17	0.9411764705882353
chr2	178914145	17	18	0.9444444444444444	16	16	1.0
chr2	178914259	15	15	1.0	16	16	1.0
chr2	178914293	5	10	0.5	5	13	0.38461538461538464
chr2	178914444	1	13	0.07692307692307693	0	17	0.0
chr2	178914477	0	10	0.0	0	10	0.0
chr2	178915097	10	13	0.7692307692307693	14	14	1.0
chr2	178915147	8	13	0.6153846153846154	14	17	0.8235294117647058
chr2	178915519	10	11	0.9090909090909091	9	13	0.6923076923076923
chr2	178915659	11	11	1.0	11	13	0.8461538461538461
chr2	178916180	10	11	0.9090909090909091	11	14	0.7857142857142857
chr2	178916214	9	9	1.0	13	13	1.0
chr2	178916481	9	10	0.9	11	14	0.7857142857142857
chr2	178916841	7	14	0.5	5	14	0.35714285714285715
chr2	178917579	3	7	0.42857142857142855	2	7	0.2857142857142857
chr2	178917630	8	11	0.7272727272727273	10	13	0.7692307692307693
chr2	178917705	12	15	0.8	15	17	0.8823529411764706
chr2	178917911	17	17	1.0	16	17	0.9411764705882353
chr2	178917991	12	12	1.0	10	10	1.0
chr2	178918086	6	9	0.6666666666666666	7	11	0.6363636363636364
chr2	178918177	16	17	0.9411764705882353	15	16	0.9375
chr2	178918297	14	15	0.9333333333333333	14	15	0.9333333333333333
chr2	178918339	15	15	1.0	10	12	0.8333333333333334
chr2	178918363	14	15	0.9333333333333333	14	16	0.875
chr2	178918476	14	14	1.0	14	14	1.0
chr2	178918614	13	14	0.9285714285714286	9	14	0.6428571428571429
chr2	178918682	11	12	0.9166666666666666	14	16	0.875
chr2	178918739	15	15	1.0	13	15	0.8666666666666667
chr2	178918840	11	11	1.0	11	15	0.7333333333333333
chr2	178918955	17	17	1.0	16	17	0.9411764705882353
chr2	178918973	9	12	0.75	7	9	0.7777777777777778
chr2	178919152	12	13	0.9230769230769231	14	14	1.0
chr2	178919342	15	16	0.9375	14	16	0.875
chr2	178919603	14	14	1.0	8	9	0.8888888888888888
chr2	178919858	11	11	1.0	10	11	0.9090909090909091
chr2	178919881	13	13	1.0	12	14	0.8571428571428571
chr2	178920157	14	15	0.9333333333333333	15	15	1.0
chr2	178920190	9	9	1.0	12	15	0.8
chr2	178920458	11	15	0.7333333333333333	7	9	0.7777777777777778
chr2	178920590	18	19	0.9473684210526315	15	16	0.9375
chr2	178920614	14	14	1.0	11	12	0.9166666666666666
chr2	178920637	18	20	0.9	13	15	0.8666666666666667
chr2	178921015	16	16	1.0	12	14	0.8571428571428571
chr2	178921156	12	13	0.9230769230769231	9	9	1.0
chr2	178921258	10	12	0.8333333333333334	9	9	1.0
chr2	178921550	15	18	0.8333333333333334	10	12	0.8333333333333334
chr2	178921732	14	16	0.875	12	14	0.8571428571428571
chr2	178921798	1	7	0.14285714285714285	0	9	0.0
chr2	178921993	19	19	1.0	13	15	0.8666666666666667
chr2	178922103	9	19	0.47368421052631576	7	12	0.5833333333333334
chr2	178922513	16	18	0.8888888888888888	10	10	1.0
chr2	178922571	13	13	1.0	13	13	1.0
chr2	178922698	14	16	0.875	12	14	0.8571428571428571
chr2	178923126	18	18	1.0	16	16	1.0
chr2	178923134	18	18	1.0	16	16	1.0
chr2	178923142	18	18	1.0	16	16	1.0
chr2	178923164	17	18	0.9444444444444444	17	17	1.0
chr2	178923172	17	18	0.9444444444444444	17	17	1.0
chr2	178923189	20	20	1.0	13	16	0.8125
chr2	178923196	20	20	1.0	13	16	0.8125
chr2	178923204	20	20	1.0	13	16	0.8125
chr2	178923248	22	22	1.0	17	17	1.0
chr2	178923252	22	22	1.0	17	17	1.0
chr2	178923260	22	22	1.0	17	17	1.0
chr2	178923264	22	22	1.0	17	17	1.0
chr2	178923293	17	17	1.0	11	11	1.0
chr2	178923313	10	13	0.7692307692307693	14	14	1.0
chr2	178923324	19	19	1.0	10	11	0.9090909090909091
chr2	178923338	20	20	1.0	16	17	0.9411764705882353
chr2	178923345	20	20	1.0	15	16	0.9375
chr2	178923349	20	20	1.0	16	17	0.9411764705882353
chr2	178923354	21	21	1.0	16	16	1.0
chr2	178923382	19	20	0.95	15	15	1.0
chr2	178923392	19	20	0.95	15	15	1.0
chr2	178923394	19	20	0.95	15	15	1.0
chr2	178923398	19	20	0.95	15	15	1.0
chr2	178923517	12	12	1.0	10	11	0.9090909090909091
chr2	178923536	15	17	0.8823529411764706	12	12	1.0
chr2	178923552	18	19	0.9473684210526315	10	11	0.9090909090909091
chr2	178923673	21	21	1.0	14	15	0.9333333333333333
chr2	178923677	20	20	1.0	15	16	0.9375
chr2	178923685	19	19	1.0	15	16	0.9375
chr2	178923690	20	20	1.0	15	16	0.9375
chr2	178923699	21	21	1.0	15	15	1.0
chr2	178923748	13	16	0.8125	9	11	0.8181818181818182
chr2	178923890	14	14	1.0	11	13	0.8461538461538461
chr2	178924129	14	14	1.0	15	16	0.9375
chr2	178924708	13	16	0.8125	11	13	0.8461538461538461
chr2	178924850	11	14	0.7857142857142857	5	9	0.5555555555555556
chr2	178925251	15	15	1.0	11	14	0.7857142857142857
chr2	178925336	11	13	0.8461538461538461	8	11	0.7272727272727273
chr2	178925381	18	20	0.9	10	11	0.9090909090909091
chr2	178925668	12	17	0.7058823529411765	6	10	0.6
chr2	178925829	7	8	0.875	7	8	0.875
chr2	178926194	0	6	0.0	0	2	0.0
chr2	178926518	21	22	0.9545454545454546	12	12	1.0
chr2	178926613	21	22	0.9545454545454546	13	14	0.9285714285714286
chr2	178927347	3	21	0.14285714285714285	3	15	0.2
chr2	178927400	16	21	0.7619047619047619	7	11	0.6363636363636364
chr2	178927421	17	22	0.7727272727272727	15	16	0.9375
chr2	178927445	20	23	0.8695652173913043	15	17	0.8823529411764706
chr2	178927509	14	15	0.9333333333333333	13	16	0.8125
chr2	178927536	17	17	1.0	12	12	1.0
chr2	178927562	20	21	0.9523809523809523	12	13	0.9230769230769231
chr2	178927840	11	16	0.6875	9	13	0.6923076923076923
chr2	178927864	15	15	1.0	12	12	1.0
chr2	178927903	16	21	0.7619047619047619	12	14	0.8571428571428571
chr2	178927960	20	22	0.9090909090909091	11	14	0.7857142857142857
chr2	178928123	5	10	0.5	2	7	0.2857142857142857
chr2	178928162	20	20	1.0	11	13	0.8461538461538461
chr2	178928325	15	16	0.9375	15	15	1.0
chr2	178928385	13	14	0.9285714285714286	11	11	1.0
chr2	178928524	9	12	0.75	13	14	0.9285714285714286
chr2	178928631	16	16	1.0	11	15	0.7333333333333333
chr2	178929328	19	19	1.0	14	16	0.875
chr2	178929477	13	14	0.9285714285714286	13	15	0.8666666666666667
chr2	178929482	19	20	0.95	14	16	0.875
chr2	178929807	10	11	0.9090909090909091	8	10	0.8
chr2	178930043	14	17	0.8235294117647058	9	12	0.75
chr2	178930128	16	16	1.0	12	12	1.0
chr2	178931140	18	18	1.0	16	16	1.0
chr2	178931654	12	12	1.0	16	18	0.8888888888888888
chr2	178931902	10	14	0.7142857142857143	10	14	0.7142857142857143
chr2	178931904	8	12	0.6666666666666666	9	13	0.6923076923076923
chr2	178931962	15	15	1.0	13	14	0.9285714285714286
chr2	178931993	7	12	0.5833333333333334	9	11	0.8181818181818182
chr2	178932148	11	14	0.7857142857142857	13	15	0.8666666666666667
chr2	178932220	13	19	0.6842105263157895	13	15	0.8666666666666667
chr2	178932477	12	13	0.9230769230769231	15	19	0.7894736842105263
chr2	178932705	16	18	0.8888888888888888	16	19	0.8421052631578947
chr2	178933097	7	10	0.7	13	18	0.7222222222222222
chr2	178933148	14	16	0.875	19	22	0.8636363636363636
chr2	178933567	15	15	1.0	22	23	0.9565217391304348
chr2	178933609	17	17	1.0	20	22	0.9090909090909091
chr2	178933889	14	15	0.9333333333333333	17	21	0.8095238095238095
chr2	178934256	14	14	1.0	18	19	0.9473684210526315
chr2	178934523	16	16	1.0	14	18	0.7777777777777778
chr2	178934567	14	17	0.8235294117647058	20	21	0.9523809523809523
chr2	178935084	11	11	1.0	15	17	0.8823529411764706
chr2	178935188	12	12	1.0	11	15	0.7333333333333333
chr2	178935303	17	18	0.9444444444444444	20	20	1.0
chr2	178936412	10	12	0.8333333333333334	11	12	0.9166666666666666
chr2	178936991	18	18	1.0	20	20	1.0
chr2	178937449	14	16	0.875	20	22	0.9090909090909091
chr2	178937506	9	10	0.9	15	19	0.7894736842105263
chr2	178937571	8	14	0.5714285714285714	14	18	0.7777777777777778
chr2	178937754	12	14	0.8571428571428571	15	20	0.75
chr2	178937856	11	12	0.9166666666666666	21	24	0.875
chr2	178938517	16	16	1.0	20	21	0.9523809523809523
chr2	178938777	15	15	1.0	18	20	0.9
chr2	178938918	16	19	0.8421052631578947	16	19	0.8421052631578947
chr2	178939028	13	16	0.8125	14	17	0.8235294117647058
chr2	178939192	12	16	0.75	20	24	0.8333333333333334
chr2	178939725	13	17	0.7647058823529411	17	20	0.85
chr2	178940280	17	20	0.85	18	21	0.8571428571428571
chr2	178940426	15	15	1.0	19	21	0.9047619047619048
chr2	178940697	17	20	0.85	18	24	0.75
chr2	178940817	14	15	0.9333333333333333	20	20	1.0
chr2	178940976	15	15	1.0	21	23	0.9130434782608695
chr2	178941352	10	13	0.7692307692307693	14	15	0.9333333333333333
chr2	178941643	12	15	0.8	19	22	0.8636363636363636
chr2	178941780	14	14	1.0	18	20	0.9
chr2	178941851	12	13	0.9230769230769231	17	19	0.8947368421052632
chr2	178941873	17	18	0.9444444444444444	21	23	0.9130434782608695
chr2	178941891	13	15	0.8666666666666667	23	26	0.8846153846153846
chr2	178941899	16	18	0.8888888888888888	23	26	0.8846153846153846
chr2	178942250	17	19	0.8947368421052632	18	24	0.75
chr2	178942325	17	19	0.8947368421052632	20	24	0.8333333333333334
chr2	178942416	17	22	0.7727272727272727	22	24	0.9166666666666666
chr2	178942521	19	21	0.9047619047619048	24	26	0.9230769230769231
chr2	178942707	23	23	1.0	27	29	0.9310344827586207
chr2	178942745	13	16	0.8125	24	25	0.96
chr2	178943045	16	18	0.8888888888888888	18	21	0.8571428571428571
chr2	178943168	15	16	0.9375	19	20	0.95
chr2	178943692	11	13	0.8461538461538461	15	17	0.8823529411764706
chr2	178943774	12	15	0.8	20	25	0.8
chr2	178944571	18	19	0.9473684210526315	26	27	0.9629629629629629
chr2	178945020	16	17	0.9411764705882353	18	27	0.6666666666666666
chr2	178945318	14	14	1.0	18	20	0.9
chr2	178945461	20	20	1.0	27	27	1.0
chr2	178945620	16	19	0.8421052631578947	17	22	0.7727272727272727
chr2	178945849	18	20	0.9	20	24	0.8333333333333334
chr2	178945945	20	20	1.0	23	26	0.8846153846153846
chr2	178946144	15	19	0.7894736842105263	15	17	0.8823529411764706
chr2	178946195	19	20	0.95	23	25	0.92
chr2	178946441	14	15	0.9333333333333333	15	20	0.75
chr2	178946737	20	23	0.8695652173913043	16	17	0.9411764705882353
chr2	178946850	24	24	1.0	24	25	0.96
chr2	178946876	11	17	0.6470588235294118	22	26	0.8461538461538461
chr2	178947046	19	21	0.9047619047619048	18	19	0.9473684210526315
chr2	178947190	13	18	0.7222222222222222	18	22	0.8181818181818182
chr2	178947398	16	19	0.8421052631578947	18	20	0.9
chr2	178947771	21	21	1.0	21	21	1.0
chr2	178947841	17	19	0.8947368421052632	18	19	0.9473684210526315
chr2	178948054	13	15	0.8666666666666667	18	21	0.8571428571428571
chr2	178948257	8	12	0.6666666666666666	9	14	0.6428571428571429
chr2	178948491	22	23	0.9565217391304348	24	24	1.0
chr2	178948644	14	16	0.875	20	22	0.9090909090909091
chr2	178948754	15	17	0.8823529411764706	19	23	0.8260869565217391
chr2	178948817	18	19	0.9473684210526315	26	26	1.0
chr2	178948999	8	12	0.6666666666666666	14	16	0.875
chr2	178949103	16	19	0.8421052631578947	23	25	0.92
chr2	178949158	16	18	0.8888888888888888	18	21	0.8571428571428571
chr2	178949294	17	21	0.8095238095238095	24	25	0.96
chr2	178949642	18	18	1.0	22	24	0.9166666666666666
chr2	178949661	6	11	0.5454545454545454	12	20	0.6
chr2	178949833	15	18	0.8333333333333334	21	24	0.875
chr2	178949876	20	24	0.8333333333333334	21	24	0.875
chr2	178950040	14	18	0.7777777777777778	16	18	0.8888888888888888
chr2	178950420	14	15	0.9333333333333333	17	21	0.8095238095238095
chr2	178950565	15	15	1.0	17	19	0.8947368421052632
chr2	178950583	22	22	1.0	25	28	0.8928571428571429
chr2	178950750	16	16	1.0	23	26	0.8846153846153846
chr2	178950914	17	18	0.9444444444444444	20	23	0.8695652173913043
chr2	178951098	15	15	1.0	19	19	1.0
chr2	178951205	19	23	0.8260869565217391	23	24	0.9583333333333334
chr2	178951307	20	20	1.0	22	22	1.0
chr2	178951466	18	20	0.9	21	24	0.875
chr2	178951711	8	11	0.7272727272727273	15	19	0.7894736842105263
chr2	178951831	11	15	0.7333333333333333	20	23	0.8695652173913043
chr2	178951914	9	14	0.6428571428571429	23	25	0.92
chr2	178952051	17	17	1.0	25	26	0.9615384615384616
chr2	178952582	16	22	0.7272727272727273	19	23	0.8260869565217391
chr2	178952783	11	16	0.6875	15	18	0.8333333333333334
chr2	178953153	22	23	0.9565217391304348	27	27	1.0
chr2	178953161	25	26	0.9615384615384616	27	27	1.0
chr2	178953173	19	21	0.9047619047619048	22	25	0.88
chr2	178953201	22	22	1.0	24	24	1.0
chr2	178953210	23	23	1.0	25	25	1.0
chr2	178953231	17	18	0.9444444444444444	16	20	0.8
chr2	178953292	16	18	0.8888888888888888	22	24	0.9166666666666666
chr2	178953308	25	25	1.0	29	29	1.0
chr2	178953328	17	17	1.0	21	21	1.0
chr2	178953360	22	22	1.0	26	26	1.0
chr2	178953367	22	22	1.0	26	26	1.0
chr2	178953384	19	19	1.0	28	28	1.0
chr2	178953422	23	24	0.9583333333333334	24	28	0.8571428571428571
chr2	178953553	19	20	0.95	18	20	0.9
chr2	178953566	17	18	0.9444444444444444	20	22	0.9090909090909091
chr2	178954117	18	21	0.8571428571428571	21	25	0.84
chr2	178954132	19	21	0.9047619047619048	30	30	1.0
chr2	178954138	20	22	0.9090909090909091	30	30	1.0
chr2	178954255	19	19	1.0	22	25	0.88
chr2	178954469	11	17	0.6470588235294118	16	23	0.6956521739130435
chr2	178954981	23	24	0.9583333333333334	28	31	0.9032258064516129
chr2	178955011	22	22	1.0	21	24	0.875
chr2	178955141	16	17	0.9411764705882353	29	29	1.0
chr2	178955152	14	17	0.8235294117647058	27	27	1.0
chr2	178955191	17	18	0.9444444444444444	26	29	0.896551724137931
chr2	178955209	17	17	1.0	26	26	1.0
chr2	178955232	24	24	1.0	27	27	1.0
chr2	178955270	21	24	0.875	26	29	0.896551724137931
chr2	178955419	20	22	0.9090909090909091	24	25	0.96
chr2	178955449	14	16	0.875	18	21	0.8571428571428571
chr2	178955684	19	21	0.9047619047619048	23	28	0.8214285714285714
chr2	178955934	13	15	0.8666666666666667	19	21	0.9047619047619048
chr2	178955955	13	15	0.8666666666666667	21	25	0.84
chr2	178955996	19	19	1.0	25	26	0.9615384615384616
chr2	178956171	20	23	0.8695652173913043	23	26	0.8846153846153846
chr2	178956234	20	22	0.9090909090909091	26	27	0.9629629629629629
chr2	178956521	13	14	0.9285714285714286	16	16	1.0
chr2	178956548	16	18	0.8888888888888888	23	25	0.92
chr2	178956592	20	21	0.9523809523809523	26	30	0.8666666666666667
chr2	178956717	12	14	0.8571428571428571	20	23	0.8695652173913043
chr2	178956912	15	17	0.8823529411764706	21	21	1.0
chr2	178956921	22	25	0.88	25	25	1.0
chr2	178956941	20	20	1.0	23	28	0.8214285714285714
chr2	178956947	20	20	1.0	22	27	0.8148148148148148
chr2	178956964	22	23	0.9565217391304348	27	27	1.0
chr2	178956979	14	19	0.7368421052631579	18	21	0.8571428571428571
chr2	178956995	18	18	1.0	24	24	1.0
chr2	178957000	21	21	1.0	26	26	1.0
chr2	178957091	20	21	0.9523809523809523	19	21	0.9047619047619048
chr2	178957123	17	18	0.9444444444444444	17	18	0.9444444444444444
chr2	178957151	25	26	0.9615384615384616	28	29	0.9655172413793104
chr2	178957161	23	24	0.9583333333333334	26	27	0.9629629629629629
chr2	178957171	23	24	0.9583333333333334	26	27	0.9629629629629629
chr2	178957232	22	24	0.9166666666666666	19	21	0.9047619047619048
chr2	178957362	12	15	0.8	23	23	1.0
chr2	178957449	19	21	0.9047619047619048	24	24	1.0
chr2	178958034	21	22	0.9545454545454546	18	20	0.9
chr2	178958158	17	18	0.9444444444444444	18	19	0.9473684210526315
chr2	178958539	17	20	0.85	21	21	1.0
chr2	178958757	16	17	0.9411764705882353	23	23	1.0
chr2	178959032	19	22	0.8636363636363636	21	26	0.8076923076923077
chr2	178959035	18	22	0.8181818181818182	21	26	0.8076923076923077
chr2	178959392	23	23	1.0	22	26	0.8461538461538461
chr2	178959431	21	23	0.9130434782608695	29	30	0.9666666666666667
chr2	178959519	20	22	0.9090909090909091	25	27	0.9259259259259259
chr2	178959585	24	26	0.9230769230769231	29	29	1.0
chr2	178959688	21	23	0.9130434782608695	21	23	0.9130434782608695
chr2	178959828	21	21	1.0	22	22	1.0
chr2	178959898	23	26	0.8846153846153846	19	22	0.8636363636363636
chr2	178959922	27	27	1.0	25	30	0.8333333333333334
chr2	178960066	17	21	0.8095238095238095	16	24	0.6666666666666666
chr2	178960368	21	23	0.9130434782608695	28	30	0.9333333333333333
chr2	178960653	21	22	0.9545454545454546	25	25	1.0
chr2	178961344	24	26	0.9230769230769231	26	29	0.896551724137931
chr2	178961470	17	19	0.8947368421052632	21	25	0.84
chr2	178961677	25	25	1.0	28	31	0.9032258064516129
chr2	178961761	26	28	0.9285714285714286	24	26	0.9230769230769231
chr2	178961792	26	27	0.9629629629629629	29	29	1.0
chr2	178961976	25	27	0.9259259259259259	25	28	0.8928571428571429
chr2	178962390	15	17	0.8823529411764706	25	26	0.9615384615384616
chr2	178962553	24	26	0.9230769230769231	23	25	0.92
chr2	178962681	25	29	0.8620689655172413	19	23	0.8260869565217391
chr2	178962916	12	20	0.6	13	21	0.6190476190476191
chr2	178962928	14	23	0.6086956521739131	15	21	0.7142857142857143
chr2	178963385	24	24	1.0	21	25	0.84
chr2	178963399	29	29	1.0	30	31	0.967741935483871
chr2	178963609	21	27	0.7777777777777778	26	28	0.9285714285714286
chr2	178963813	23	25	0.92	26	27	0.9629629629629629
chr2	178963860	29	30	0.9666666666666667	27	29	0.9310344827586207
chr2	178963870	29	29	1.0	27	28	0.9642857142857143
chr2	178963930	24	25	0.96	22	25	0.88
chr2	178964258	19	20	0.95	14	15	0.9333333333333333
chr2	178964291	19	21	0.9047619047619048	19	25	0.76
chr2	178964612	25	25	1.0	22	25	0.88
chr2	178964684	19	25	0.76	16	22	0.7272727272727273
chr2	178964846	22	22	1.0	22	25	0.88
chr2	178964898	24	25	0.96	25	26	0.9615384615384616
chr2	178965322	26	28	0.9285714285714286	24	24	1.0
chr2	178965356	22	24	0.9166666666666666	19	20	0.95
chr2	178965424	16	19	0.8421052631578947	17	19	0.8947368421052632
chr2	178965444	23	24	0.9583333333333334	19	24	0.7916666666666666
chr2	178965474	28	29	0.9655172413793104	25	26	0.9615384615384616
chr2	178965494	26	26	1.0	24	25	0.96
chr2	178965554	12	20	0.6	12	17	0.7058823529411765
chr2	178965578	15	21	0.7142857142857143	10	16	0.625
chr2	178965610	20	20	1.0	24	24	1.0
chr2	178965703	17	21	0.8095238095238095	17	18	0.9444444444444444
chr2	178965758	12	20	0.6	18	21	0.8571428571428571
chr2	178965907	28	30	0.9333333333333333	21	24	0.875
chr2	178965912	29	31	0.9354838709677419	23	27	0.8518518518518519
chr2	178965917	29	31	0.9354838709677419	23	27	0.8518518518518519
chr2	178965942	31	31	1.0	24	24	1.0
chr2	178965946	33	33	1.0	25	25	1.0
chr2	178966043	25	28	0.8928571428571429	22	22	1.0
chr2	178966108	20	23	0.8695652173913043	15	20	0.75
chr2	178966174	33	33	1.0	24	26	0.9230769230769231
chr2	178966184	31	31	1.0	23	25	0.92
chr2	178966257	22	28	0.7857142857142857	17	22	0.7727272727272727
chr2	178966377	23	26	0.8846153846153846	19	23	0.8260869565217391
chr2	178966653	30	31	0.967741935483871	22	23	0.9565217391304348
chr2	178966679	22	23	0.9565217391304348	21	22	0.9545454545454546
chr2	178966739	18	20	0.9	15	16	0.9375
chr2	178966755	23	24	0.9583333333333334	21	21	1.0
chr2	178966802	12	14	0.8571428571428571	20	20	1.0
chr2	178966866	22	25	0.88	17	19	0.8947368421052632
chr2	178966945	20	22	0.9090909090909091	19	20	0.95
chr2	178966977	23	23	1.0	19	23	0.8260869565217391
chr2	178967119	31	31	1.0	27	27	1.0
chr2	178967270	27	28	0.9642857142857143	23	25	0.92
chr2	178967321	23	26	0.8846153846153846	18	20	0.9
chr2	178967359	13	15	0.8666666666666667	10	14	0.7142857142857143
chr2	178967383	25	25	1.0	21	21	1.0
chr2	178967501	28	29	0.9655172413793104	21	23	0.9130434782608695
chr2	178967664	23	25	0.92	20	22	0.9090909090909091
chr2	178967685	15	17	0.8823529411764706	12	13	0.9230769230769231
chr2	178967799	11	14	0.7857142857142857	4	8	0.5
chr2	178968366	20	21	0.9523809523809523	13	14	0.9285714285714286
chr2	178968443	23	26	0.8846153846153846	17	19	0.8947368421052632
chr2	178968555	25	28	0.8928571428571429	20	23	0.8695652173913043
chr2	178968686	22	22	1.0	20	20	1.0
chr2	178968690	23	23	1.0	20	20	1.0
chr2	178968830	15	17	0.8823529411764706	12	13	0.9230769230769231
chr2	178969040	17	19	0.8947368421052632	17	20	0.85
chr2	178969143	20	22	0.9090909090909091	14	17	0.8235294117647058
chr2	178969357	25	25	1.0	22	23	0.9565217391304348
chr2	178969360	25	25	1.0	23	24	0.9583333333333334
chr2	178969426	21	25	0.84	20	22	0.9090909090909091
chr2	178969486	20	24	0.8333333333333334	18	19	0.9473684210526315
chr2	178969801	15	19	0.7894736842105263	21	22	0.9545454545454546
chr2	178970102	25	25	1.0	22	24	0.9166666666666666
chr2	178970155	14	16	0.875	9	13	0.6923076923076923
chr2	178970378	26	26	1.0	23	23	1.0
chr2	178970383	26	26	1.0	23	23	1.0
chr2	178970398	19	23	0.8260869565217391	18	21	0.8571428571428571
chr2	178970590	15	18	0.8333333333333334	18	18	1.0
chr2	178970930	6	13	0.46153846153846156	11	13	0.8461538461538461
chr2	178970946	14	19	0.7368421052631579	17	20	0.85
chr2	178970966	20	20	1.0	16	16	1.0
chr2	178970979	26	28	0.9285714285714286	19	23	0.8260869565217391
chr2	178970990	24	25	0.96	21	23	0.9130434782608695
chr2	178971063	19	22	0.8636363636363636	12	15	0.8
chr2	178971075	16	21	0.7619047619047619	13	18	0.7222222222222222
chr2	178971099	24	24	1.0	15	15	1.0
chr2	178971145	19	19	1.0	20	22	0.9090909090909091
chr2	178971193	18	22	0.8181818181818182	23	23	1.0
chr2	178971324	20	23	0.8695652173913043	18	18	1.0
chr2	178971633	19	21	0.9047619047619048	21	24	0.875
chr2	178971912	13	17	0.7647058823529411	21	22	0.9545454545454546
chr2	178971978	14	19	0.7368421052631579	11	14	0.7857142857142857
chr2	178972037	22	23	0.9565217391304348	18	20	0.9
chr2	178972282	15	18	0.8333333333333334	21	22	0.9545454545454546
chr2	178972317	14	14	1.0	16	16	1.0
chr2	178972345	16	17	0.9411764705882353	20	23	0.8695652173913043
chr2	178972503	2	14	0.14285714285714285	5	19	0.2631578947368421
chr2	178972554	13	19	0.6842105263157895	11	19	0.5789473684210527
chr2	178972588	11	17	0.6470588235294118	19	21	0.9047619047619048
chr2	178972661	12	15	0.8	13	14	0.9285714285714286
chr2	178972845	17	17	1.0	16	17	0.9411764705882353
chr2	178973562	20	21	0.9523809523809523	19	20	0.95
chr2	178973870	12	15	0.8	14	15	0.9333333333333333
chr2	178974354	19	22	0.8636363636363636	19	20	0.95
chr2	178974429	19	21	0.9047619047619048	22	24	0.9166666666666666
chr2	178975215	17	21	0.8095238095238095	16	20	0.8
chr2	178976071	18	19	0.9473684210526315	19	22	0.8636363636363636
chr2	178976305	16	18	0.8888888888888888	16	20	0.8
chr2	178976399	25	26	0.9615384615384616	15	18	0.8333333333333334
chr2	178976589	17	19	0.8947368421052632	21	23	0.9130434782608695
chr2	178977160	20	22	0.9090909090909091	22	23	0.9565217391304348
chr2	178977519	17	17	1.0	23	23	1.0
chr2	178977891	1	9	0.1111111111111111	1	8	0.125
chr2	178977989	29	29	1.0	24	25	0.96
chr2	178978208	20	21	0.9523809523809523	20	23	0.8695652173913043
chr2	178978581	15	18	0.8333333333333334	21	25	0.84
chr2	178978661	16	20	0.8	18	23	0.782608695652174
chr2	178978839	25	28	0.8928571428571429	21	23	0.9130434782608695
chr2	178978883	1	18	0.05555555555555555	0	15	0.0
chr2	178979105	23	23	1.0	20	22	0.9090909090909091
chr2	178979110	22	22	1.0	20	22	0.9090909090909091
chr2	178979390	18	21	0.8571428571428571	11	21	0.5238095238095238
chr2	178979937	1	10	0.1	1	12	0.08333333333333333
chr2	178980203	25	25	1.0	25	25	1.0
chr2	178980214	25	27	0.9259259259259259	27	28	0.9642857142857143
chr2	178980219	24	26	0.9230769230769231	27	28	0.9642857142857143
chr2	178980230	19	19	1.0	23	25	0.92
chr2	178980272	21	22	0.9545454545454546	24	27	0.8888888888888888
chr2	178980321	22	23	0.9565217391304348	27	28	0.9642857142857143
chr2	178980403	18	20	0.9	21	26	0.8076923076923077
chr2	178980435	22	25	0.88	25	28	0.8928571428571429
chr2	178980594	19	21	0.9047619047619048	22	25	0.88
chr2	178981015	18	21	0.8571428571428571	20	24	0.8333333333333334
chr2	178981195	15	18	0.8333333333333334	24	25	0.96
chr2	178981388	17	20	0.85	28	29	0.9655172413793104
chr2	178981852	18	23	0.782608695652174	24	26	0.9230769230769231
chr2	178982471	18	18	1.0	22	23	0.9565217391304348
chr2	178982510	25	27	0.9259259259259259	24	25	0.96
chr2	178982513	24	26	0.9230769230769231	25	26	0.9615384615384616
chr2	178982522	24	25	0.96	24	26	0.9230769230769231
chr2	178982553	10	10	1.0	18	20	0.9
chr2	178982588	26	27	0.9629629629629629	26	26	1.0
chr2	178982606	14	16	0.875	23	24	0.9583333333333334
chr2	178982617	21	22	0.9545454545454546	25	28	0.8928571428571429
chr2	178982622	22	23	0.9565217391304348	27	28	0.9642857142857143
chr2	178982632	22	23	0.9565217391304348	28	31	0.9032258064516129
chr2	178982649	10	11	0.9090909090909091	21	22	0.9545454545454546
chr2	178982706	23	25	0.92	20	22	0.9090909090909091
chr2	178982721	16	17	0.9411764705882353	19	22	0.8636363636363636
chr2	178982736	10	15	0.6666666666666666	17	20	0.85
chr2	178982756	18	21	0.8571428571428571	19	20	0.95
chr2	178982772	23	25	0.92	28	29	0.9655172413793104
chr2	178982779	23	25	0.92	28	29	0.9655172413793104
chr2	178982792	24	25	0.96	24	27	0.8888888888888888
chr2	178982803	16	18	0.8888888888888888	18	22	0.8181818181818182
chr2	178982869	22	26	0.8461538461538461	16	24	0.6666666666666666
chr2	178982942	9	22	0.4090909090909091	10	22	0.45454545454545453
chr2	178983102	22	22	1.0	25	27	0.9259259259259259
chr2	178983131	0	10	0.0	0	16	0.0
chr2	178983165	8	19	0.42105263157894735	14	28	0.5
chr2	178983352	18	21	0.8571428571428571	24	29	0.8275862068965517
chr2	178983476	17	18	0.9444444444444444	24	25	0.96
chr2	178983501	17	19	0.8947368421052632	23	25	0.92
chr2	178983522	19	22	0.8636363636363636	16	21	0.7619047619047619
chr2	178983648	23	24	0.9583333333333334	25	28	0.8928571428571429
chr2	178983657	24	25	0.96	26	29	0.896551724137931
chr2	178983684	26	27	0.9629629629629629	25	25	1.0
chr2	178983689	26	27	0.9629629629629629	26	26	1.0
chr2	178983938	13	18	0.7222222222222222	17	24	0.7083333333333334
chr2	178983982	23	24	0.9583333333333334	28	28	1.0
chr2	178984033	20	24	0.8333333333333334	23	26	0.8846153846153846
chr2	178984071	14	15	0.9333333333333333	9	11	0.8181818181818182
chr2	178984117	21	24	0.875	23	25	0.92
chr2	178984131	23	24	0.9583333333333334	28	29	0.9655172413793104
chr2	178984348	24	26	0.9230769230769231	26	28	0.9285714285714286
chr2	178984374	29	29	1.0	24	24	1.0
chr2	178984381	28	28	1.0	26	26	1.0
chr2	178984410	20	23	0.8695652173913043	21	22	0.9545454545454546
chr2	178984576	19	20	0.95	20	23	0.8695652173913043
chr2	178984833	12	17	0.7058823529411765	20	21	0.9523809523809523
chr2	178984906	18	23	0.782608695652174	21	21	1.0
chr2	178984960	20	23	0.8695652173913043	19	23	0.8260869565217391
chr2	178985078	22	23	0.9565217391304348	22	25	0.88
chr2	178985135	0	15	0.0	0	11	0.0
chr2	178985179	20	25	0.8	16	20	0.8
chr2	178985228	19	21	0.9047619047619048	22	24	0.9166666666666666
chr2	178985642	25	26	0.9615384615384616	16	17	0.9411764705882353
chr2	178985693	21	25	0.84	18	19	0.9473684210526315
chr2	178985735	22	23	0.9565217391304348	19	20	0.95
chr2	178985870	18	20	0.9	21	23	0.9130434782608695
chr2	178985982	16	20	0.8	13	13	1.0
chr2	178985995	13	15	0.8666666666666667	20	21	0.9523809523809523
chr2	178986084	13	16	0.8125	15	19	0.7894736842105263
chr2	178986164	19	21	0.9047619047619048	24	24	1.0
chr2	178986752	23	25	0.92	16	19	0.8421052631578947
chr2	178986795	16	20	0.8	19	19	1.0
chr2	178986871	19	21	0.9047619047619048	15	18	0.8333333333333334
chr2	178986998	24	25	0.96	23	23	1.0
chr2	178987003	24	25	0.96	23	23	1.0
chr2	178987161	14	17	0.8235294117647058	14	17	0.8235294117647058
chr2	178987555	19	21	0.9047619047619048	15	15	1.0
chr2	178987653	24	24	1.0	21	23	0.9130434782608695
chr2	178988018	22	23	0.9565217391304348	20	22	0.9090909090909091
chr2	178988031	22	22	1.0	21	21	1.0
chr2	178988211	23	24	0.9583333333333334	18	20	0.9
chr2	178988234	19	21	0.9047619047619048	23	24	0.9583333333333334
chr2	178988374	24	26	0.9230769230769231	19	22	0.8636363636363636
chr2	178988414	22	24	0.9166666666666666	21	22	0.9545454545454546
chr2	178988534	17	21	0.8095238095238095	14	19	0.7368421052631579
chr2	178988725	14	17	0.8235294117647058	10	12	0.8333333333333334
chr2	178989108	20	23	0.8695652173913043	21	21	1.0
chr2	178989318	25	27	0.9259259259259259	19	20	0.95
chr2	178989358	12	21	0.5714285714285714	15	17	0.8823529411764706
chr2	178989390	20	23	0.8695652173913043	16	19	0.8421052631578947
chr2	178989683	18	21	0.8571428571428571	15	16	0.9375
chr2	178989860	6	15	0.4	10	13	0.7692307692307693
chr2	178989913	20	22	0.9090909090909091	18	18	1.0
chr2	178989938	14	15	0.9333333333333333	17	19	0.8947368421052632
chr2	178990030	21	21	1.0	15	18	0.8333333333333334
chr2	178990097	16	19	0.8421052631578947	16	18	0.8888888888888888
chr2	178990125	25	26	0.9615384615384616	20	21	0.9523809523809523
chr2	178990381	21	22	0.9545454545454546	20	20	1.0
chr2	178990698	19	23	0.8260869565217391	14	18	0.7777777777777778
chr2	178990945	0	9	0.0	0	9	0.0
chr2	178990976	19	22	0.8636363636363636	19	19	1.0
chr2	178991110	15	16	0.9375	13	16	0.8125
chr2	178991343	18	21	0.8571428571428571	16	17	0.9411764705882353
chr2	178991480	21	24	0.875	17	22	0.7727272727272727
chr2	178991722	16	16	1.0	11	11	1.0
chr2	178991916	15	19	0.7894736842105263	14	14	1.0
chr2	178992701	20	20	1.0	19	20	0.95
chr2	178992898	10	14	0.7142857142857143	11	19	0.5789473684210527
chr2	178992952	24	29	0.8275862068965517	24	24	1.0
chr2	178993040	12	16	0.75	14	15	0.9333333333333333
chr2	178993323	18	21	0.8571428571428571	17	21	0.8095238095238095
chr2	178993382	23	23	1.0	22	22	1.0
chr2	178993415	18	18	1.0	20	20	1.0
chr2	178993868	16	17	0.9411764705882353	20	21	0.9523809523809523
chr2	178994107	19	19	1.0	25	26	0.9615384615384616
chr2	178994237	25	26	0.9615384615384616	27	27	1.0
chr2	178994301	5	13	0.38461538461538464	8	16	0.5
chr2	178994437	15	16	0.9375	14	17	0.8235294117647058
chr2	178994497	10	15	0.6666666666666666	12	17	0.7058823529411765
chr2	178994608	19	22	0.8636363636363636	22	24	0.9166666666666666
chr2	178994675	10	17	0.5882352941176471	8	14	0.5714285714285714
chr2	178994880	16	19	0.8421052631578947	18	22	0.8181818181818182
chr2	178995056	18	21	0.8571428571428571	18	19	0.9473684210526315
chr2	178995128	24	26	0.9230769230769231	25	27	0.9259259259259259
chr2	178995135	23	24	0.9583333333333334	23	25	0.92
chr2	178995243	18	18	1.0	18	18	1.0
chr2	178995254	14	14	1.0	16	17	0.9411764705882353
chr2	178995396	14	15	0.9333333333333333	20	21	0.9523809523809523
chr2	178995677	7	17	0.4117647058823529	6	14	0.42857142857142855
chr2	178996265	22	23	0.9565217391304348	21	22	0.9545454545454546
chr2	178996319	14	19	0.7368421052631579	17	18	0.9444444444444444
chr2	178996366	24	24	1.0	21	22	0.9545454545454546
chr2	178996696	14	18	0.7777777777777778	15	19	0.7894736842105263
chr2	178996750	8	11	0.7272727272727273	12	18	0.6666666666666666
chr2	178996823	19	21	0.9047619047619048	20	20	1.0
chr2	178996900	22	23	0.9565217391304348	23	24	0.9583333333333334
chr2	178997169	8	13	0.6153846153846154	8	15	0.5333333333333333
chr2	178997593	17	20	0.85	15	18	0.8333333333333334
chr2	178997743	14	23	0.6086956521739131	14	18	0.7777777777777778
chr2	178997892	17	18	0.9444444444444444	18	20	0.9
chr2	178997926	23	23	1.0	20	20	1.0
chr2	178998595	19	22	0.8636363636363636	15	18	0.8333333333333334
chr2	178998772	6	16	0.375	7	15	0.4666666666666667
chr2	178998980	13	15	0.8666666666666667	9	16	0.5625
chr2	178999041	17	18	0.9444444444444444	13	14	0.9285714285714286
chr2	178999130	18	22	0.8181818181818182	17	20	0.85
chr2	178999384	27	27	1.0	25	25	1.0
chr2	178999394	27	27	1.0	26	26	1.0
chr2	178999405	18	19	0.9473684210526315	17	18	0.9444444444444444
chr2	178999477	22	25	0.88	19	22	0.8636363636363636
chr2	178999534	16	17	0.9411764705882353	19	19	1.0
chr2	178999769	13	16	0.8125	13	14	0.9285714285714286
chr2	178999808	11	18	0.6111111111111112	11	16	0.6875
chr2	179001250	20	21	0.9523809523809523	17	19	0.8947368421052632
chr2	179001326	18	21	0.8571428571428571	17	22	0.7727272727272727
chr2	179001684	18	20	0.9	14	16	0.875
chr2	179001729	8	12	0.6666666666666666	4	6	0.6666666666666666
chr2	179001815	15	18	0.8333333333333334	18	19	0.9473684210526315
chr2	179001886	18	21	0.8571428571428571	19	19	1.0
chr2	179001903	19	23	0.8260869565217391	19	19	1.0
chr2	179002014	23	23	1.0	19	19	1.0
chr2	179002112	11	13	0.8461538461538461	19	19	1.0
chr2	179002436	23	23	1.0	19	20	0.95
chr2	179002743	19	20	0.95	18	19	0.9473684210526315
chr2	179003029	12	15	0.8	12	13	0.9230769230769231
chr2	179003326	19	20	0.95	18	18	1.0
chr2	179003885	14	16	0.875	15	15	1.0
chr2	179004440	22	23	0.9565217391304348	15	16	0.9375
chr2	179004792	19	20	0.95	12	15	0.8
chr2	179004846	22	23	0.9565217391304348	16	16	1.0
chr2	179004879	20	24	0.8333333333333334	19	20	0.95
chr2	179004982	19	21	0.9047619047619048	10	11	0.9090909090909091
chr2	179005020	26	28	0.9285714285714286	15	16	0.9375
chr2	179005026	25	27	0.9259259259259259	15	16	0.9375
chr2	179005345	16	17	0.9411764705882353	17	17	1.0
chr2	179005382	25	26	0.9615384615384616	15	15	1.0
chr2	179005672	22	23	0.9565217391304348	15	17	0.8823529411764706
chr2	179005696	16	22	0.7272727272727273	12	15	0.8
chr2	179005728	13	18	0.7222222222222222	10	10	1.0
chr2	179005828	18	25	0.72	14	17	0.8235294117647058
chr2	179006265	12	15	0.8	13	15	0.8666666666666667
chr2	179006646	7	13	0.5384615384615384	5	11	0.45454545454545453
chr2	179006679	17	17	1.0	12	12	1.0
chr2	179006702	20	22	0.9090909090909091	16	16	1.0
chr2	179007800	21	24	0.875	15	15	1.0
chr2	179007917	17	19	0.8947368421052632	15	16	0.9375
chr2	179008021	18	20	0.9	12	12	1.0
chr2	179008391	20	22	0.9090909090909091	16	17	0.9411764705882353
chr2	179008412	10	11	0.9090909090909091	5	6	0.8333333333333334
chr2	179008607	11	12	0.9166666666666666	10	13	0.7692307692307693
chr2	179008654	18	21	0.8571428571428571	10	15	0.6666666666666666
chr2	179010238	16	18	0.8888888888888888	10	12	0.8333333333333334
chr2	179010555	18	24	0.75	13	16	0.8125
chr2	179010769	18	20	0.9	17	17	1.0
chr2	179010875	16	19	0.8421052631578947	12	12	1.0
chr2	179011105	20	22	0.9090909090909091	11	15	0.7333333333333333
chr2	179011253	18	18	1.0	16	16	1.0
chr2	179011439	17	18	0.9444444444444444	11	14	0.7857142857142857
chr2	179011687	18	18	1.0	9	11	0.8181818181818182
chr2	179011730	17	19	0.8947368421052632	13	14	0.9285714285714286
chr2	179011806	19	21	0.9047619047619048	14	16	0.875
chr2	179012216	15	18	0.8333333333333334	11	11	1.0
chr2	179012732	5	12	0.4166666666666667	4	11	0.36363636363636365
chr2	179012839	11	14	0.7857142857142857	10	12	0.8333333333333334
chr2	179013190	17	18	0.9444444444444444	12	12	1.0
chr2	179013330	18	21	0.8571428571428571	16	16	1.0
chr2	179013560	18	18	1.0	12	13	0.9230769230769231
chr2	179013692	24	24	1.0	15	15	1.0
chr2	179013732	20	21	0.9523809523809523	12	15	0.8
chr2	179013748	13	16	0.8125	13	13	1.0
chr2	179013762	18	20	0.9	11	13	0.8461538461538461
chr2	179013825	19	20	0.95	14	15	0.9333333333333333
chr2	179013873	14	20	0.7	12	14	0.8571428571428571
chr2	179014140	13	13	1.0	14	15	0.9333333333333333
chr2	179014270	16	18	0.8888888888888888	11	14	0.7857142857142857
chr2	179014359	10	12	0.8333333333333334	12	12	1.0
chr2	179014450	14	15	0.9333333333333333	11	11	1.0
chr2	179014789	16	17	0.9411764705882353	16	18	0.8888888888888888
chr2	179014811	19	20	0.95	15	16	0.9375
chr2	179014951	15	15	1.0	9	10	0.9
chr2	179016239	13	13	1.0	10	11	0.9090909090909091
chr2	179016253	10	12	0.8333333333333334	10	10	1.0
chr2	179016558	15	15	1.0	15	16	0.9375
chr2	179016582	14	15	0.9333333333333333	14	15	0.9333333333333333
chr2	179016679	15	15	1.0	17	18	0.9444444444444444
chr2	179016888	17	18	0.9444444444444444	20	20	1.0
chr2	179017078	11	13	0.8461538461538461	16	17	0.9411764705882353
chr2	179017834	15	15	1.0	19	19	1.0
chr2	179018161	4	16	0.25	5	18	0.2777777777777778
chr2	179018185	3	17	0.17647058823529413	3	13	0.23076923076923078
chr2	179018360	10	14	0.7142857142857143	13	19	0.6842105263157895
chr2	179018773	12	14	0.8571428571428571	16	19	0.8421052631578947
chr2	179019164	15	16	0.9375	16	17	0.9411764705882353
chr2	179019282	16	18	0.8888888888888888	22	22	1.0
chr2	179019289	15	18	0.8333333333333334	23	23	1.0
chr2	179019346	16	16	1.0	17	18	0.9444444444444444
chr2	179019492	10	14	0.7142857142857143	6	16	0.375
chr2	179019557	6	8	0.75	16	18	0.8888888888888888
chr2	179019724	14	16	0.875	16	17	0.9411764705882353
chr2	179019818	18	18	1.0	21	23	0.9130434782608695
chr2	179019938	13	14	0.9285714285714286	18	19	0.9473684210526315
chr2	179020126	13	13	1.0	21	21	1.0
chr2	179020157	19	19	1.0	18	20	0.9
chr2	179020346	14	15	0.9333333333333333	21	22	0.9545454545454546
chr2	179020444	9	19	0.47368421052631576	15	22	0.6818181818181818
chr2	179020917	12	15	0.8	17	22	0.7727272727272727
chr2	179020980	14	17	0.8235294117647058	19	20	0.95
chr2	179021183	9	14	0.6428571428571429	14	17	0.8235294117647058
chr2	179021484	6	9	0.6666666666666666	7	15	0.4666666666666667
chr2	179021614	6	13	0.46153846153846156	11	13	0.8461538461538461
chr2	179022002	14	15	0.9333333333333333	20	20	1.0
chr2	179022034	14	16	0.875	21	21	1.0
chr2	179022158	17	18	0.9444444444444444	19	20	0.95
chr2	179022219	15	16	0.9375	18	18	1.0
chr2	179022400	21	23	0.9130434782608695	18	18	1.0
chr2	179022415	18	20	0.9	17	17	1.0
chr2	179022442	16	16	1.0	19	20	0.95
chr2	179022506	18	19	0.9473684210526315	18	19	0.9473684210526315
chr2	179022513	17	18	0.9444444444444444	19	20	0.95
chr2	179022617	17	18	0.9444444444444444	19	21	0.9047619047619048
chr2	179022868	17	20	0.85	20	20	1.0
chr2	179022897	13	14	0.9285714285714286	19	20	0.95
chr2	179022948	22	22	1.0	21	21	1.0
chr2	179022950	23	23	1.0	20	20	1.0
chr2	179023039	20	22	0.9090909090909091	14	15	0.9333333333333333
chr2	179023996	11	14	0.7857142857142857	11	12	0.9166666666666666
chr2	179024026	13	14	0.9285714285714286	13	13	1.0
chr2	179024173	13	15	0.8666666666666667	16	16	1.0
chr2	179024326	21	24	0.875	22	23	0.9565217391304348
chr2	179024668	1	20	0.05	4	19	0.21052631578947367
chr2	179024698	3	26	0.11538461538461539	7	20	0.35
chr2	179025187	10	15	0.6666666666666666	10	15	0.6666666666666666
chr2	179025209	17	20	0.85	22	26	0.8461538461538461
chr2	179025362	9	10	0.9	15	15	1.0
chr2	179025410	15	16	0.9375	17	18	0.9444444444444444
chr2	179025431	12	14	0.8571428571428571	14	14	1.0
chr2	179026694	11	17	0.6470588235294118	10	19	0.5263157894736842
chr2	179026715	23	23	1.0	20	21	0.9523809523809523
chr2	179027059	17	21	0.8095238095238095	21	21	1.0
chr2	179027243	15	19	0.7894736842105263	18	21	0.8571428571428571
chr2	179027361	17	22	0.7727272727272727	17	19	0.8947368421052632
chr2	179027381	25	26	0.9615384615384616	25	26	0.9615384615384616
chr2	179027414	22	22	1.0	22	23	0.9565217391304348
chr2	179027418	22	22	1.0	22	23	0.9565217391304348
chr2	179027459	19	22	0.8636363636363636	22	23	0.9565217391304348
chr2	179027512	19	19	1.0	18	20	0.9
chr2	179027568	17	18	0.9444444444444444	18	18	1.0
chr2	179027582	24	24	1.0	24	25	0.96
chr2	179027598	15	19	0.7894736842105263	21	23	0.9130434782608695
chr2	179027851	24	24	1.0	23	23	1.0
chr2	179028374	20	23	0.8695652173913043	19	20	0.95
chr2	179028813	21	21	1.0	24	25	0.96
chr2	179028900	20	21	0.9523809523809523	19	21	0.9047619047619048
chr2	179028930	17	19	0.8947368421052632	15	17	0.8823529411764706
chr2	179028978	5	11	0.45454545454545453	14	14	1.0
chr2	179030283	14	14	1.0	22	22	1.0
chr2	179030321	9	10	0.9	16	20	0.8
chr2	179030408	6	13	0.46153846153846156	6	19	0.3157894736842105
chr2	179030890	14	18	0.7777777777777778	21	24	0.875
chr2	179031231	12	13	0.9230769230769231	22	26	0.8461538461538461
chr2	179031359	16	19	0.8421052631578947	19	23	0.8260869565217391
chr2	179031866	0	17	0.0	1	24	0.041666666666666664
chr2	179032342	1	18	0.05555555555555555	2	21	0.09523809523809523
chr2	179032525	14	20	0.7	14	25	0.56
chr2	179032561	6	10	0.6	13	16	0.8125
chr2	179032646	11	15	0.7333333333333333	9	15	0.6
chr2	179032785	19	21	0.9047619047619048	22	23	0.9565217391304348
chr2	179034055	21	23	0.9130434782608695	23	23	1.0
chr2	179034260	21	22	0.9545454545454546	28	28	1.0
chr2	179034478	21	23	0.9130434782608695	16	21	0.7619047619047619
chr2	179034646	16	17	0.9411764705882353	17	17	1.0
chr2	179034694	24	25	0.96	23	24	0.9583333333333334
chr2	179034920	21	25	0.84	18	21	0.8571428571428571
chr2	179035290	25	27	0.9259259259259259	24	24	1.0
chr2	179036074	17	22	0.7727272727272727	15	20	0.75
chr2	179036151	18	22	0.8181818181818182	23	26	0.8846153846153846
chr2	179036303	27	27	1.0	25	25	1.0
chr2	179036327	18	20	0.9	25	28	0.8928571428571429
chr2	179036380	23	25	0.92	20	24	0.8333333333333334
chr2	179036441	19	20	0.95	29	29	1.0
chr2	179036571	3	25	0.12	12	26	0.46153846153846156
chr2	179036832	22	26	0.8461538461538461	28	28	1.0
chr2	179037310	1	10	0.1	0	9	0.0
chr2	179037502	25	26	0.9615384615384616	26	27	0.9629629629629629
chr2	179037509	28	29	0.9655172413793104	27	29	0.9310344827586207
chr2	179037666	1	10	0.1	1	14	0.07142857142857142
chr2	179037874	12	16	0.75	16	22	0.7272727272727273
chr2	179037885	17	21	0.8095238095238095	18	23	0.782608695652174
chr2	179037932	19	21	0.9047619047619048	25	28	0.8928571428571429
chr2	179038053	24	25	0.96	24	26	0.9230769230769231
chr2	179038577	0	11	0.0	0	16	0.0
chr2	179039114	24	24	1.0	29	30	0.9666666666666667
chr2	179039240	23	23	1.0	28	29	0.9655172413793104
chr2	179039289	17	17	1.0	19	20	0.95
chr2	179039514	17	18	0.9444444444444444	26	27	0.9629629629629629
chr2	179039600	12	13	0.9230769230769231	21	22	0.9545454545454546
chr2	179040207	21	23	0.9130434782608695	21	23	0.9130434782608695
chr2	179040697	19	20	0.95	20	23	0.8695652173913043
chr2	179041133	4	17	0.23529411764705882	4	12	0.3333333333333333
chr2	179041139	9	25	0.36	10	22	0.45454545454545453
chr2	179041156	28	28	1.0	26	28	0.9285714285714286
chr2	179041171	18	26	0.6923076923076923	17	21	0.8095238095238095
chr2	179041190	23	27	0.8518518518518519	23	28	0.8214285714285714
chr2	179041234	32	35	0.9142857142857143	28	30	0.9333333333333333
chr2	179041246	22	32	0.6875	22	28	0.7857142857142857
chr2	179041279	27	28	0.9642857142857143	22	26	0.8461538461538461
chr2	179041476	20	26	0.7692307692307693	22	24	0.9166666666666666
chr2	179041623	14	20	0.7	14	17	0.8235294117647058
chr2	179041961	15	17	0.8823529411764706	17	21	0.8095238095238095
chr2	179041984	24	24	1.0	27	28	0.9642857142857143
chr2	179042025	21	25	0.84	15	16	0.9375
chr2	179042135	26	28	0.9285714285714286	31	31	1.0
chr2	179042378	23	28	0.8214285714285714	26	27	0.9629629629629629
chr2	179042385	25	30	0.8333333333333334	29	30	0.9666666666666667
chr2	179042493	21	23	0.9130434782608695	24	30	0.8
chr2	179042690	24	24	1.0	24	25	0.96
chr2	179042750	24	25	0.96	25	25	1.0
chr2	179043643	17	22	0.7727272727272727	17	19	0.8947368421052632
chr2	179043705	19	24	0.7916666666666666	28	29	0.9655172413793104
chr2	179043752	26	27	0.9629629629629629	25	28	0.8928571428571429
chr2	179043976	0	10	0.0	0	16	0.0
chr2	179043987	19	23	0.8260869565217391	22	26	0.8461538461538461
chr2	179044141	22	27	0.8148148148148148	23	27	0.8518518518518519
chr2	179044188	18	22	0.8181818181818182	16	19	0.8421052631578947
chr2	179044337	17	21	0.8095238095238095	28	30	0.9333333333333333
chr2	179044755	19	25	0.76	25	29	0.8620689655172413
chr2	179044797	20	25	0.8	19	28	0.6785714285714286
chr2	179044826	15	21	0.7142857142857143	11	16	0.6875
chr2	179045116	27	28	0.9642857142857143	30	31	0.967741935483871
chr2	179045167	14	23	0.6086956521739131	16	22	0.7272727272727273
chr2	179045272	0	8	0.0	0	14	0.0
chr2	179045473	27	31	0.8709677419354839	28	33	0.8484848484848485
chr2	179045580	21	25	0.84	25	27	0.9259259259259259
chr2	179045585	12	19	0.631578947368421	12	14	0.8571428571428571
chr2	179045919	0	28	0.0	0	27	0.0
chr2	179046169	18	21	0.8571428571428571	23	24	0.9583333333333334
chr2	179046422	22	26	0.8461538461538461	16	22	0.7272727272727273
chr2	179046440	18	20	0.9	21	24	0.875
chr2	179046459	16	18	0.8888888888888888	22	24	0.9166666666666666
chr2	179046888	18	20	0.9	18	20	0.9
chr2	179047484	18	30	0.6	15	26	0.5769230769230769
chr2	179047701	21	25	0.84	23	26	0.8846153846153846
chr2	179047990	29	29	1.0	27	30	0.9
chr2	179048164	27	29	0.9310344827586207	24	27	0.8888888888888888
chr2	179048170	30	30	1.0	25	29	0.8620689655172413
chr2	179048638	10	20	0.5	17	22	0.7727272727272727
chr2	179048783	10	18	0.5555555555555556	17	25	0.68
chr2	179049278	8	21	0.38095238095238093	11	25	0.44
chr2	179049344	8	14	0.5714285714285714	14	19	0.7368421052631579
chr2	179049378	4	21	0.19047619047619047	6	23	0.2608695652173913
chr2	179049410	9	19	0.47368421052631576	14	21	0.6666666666666666
chr2	179049728	1	18	0.05555555555555555	2	20	0.1
chr2	179049755	2	20	0.1	1	26	0.038461538461538464
chr2	179049809	0	18	0.0	0	22	0.0
chr2	179049856	3	20	0.15	2	25	0.08
chr2	179049899	3	27	0.1111111111111111	0	29	0.0
chr2	179049902	3	27	0.1111111111111111	0	27	0.0
chr2	179049911	2	25	0.08	0	27	0.0
chr2	179050119	6	18	0.3333333333333333	2	17	0.11764705882352941
chr2	179050136	1	26	0.038461538461538464	0	27	0.0
chr2	179050140	0	24	0.0	0	26	0.0
chr2	179050156	0	19	0.0	1	28	0.03571428571428571
chr2	179050305	5	21	0.23809523809523808	7	23	0.30434782608695654
chr2	179051352	24	24	1.0	26	27	0.9629629629629629
chr2	179051419	6	16	0.375	15	24	0.625
chr2	179051456	15	22	0.6818181818181818	11	19	0.5789473684210527
chr2	179051477	3	12	0.25	7	23	0.30434782608695654
chr2	179051690	15	16	0.9375	22	22	1.0
chr2	179051712	18	18	1.0	18	20	0.9
chr2	179052019	23	23	1.0	24	25	0.96
chr2	179052043	13	17	0.7647058823529411	14	19	0.7368421052631579
chr2	179052103	15	17	0.8823529411764706	23	25	0.92
chr2	179052107	20	23	0.8695652173913043	23	25	0.92
chr2	179052119	22	23	0.9565217391304348	28	29	0.9655172413793104
chr2	179052369	20	21	0.9523809523809523	20	21	0.9523809523809523
chr2	179052621	25	26	0.9615384615384616	24	25	0.96
chr2	179052663	19	20	0.95	24	24	1.0
chr2	179052771	12	14	0.8571428571428571	17	19	0.8947368421052632
chr2	179052883	22	22	1.0	28	28	1.0
chr2	179052890	25	25	1.0	28	28	1.0
chr2	179052912	19	19	1.0	22	24	0.9166666666666666
chr2	179052947	15	18	0.8333333333333334	18	20	0.9
chr2	179053130	13	13	1.0	20	20	1.0
chr2	179053192	20	20	1.0	25	25	1.0
chr2	179053223	27	27	1.0	24	24	1.0
chr2	179053311	23	28	0.8214285714285714	23	25	0.92
chr2	179053439	14	15	0.9333333333333333	15	16	0.9375
chr2	179053500	13	16	0.8125	18	20	0.9
chr2	179053638	9	12	0.75	8	10	0.8
chr2	179053703	17	17	1.0	24	25	0.96
chr2	179053901	13	16	0.8125	16	17	0.9411764705882353
chr2	179054010	15	16	0.9375	16	16	1.0
chr2	179054128	16	17	0.9411764705882353	19	20	0.95
chr2	179054311	13	14	0.9285714285714286	20	22	0.9090909090909091
chr2	179054357	11	11	1.0	18	20	0.9
chr2	179054450	22	26	0.8461538461538461	17	21	0.8095238095238095
chr2	179054511	24	24	1.0	22	22	1.0
chr2	179054558	21	22	0.9545454545454546	23	24	0.9583333333333334
chr2	179054722	22	22	1.0	18	20	0.9
chr2	179054909	22	22	1.0	19	23	0.8260869565217391
chr2	179054964	20	24	0.8333333333333334	23	24	0.9583333333333334
chr2	179054968	19	24	0.7916666666666666	24	25	0.96
chr2	179054980	21	25	0.84	25	25	1.0
chr2	179054989	19	22	0.8636363636363636	26	26	1.0
chr2	179054998	18	23	0.782608695652174	24	24	1.0
chr2	179055019	16	18	0.8888888888888888	23	23	1.0
chr2	179055115	17	18	0.9444444444444444	16	17	0.9411764705882353
chr2	179055148	20	22	0.9090909090909091	23	23	1.0
chr2	179055172	12	14	0.8571428571428571	17	18	0.9444444444444444
chr2	179055232	17	22	0.7727272727272727	20	25	0.8
chr2	179055313	16	16	1.0	20	21	0.9523809523809523
chr2	179055386	19	25	0.76	21	24	0.875
chr2	179055454	16	20	0.8	20	22	0.9090909090909091
chr2	179055495	20	20	1.0	19	20	0.95
chr2	179055531	15	16	0.9375	21	21	1.0
chr2	179055552	17	19	0.8947368421052632	22	23	0.9565217391304348
chr2	179055602	16	21	0.7619047619047619	17	19	0.8947368421052632
chr2	179055711	12	13	0.9230769230769231	19	20	0.95
chr2	179055729	13	13	1.0	20	20	1.0
chr2	179055780	20	23	0.8695652173913043	20	24	0.8333333333333334
chr2	179055810	10	15	0.6666666666666666	10	15	0.6666666666666666
chr2	179055818	17	23	0.7391304347826086	14	21	0.6666666666666666
chr2	179055873	18	20	0.9	23	25	0.92
chr2	179055876	21	23	0.9130434782608695	23	25	0.92
chr2	179055967	13	19	0.6842105263157895	11	15	0.7333333333333333
chr2	179055990	18	22	0.8181818181818182	21	23	0.9130434782608695
chr2	179056022	13	16	0.8125	23	25	0.92
chr2	179056095	18	19	0.9473684210526315	20	23	0.8695652173913043
chr2	179056116	16	17	0.9411764705882353	24	26	0.9230769230769231
chr2	179056277	15	16	0.9375	21	21	1.0
chr2	179056368	18	20	0.9	23	23	1.0
chr2	179056409	17	17	1.0	25	26	0.9615384615384616
chr2	179056414	19	19	1.0	25	26	0.9615384615384616
chr2	179056458	14	15	0.9333333333333333	24	24	1.0
chr2	179056495	19	24	0.7916666666666666	23	28	0.8214285714285714
chr2	179056546	18	20	0.9	24	26	0.9230769230769231
chr2	179056602	12	13	0.9230769230769231	21	24	0.875
chr2	179056605	17	20	0.85	20	24	0.8333333333333334
chr2	179056621	19	19	1.0	21	22	0.9545454545454546
chr2	179056637	9	15	0.6	19	21	0.9047619047619048
chr2	179056702	17	20	0.85	21	23	0.9130434782608695
chr2	179056709	16	19	0.8421052631578947	18	20	0.9
chr2	179056776	21	22	0.9545454545454546	25	27	0.9259259259259259
chr2	179056783	19	20	0.95	24	25	0.96
chr2	179056838	17	17	1.0	27	27	1.0
chr2	179056857	15	16	0.9375	20	20	1.0
chr2	179056912	11	12	0.9166666666666666	19	20	0.95
chr2	179056942	12	17	0.7058823529411765	20	21	0.9523809523809523
chr2	179057020	17	20	0.85	21	22	0.9545454545454546
chr2	179057054	15	15	1.0	19	23	0.8260869565217391
chr2	179057363	9	16	0.5625	16	21	0.7619047619047619
chr2	179057424	17	18	0.9444444444444444	24	25	0.96
chr2	179057571	17	18	0.9444444444444444	25	25	1.0
chr2	179057767	13	15	0.8666666666666667	17	20	0.85
chr2	179057800	16	19	0.8421052631578947	21	24	0.875
chr2	179057884	15	22	0.6818181818181818	15	26	0.5769230769230769
chr2	179057923	10	14	0.7142857142857143	13	17	0.7647058823529411
chr2	179057986	20	22	0.9090909090909091	22	24	0.9166666666666666
chr2	179058202	10	17	0.5882352941176471	19	21	0.9047619047619048
chr2	179058371	16	16	1.0	15	18	0.8333333333333334
chr2	179058716	18	21	0.8571428571428571	22	24	0.9166666666666666
chr2	179059292	10	10	1.0	15	16	0.9375
chr2	179059685	11	15	0.7333333333333333	21	21	1.0
chr2	179059782	17	19	0.8947368421052632	20	20	1.0
chr2	179059923	16	16	1.0	23	26	0.8846153846153846
chr2	179059977	15	18	0.8333333333333334	20	21	0.9523809523809523
chr2	179060034	9	9	1.0	11	12	0.9166666666666666
chr2	179060654	9	10	0.9	19	19	1.0
chr2	179060920	12	16	0.75	20	21	0.9523809523809523
chr2	179060962	20	21	0.9523809523809523	19	21	0.9047619047619048
chr2	179061144	11	16	0.6875	10	14	0.7142857142857143
chr2	179061287	16	18	0.8888888888888888	20	24	0.8333333333333334
chr2	179061329	8	16	0.5	17	23	0.7391304347826086
chr2	179061336	9	17	0.5294117647058824	17	24	0.7083333333333334
chr2	179061427	16	18	0.8888888888888888	27	27	1.0
chr2	179061450	14	16	0.875	23	23	1.0
chr2	179062008	14	18	0.7777777777777778	24	26	0.9230769230769231
chr2	179062106	17	17	1.0	24	25	0.96
chr2	179062500	10	12	0.8333333333333334	24	26	0.9230769230769231
chr2	179062614	12	14	0.8571428571428571	20	23	0.8695652173913043
chr2	179062663	7	15	0.4666666666666667	11	19	0.5789473684210527
chr2	179062790	14	17	0.8235294117647058	23	27	0.8518518518518519
chr2	179063348	18	18	1.0	28	30	0.9333333333333333
chr2	179063391	19	20	0.95	25	25	1.0
chr2	179063437	14	16	0.875	25	26	0.9615384615384616
chr2	179063490	19	20	0.95	30	30	1.0
chr2	179063571	13	16	0.8125	21	25	0.84
chr2	179063786	18	19	0.9473684210526315	25	26	0.9615384615384616
chr2	179064386	16	17	0.9411764705882353	22	23	0.9565217391304348
chr2	179064425	15	16	0.9375	26	26	1.0
chr2	179064474	13	17	0.7647058823529411	19	21	0.9047619047619048
chr2	179065076	14	16	0.875	13	16	0.8125
chr2	179065242	15	17	0.8823529411764706	19	23	0.8260869565217391
chr2	179065255	13	15	0.8666666666666667	25	25	1.0
chr2	179065314	18	19	0.9473684210526315	23	25	0.92
chr2	179065582	10	11	0.9090909090909091	11	12	0.9166666666666666
chr2	179065689	14	16	0.875	21	26	0.8076923076923077
chr2	179065969	9	11	0.8181818181818182	18	20	0.9
chr2	179066075	14	16	0.875	23	23	1.0
chr2	179066138	10	11	0.9090909090909091	20	20	1.0
chr2	179066187	11	13	0.8461538461538461	18	22	0.8181818181818182
chr2	179066467	11	12	0.9166666666666666	22	23	0.9565217391304348
chr2	179066484	18	18	1.0	23	24	0.9583333333333334
chr2	179066492	18	18	1.0	22	24	0.9166666666666666
chr2	179066519	15	16	0.9375	19	20	0.95
chr2	179066553	7	9	0.7777777777777778	16	19	0.8421052631578947
chr2	179066651	14	14	1.0	17	18	0.9444444444444444
chr2	179066671	10	10	1.0	22	25	0.88
chr2	179066831	11	14	0.7857142857142857	18	23	0.782608695652174
chr2	179066877	9	14	0.6428571428571429	16	20	0.8
chr2	179066881	10	16	0.625	17	22	0.7727272727272727
chr2	179066904	16	19	0.8421052631578947	13	22	0.5909090909090909
chr2	179066945	16	16	1.0	16	20	0.8
chr2	179066982	16	19	0.8421052631578947	22	22	1.0
chr2	179067002	18	20	0.9	21	22	0.9545454545454546
chr2	179067004	18	20	0.9	20	21	0.9523809523809523
chr2	179067018	10	11	0.9090909090909091	15	18	0.8333333333333334
chr2	179067029	15	15	1.0	16	17	0.9411764705882353
chr2	179067142	12	13	0.9230769230769231	20	25	0.8
chr2	179067163	13	13	1.0	19	19	1.0
chr2	179067187	17	18	0.9444444444444444	23	24	0.9583333333333334
chr2	179067222	13	15	0.8666666666666667	17	19	0.8947368421052632
chr2	179067262	17	17	1.0	26	26	1.0
chr2	179067271	20	20	1.0	24	24	1.0
chr2	179067288	14	15	0.9333333333333333	20	21	0.9523809523809523
chr2	179067304	15	18	0.8333333333333334	24	26	0.9230769230769231
chr2	179067328	12	13	0.9230769230769231	17	17	1.0
chr2	179067535	17	18	0.9444444444444444	21	23	0.9130434782608695
chr2	179068058	13	13	1.0	16	17	0.9411764705882353
chr2	179068181	15	19	0.7894736842105263	20	21	0.9523809523809523
chr2	179068290	17	17	1.0	20	22	0.9090909090909091
chr2	179068437	13	16	0.8125	21	24	0.875
chr2	179068684	7	9	0.7777777777777778	9	12	0.75
chr2	179069163	12	17	0.7058823529411765	19	22	0.8636363636363636
chr2	179069262	16	17	0.9411764705882353	19	22	0.8636363636363636
chr2	179069880	11	15	0.7333333333333333	16	17	0.9411764705882353
chr2	179070550	10	12	0.8333333333333334	11	15	0.7333333333333333
chr2	179071038	15	16	0.9375	18	18	1.0
chr2	179071258	15	18	0.8333333333333334	11	12	0.9166666666666666
chr2	179071417	10	12	0.8333333333333334	10	10	1.0
chr2	179071480	21	23	0.9130434782608695	16	17	0.9411764705882353
chr2	179071588	15	16	0.9375	23	24	0.9583333333333334
chr2	179071620	14	16	0.875	18	20	0.9
chr2	179071779	21	22	0.9545454545454546	20	20	1.0
chr2	179072001	16	19	0.8421052631578947	10	15	0.6666666666666666
chr2	179072045	10	13	0.7692307692307693	12	13	0.9230769230769231
chr2	179072208	14	18	0.7777777777777778	18	19	0.9473684210526315
chr2	179072360	12	17	0.7058823529411765	13	16	0.8125
chr2	179072380	23	24	0.9583333333333334	20	20	1.0
chr2	179072400	5	8	0.625	11	11	1.0
chr2	179072575	14	19	0.7368421052631579	17	22	0.7727272727272727
chr2	179072746	19	19	1.0	18	20	0.9
chr2	179072798	19	22	0.8636363636363636	18	22	0.8181818181818182
chr2	179073019	12	17	0.7058823529411765	12	13	0.9230769230769231
chr2	179073143	23	26	0.8846153846153846	17	18	0.9444444444444444
chr2	179073307	8	21	0.38095238095238093	12	19	0.631578947368421
chr2	179073544	16	20	0.8	9	13	0.6923076923076923
chr2	179073871	26	27	0.9629629629629629	20	20	1.0
chr2	179073990	29	29	1.0	16	18	0.8888888888888888
chr2	179074004	21	21	1.0	17	17	1.0
chr2	179074315	21	24	0.875	15	16	0.9375
chr2	179074598	10	16	0.625	6	8	0.75
chr2	179074971	14	18	0.7777777777777778	13	13	1.0
chr2	179075079	4	9	0.4444444444444444	6	10	0.6
chr2	179075175	16	16	1.0	17	18	0.9444444444444444
chr2	179075730	17	17	1.0	18	18	1.0
chr2	179075763	17	18	0.9444444444444444	18	19	0.9473684210526315
chr2	179076203	13	22	0.5909090909090909	20	24	0.8333333333333334
chr2	179076252	16	18	0.8888888888888888	15	21	0.7142857142857143
chr2	179076312	12	16	0.75	17	22	0.7727272727272727
chr2	179076319	11	18	0.6111111111111112	16	23	0.6956521739130435
chr2	179076671	6	11	0.5454545454545454	17	21	0.8095238095238095
chr2	179076740	17	19	0.8947368421052632	17	17	1.0
chr2	179077338	21	23	0.9130434782608695	20	21	0.9523809523809523
chr2	179077415	24	25	0.96	22	26	0.8461538461538461
chr2	179077470	20	21	0.9523809523809523	17	18	0.9444444444444444
chr2	179077691	18	20	0.9	17	17	1.0
chr2	179077732	18	18	1.0	22	22	1.0
chr2	179077951	22	22	1.0	22	22	1.0
chr2	179077955	24	24	1.0	25	25	1.0
chr2	179077958	25	25	1.0	25	25	1.0
chr2	179078282	29	30	0.9666666666666667	26	28	0.9285714285714286
chr2	179078287	29	30	0.9666666666666667	25	27	0.9259259259259259
chr2	179078298	24	25	0.96	25	26	0.9615384615384616
chr2	179078312	20	20	1.0	17	21	0.8095238095238095
chr2	179078373	18	20	0.9	15	16	0.9375
chr2	179078389	26	27	0.9629629629629629	28	29	0.9655172413793104
chr2	179078793	18	18	1.0	21	22	0.9545454545454546
chr2	179079301	13	17	0.7647058823529411	15	16	0.9375
chr2	179079375	22	25	0.88	25	25	1.0
chr2	179079404	17	22	0.7727272727272727	19	23	0.8260869565217391
chr2	179079439	27	28	0.9642857142857143	24	27	0.8888888888888888
chr2	179079557	23	24	0.9583333333333334	23	26	0.8846153846153846
chr2	179079573	15	16	0.9375	23	23	1.0
chr2	179079847	21	22	0.9545454545454546	28	29	0.9655172413793104
chr2	179079938	18	22	0.8181818181818182	17	19	0.8947368421052632
chr2	179080429	20	22	0.9090909090909091	19	20	0.95
chr2	179080541	21	21	1.0	22	22	1.0
chr2	179080592	15	15	1.0	18	20	0.9
chr2	179081051	21	23	0.9130434782608695	24	28	0.8571428571428571
chr2	179081199	17	21	0.8095238095238095	23	25	0.92
chr2	179081267	23	24	0.9583333333333334	23	27	0.8518518518518519
chr2	179081349	18	21	0.8571428571428571	17	20	0.85
chr2	179081438	24	27	0.8888888888888888	26	31	0.8387096774193549
chr2	179081556	23	25	0.92	30	31	0.967741935483871
chr2	179081820	23	26	0.8846153846153846	25	26	0.9615384615384616
chr2	179081850	15	20	0.75	19	24	0.7916666666666666
chr2	179082607	16	21	0.7619047619047619	22	25	0.88
chr2	179082781	20	24	0.8333333333333334	23	28	0.8214285714285714
chr2	179082836	23	23	1.0	29	30	0.9666666666666667
chr2	179083157	22	26	0.8461538461538461	27	30	0.9
chr2	179083269	23	25	0.92	31	35	0.8857142857142857
chr2	179083387	11	16	0.6875	16	21	0.7619047619047619
chr2	179083549	21	24	0.875	28	35	0.8
chr2	179083645	17	17	1.0	17	17	1.0
chr2	179083729	7	25	0.28	4	28	0.14285714285714285
chr2	179083767	29	31	0.9354838709677419	22	27	0.8148148148148148
chr2	179083818	12	18	0.6666666666666666	15	20	0.75
chr2	179083842	6	12	0.5	7	15	0.4666666666666667
chr2	179084238	20	20	1.0	23	24	0.9583333333333334
chr2	179085096	20	21	0.9523809523809523	27	29	0.9310344827586207
chr2	179085217	20	23	0.8695652173913043	20	23	0.8695652173913043
chr2	179085837	19	22	0.8636363636363636	26	30	0.8666666666666667
chr2	179085840	24	28	0.8571428571428571	26	31	0.8387096774193549
chr2	179086192	26	27	0.9629629629629629	28	29	0.9655172413793104
chr2	179086247	23	23	1.0	29	29	1.0
chr2	179086310	19	26	0.7307692307692307	22	28	0.7857142857142857
chr2	179086313	19	29	0.6551724137931034	24	31	0.7741935483870968
chr2	179086322	21	31	0.6774193548387096	25	32	0.78125
chr2	179086362	28	30	0.9333333333333333	29	31	0.9354838709677419
chr2	179086371	26	28	0.9285714285714286	28	29	0.9655172413793104
chr2	179086382	22	24	0.9166666666666666	24	25	0.96
chr2	179086396	30	31	0.967741935483871	32	33	0.9696969696969697
chr2	179086403	30	31	0.967741935483871	32	33	0.9696969696969697
chr2	179086440	23	27	0.8518518518518519	27	28	0.9642857142857143
chr2	179086450	23	27	0.8518518518518519	27	28	0.9642857142857143
chr2	179086561	15	20	0.75	19	25	0.76
chr2	179086760	17	20	0.85	25	25	1.0
chr2	179087312	28	28	1.0	27	28	0.9642857142857143
chr2	179087428	16	20	0.8	19	21	0.9047619047619048
chr2	179087458	22	25	0.88	22	22	1.0
chr2	179087490	22	24	0.9166666666666666	21	22	0.9545454545454546
chr2	179087630	27	29	0.9310344827586207	24	27	0.8888888888888888
chr2	179087653	23	25	0.92	26	26	1.0
chr2	179087846	27	33	0.8181818181818182	18	23	0.782608695652174
chr2	179087954	26	27	0.9629629629629629	23	24	0.9583333333333334
chr2	179088136	16	20	0.8	21	23	0.9130434782608695
chr2	179088222	25	26	0.9615384615384616	26	27	0.9629629629629629
chr2	179088307	19	20	0.95	14	16	0.875
chr2	179088458	22	24	0.9166666666666666	26	27	0.9629629629629629
chr2	179088703	21	26	0.8076923076923077	23	24	0.9583333333333334
chr2	179088706	16	21	0.7619047619047619	16	17	0.9411764705882353
chr2	179088817	14	17	0.8235294117647058	23	23	1.0
chr2	179088866	21	26	0.8076923076923077	18	18	1.0
chr2	179088993	23	24	0.9583333333333334	20	23	0.8695652173913043
chr2	179089004	25	26	0.9615384615384616	23	23	1.0
chr2	179089099	26	28	0.9285714285714286	16	16	1.0
chr2	179089214	19	23	0.8260869565217391	16	18	0.8888888888888888
chr2	179089555	30	31	0.967741935483871	19	22	0.8636363636363636
chr2	179089686	21	24	0.875	18	21	0.8571428571428571
chr2	179089700	21	22	0.9545454545454546	16	18	0.8888888888888888
chr2	179089781	20	20	1.0	20	20	1.0
chr2	179089940	20	25	0.8	18	18	1.0
chr2	179090130	27	28	0.9642857142857143	19	19	1.0
chr2	179090172	25	26	0.9615384615384616	25	27	0.9259259259259259
chr2	179090244	25	26	0.9615384615384616	27	27	1.0
chr2	179090438	19	21	0.9047619047619048	23	23	1.0
chr2	179090581	11	16	0.6875	8	10	0.8
chr2	179091807	11	12	0.9166666666666666	12	14	0.8571428571428571
chr2	179091914	25	30	0.8333333333333334	19	24	0.7916666666666666
chr2	179092047	28	31	0.9032258064516129	21	22	0.9545454545454546
chr2	179092096	27	28	0.9642857142857143	21	23	0.9130434782608695
chr2	179092134	27	27	1.0	20	22	0.9090909090909091
chr2	179092189	26	27	0.9629629629629629	20	21	0.9523809523809523
chr2	179092300	27	28	0.9642857142857143	21	23	0.9130434782608695
chr2	179092344	18	19	0.9473684210526315	12	14	0.8571428571428571
chr2	179092363	26	26	1.0	19	20	0.95
chr2	179092377	27	28	0.9642857142857143	18	19	0.9473684210526315
chr2	179092402	22	25	0.88	18	19	0.9473684210526315
chr2	179092452	24	26	0.9230769230769231	21	21	1.0
chr2	179092731	24	24	1.0	23	23	1.0
chr2	179092751	25	27	0.9259259259259259	21	24	0.875
chr2	179092785	17	23	0.7391304347826086	14	19	0.7368421052631579
chr2	179092789	17	22	0.7727272727272727	14	19	0.7368421052631579
chr2	179092900	23	24	0.9583333333333334	22	23	0.9565217391304348
chr2	179093132	15	19	0.7894736842105263	16	19	0.8421052631578947
chr2	179093172	14	15	0.9333333333333333	13	16	0.8125
chr2	179093216	28	28	1.0	21	22	0.9545454545454546
chr2	179093287	17	24	0.7083333333333334	15	18	0.8333333333333334
chr2	179093376	21	24	0.875	20	21	0.9523809523809523
chr2	179093391	12	19	0.631578947368421	15	18	0.8333333333333334
chr2	179093402	20	23	0.8695652173913043	17	19	0.8947368421052632
chr2	179093462	28	31	0.9032258064516129	20	24	0.8333333333333334
chr2	179093487	16	19	0.8421052631578947	11	17	0.6470588235294118
chr2	179093505	20	22	0.9090909090909091	19	20	0.95
chr2	179094485	25	29	0.8620689655172413	14	16	0.875
chr2	179095070	32	32	1.0	21	23	0.9130434782608695
chr2	179095118	22	29	0.7586206896551724	17	20	0.85
chr2	179095214	31	32	0.96875	18	18	1.0
chr2	179096288	1	21	0.047619047619047616	4	14	0.2857142857142857
chr2	179096429	4	22	0.18181818181818182	4	15	0.26666666666666666
chr2	179096450	0	27	0.0	0	16	0.0
chr2	179097008	13	25	0.52	9	14	0.6428571428571429
chr2	179097121	34	35	0.9714285714285714	21	22	0.9545454545454546
chr2	179097477	34	35	0.9714285714285714	15	16	0.9375
chr2	179097729	21	23	0.9130434782608695	11	15	0.7333333333333333
chr2	179097881	26	27	0.9629629629629629	13	15	0.8666666666666667
chr2	179097911	25	31	0.8064516129032258	16	17	0.9411764705882353
chr2	179098096	24	26	0.9230769230769231	20	22	0.9090909090909091
chr2	179098211	32	32	1.0	19	23	0.8260869565217391
chr2	179098474	29	30	0.9666666666666667	19	20	0.95
chr2	179098541	27	30	0.9	16	17	0.9411764705882353
chr2	179098938	26	28	0.9285714285714286	15	17	0.8823529411764706
chr2	179099823	32	32	1.0	21	21	1.0
chr2	179100017	27	29	0.9310344827586207	25	26	0.9615384615384616
chr2	179100040	31	34	0.9117647058823529	16	18	0.8888888888888888
chr2	179100362	29	29	1.0	20	20	1.0
chr2	179100543	17	26	0.6538461538461539	13	19	0.6842105263157895
chr2	179100839	27	32	0.84375	20	22	0.9090909090909091
chr2	179101615	16	16	1.0	23	24	0.9583333333333334
chr2	179102166	30	34	0.8823529411764706	21	26	0.8076923076923077
chr2	179102223	18	19	0.9473684210526315	10	11	0.9090909090909091
chr2	179102622	15	19	0.7894736842105263	19	23	0.8260869565217391
chr2	179102822	31	33	0.9393939393939394	24	24	1.0
chr2	179102835	25	27	0.9259259259259259	28	29	0.9655172413793104
chr2	179102890	23	28	0.8214285714285714	24	25	0.96
chr2	179103062	15	21	0.7142857142857143	23	24	0.9583333333333334
chr2	179103478	23	23	1.0	20	25	0.8
chr2	179103647	20	22	0.9090909090909091	23	25	0.92
chr2	179103658	20	22	0.9090909090909091	21	24	0.875
chr2	179103795	16	24	0.6666666666666666	13	22	0.5909090909090909
chr2	179104208	21	26	0.8076923076923077	24	25	0.96
chr2	179104274	20	22	0.9090909090909091	23	23	1.0
chr2	179105037	16	22	0.7272727272727273	13	18	0.7222222222222222
chr2	179105077	25	25	1.0	21	21	1.0
chr2	179105250	25	26	0.9615384615384616	25	25	1.0
chr2	179105257	23	24	0.9583333333333334	26	26	1.0
chr2	179105519	19	21	0.9047619047619048	22	26	0.8461538461538461
chr2	179105552	21	21	1.0	24	25	0.96
chr2	179105555	20	21	0.9523809523809523	24	25	0.96
chr2	179106081	24	24	1.0	19	22	0.8636363636363636
chr2	179106324	24	25	0.96	25	26	0.9615384615384616
chr2	179106550	23	24	0.9583333333333334	27	28	0.9642857142857143
chr2	179106562	24	25	0.96	20	23	0.8695652173913043
chr2	179106582	21	21	1.0	24	26	0.9230769230769231
chr2	179106604	11	16	0.6875	14	18	0.7777777777777778
chr2	179106874	7	18	0.3888888888888889	12	25	0.48
chr2	179107008	10	18	0.5555555555555556	14	20	0.7
chr2	179107169	2	23	0.08695652173913043	3	23	0.13043478260869565
chr2	179108199	17	18	0.9444444444444444	26	26	1.0
chr2	179108280	16	19	0.8421052631578947	15	25	0.6
chr2	179108392	3	10	0.3	4	19	0.21052631578947367
chr2	179108623	11	14	0.7857142857142857	17	22	0.7727272727272727
chr2	179108665	10	16	0.625	19	22	0.8636363636363636
chr2	179109712	12	14	0.8571428571428571	20	23	0.8695652173913043
chr2	179109858	14	17	0.8235294117647058	20	23	0.8695652173913043
chr2	179110023	10	13	0.7692307692307693	20	22	0.9090909090909091
chr2	179110157	16	16	1.0	18	23	0.782608695652174
chr2	179110376	20	22	0.9090909090909091	21	21	1.0
chr2	179110997	15	18	0.8333333333333334	16	24	0.6666666666666666
chr2	179111138	20	20	1.0	27	27	1.0
chr2	179111255	23	26	0.8846153846153846	17	19	0.8947368421052632
chr2	179111584	17	19	0.8947368421052632	24	27	0.8888888888888888
chr2	179111741	22	24	0.9166666666666666	25	26	0.9615384615384616
chr2	179111771	26	26	1.0	31	31	1.0
chr2	179111779	26	26	1.0	31	31	1.0
chr2	179111787	26	26	1.0	31	31	1.0
chr2	179111804	20	21	0.9523809523809523	27	27	1.0
chr2	179111843	19	19	1.0	24	27	0.8888888888888888
chr2	179111867	20	24	0.8333333333333334	28	29	0.9655172413793104
chr2	179111875	20	23	0.8695652173913043	28	29	0.9655172413793104
chr2	179111919	19	20	0.95	28	29	0.9655172413793104
chr2	179111960	22	23	0.9565217391304348	30	31	0.967741935483871
chr2	179111964	22	23	0.9565217391304348	30	31	0.967741935483871
chr2	179111997	16	18	0.8888888888888888	27	27	1.0
chr2	179112009	18	21	0.8571428571428571	28	30	0.9333333333333333
chr2	179112013	18	21	0.8571428571428571	28	30	0.9333333333333333
chr2	179112148	18	19	0.9473684210526315	24	24	1.0
chr2	179112523	9	14	0.6428571428571429	16	23	0.6956521739130435
chr2	179112596	21	21	1.0	29	30	0.9666666666666667
chr2	179113607	14	16	0.875	22	22	1.0
chr2	179114207	19	21	0.9047619047619048	24	24	1.0
chr2	179114357	21	21	1.0	26	26	1.0
chr2	179114650	20	21	0.9523809523809523	22	22	1.0
chr2	179114739	18	18	1.0	23	24	0.9583333333333334
chr2	179114936	24	26	0.9230769230769231	23	25	0.92
chr2	179114944	22	25	0.88	21	22	0.9545454545454546
chr2	179115158	27	27	1.0	20	25	0.8
chr2	179115182	20	20	1.0	23	23	1.0
chr2	179115194	20	21	0.9523809523809523	24	24	1.0
chr2	179115335	16	16	1.0	19	20	0.95
chr2	179115692	16	20	0.8	20	22	0.9090909090909091
chr2	179115832	22	24	0.9166666666666666	22	24	0.9166666666666666
chr2	179115955	19	19	1.0	21	22	0.9545454545454546
chr2	179115998	23	25	0.92	27	28	0.9642857142857143
chr2	179116000	24	26	0.9230769230769231	27	28	0.9642857142857143
chr2	179116038	27	27	1.0	29	29	1.0
chr2	179116043	27	28	0.9642857142857143	28	28	1.0
chr2	179116052	26	27	0.9629629629629629	29	29	1.0
chr2	179116133	29	32	0.90625	27	29	0.9310344827586207
chr2	179116142	21	24	0.875	24	26	0.9230769230769231
chr2	179116163	26	29	0.896551724137931	28	29	0.9655172413793104
chr2	179116187	16	23	0.6956521739130435	16	26	0.6153846153846154
chr2	179116429	14	18	0.7777777777777778	20	22	0.9090909090909091
chr2	179116482	20	21	0.9523809523809523	24	26	0.9230769230769231
chr2	179116712	20	24	0.8333333333333334	20	23	0.8695652173913043
chr2	179116729	26	26	1.0	23	24	0.9583333333333334
chr2	179116891	16	17	0.9411764705882353	20	20	1.0
chr2	179117156	21	22	0.9545454545454546	21	21	1.0
chr2	179117290	19	19	1.0	24	25	0.96
chr2	179117589	21	21	1.0	22	23	0.9565217391304348
chr2	179118156	18	18	1.0	20	21	0.9523809523809523
chr2	179118416	24	25	0.96	22	22	1.0
chr2	179118461	18	25	0.72	16	21	0.7619047619047619
chr2	179119552	23	24	0.9583333333333334	17	23	0.7391304347826086
chr2	179119645	20	22	0.9090909090909091	24	26	0.9230769230769231
chr2	179119773	30	30	1.0	21	24	0.875
chr2	179119947	30	33	0.9090909090909091	29	29	1.0
chr2	179119951	31	34	0.9117647058823529	30	30	1.0
chr2	179119957	30	33	0.9090909090909091	30	30	1.0
chr2	179119967	31	34	0.9117647058823529	30	30	1.0
chr2	179120004	27	29	0.9310344827586207	29	29	1.0
chr2	179120011	26	28	0.9285714285714286	29	29	1.0
chr2	179120056	19	23	0.8260869565217391	22	24	0.9166666666666666
chr2	179120084	13	16	0.8125	19	23	0.8260869565217391
chr2	179120100	15	24	0.625	16	23	0.6956521739130435
chr2	179120120	18	19	0.9473684210526315	24	25	0.96
chr2	179120142	21	23	0.9130434782608695	18	22	0.8181818181818182
chr2	179120213	28	29	0.9655172413793104	29	30	0.9666666666666667
chr2	179120332	22	23	0.9565217391304348	26	26	1.0
chr2	179120338	24	26	0.9230769230769231	28	28	1.0
chr2	179120377	9	10	0.9	19	20	0.95
chr2	179120583	18	19	0.9473684210526315	21	22	0.9545454545454546
chr2	179120604	15	16	0.9375	15	17	0.8823529411764706
chr2	179120675	18	20	0.9	21	23	0.9130434782608695
chr2	179120785	15	16	0.9375	20	20	1.0
chr2	179120858	21	27	0.7777777777777778	22	24	0.9166666666666666
chr2	179121023	14	18	0.7777777777777778	19	20	0.95
chr2	179121679	17	22	0.7727272727272727	23	25	0.92
chr2	179121755	19	19	1.0	18	18	1.0
chr2	179121907	17	17	1.0	23	24	0.9583333333333334
chr2	179121972	21	22	0.9545454545454546	28	30	0.9333333333333333
chr2	179121995	12	14	0.8571428571428571	22	24	0.9166666666666666
chr2	179122120	16	19	0.8421052631578947	23	24	0.9583333333333334
chr2	179122330	15	17	0.8823529411764706	27	27	1.0
chr2	179122616	18	20	0.9	27	28	0.9642857142857143
chr2	179122686	13	13	1.0	22	23	0.9565217391304348
chr2	179122751	15	20	0.75	28	30	0.9333333333333333
chr2	179122755	15	20	0.75	28	30	0.9333333333333333
chr2	179122818	16	19	0.8421052631578947	25	27	0.9259259259259259
chr2	179123084	3	18	0.16666666666666666	3	30	0.1
chr2	179123526	15	15	1.0	25	27	0.9259259259259259
chr2	179123760	12	14	0.8571428571428571	21	21	1.0
chr2	179123789	19	19	1.0	25	29	0.8620689655172413
chr2	179123962	18	20	0.9	27	28	0.9642857142857143
chr2	179124304	14	16	0.875	27	27	1.0
chr2	179124436	14	15	0.9333333333333333	26	26	1.0
chr2	179124497	16	16	1.0	25	28	0.8928571428571429
chr2	179124780	14	15	0.9333333333333333	30	31	0.967741935483871
chr2	179124867	11	12	0.9166666666666666	22	28	0.7857142857142857
chr2	179124917	9	11	0.8181818181818182	25	31	0.8064516129032258
chr2	179125162	11	15	0.7333333333333333	23	27	0.8518518518518519
chr2	179125478	6	12	0.5	10	20	0.5
chr2	179125514	10	12	0.8333333333333334	21	24	0.875
chr2	179125549	12	14	0.8571428571428571	24	29	0.8275862068965517
chr2	179125823	10	11	0.9090909090909091	19	20	0.95
chr2	179125866	11	11	1.0	27	27	1.0
chr2	179125914	13	14	0.9285714285714286	23	26	0.8846153846153846
chr2	179126118	8	12	0.6666666666666666	16	19	0.8421052631578947
chr2	179126811	11	12	0.9166666666666666	21	22	0.9545454545454546
chr2	179126941	12	12	1.0	19	19	1.0
chr2	179126992	12	13	0.9230769230769231	26	26	1.0
chr2	179127270	13	15	0.8666666666666667	29	30	0.9666666666666667
chr2	179127349	11	11	1.0	32	33	0.9696969696969697
chr2	179127660	15	15	1.0	29	29	1.0
chr2	179127973	10	12	0.8333333333333334	20	21	0.9523809523809523
chr2	179127984	11	13	0.8461538461538461	31	33	0.9393939393939394
chr2	179128323	14	14	1.0	26	26	1.0
chr2	179128437	15	17	0.8823529411764706	29	30	0.9666666666666667
chr2	179128447	15	16	0.9375	30	31	0.967741935483871
chr2	179128451	15	17	0.8823529411764706	31	32	0.96875
chr2	179128511	14	15	0.9333333333333333	29	29	1.0
chr2	179128556	12	13	0.9230769230769231	28	28	1.0
chr2	179128596	14	15	0.9333333333333333	31	31	1.0
chr2	179128642	14	16	0.875	31	32	0.96875
chr2	179128705	5	7	0.7142857142857143	23	24	0.9583333333333334
chr2	179128821	9	10	0.9	18	21	0.8571428571428571
chr2	179128989	11	12	0.9166666666666666	25	27	0.9259259259259259
chr2	179129074	8	9	0.8888888888888888	17	20	0.85
chr2	179129130	11	12	0.9166666666666666	26	28	0.9285714285714286
chr2	179129255	13	14	0.9285714285714286	27	30	0.9
chr2	179129273	15	17	0.8823529411764706	28	33	0.8484848484848485
chr2	179129637	12	13	0.9230769230769231	24	26	0.9230769230769231
chr2	179130269	16	18	0.8888888888888888	29	30	0.9666666666666667
chr2	179130409	19	21	0.9047619047619048	29	30	0.9666666666666667
chr2	179130522	19	19	1.0	32	32	1.0
chr2	179131001	11	14	0.7857142857142857	20	24	0.8333333333333334
chr2	179131418	10	13	0.7692307692307693	30	31	0.967741935483871
chr2	179131438	10	13	0.7692307692307693	20	27	0.7407407407407407
chr2	179131441	11	14	0.7857142857142857	19	21	0.9047619047619048
chr2	179131612	16	17	0.9411764705882353	22	25	0.88
chr2	179131678	15	16	0.9375	29	29	1.0
chr2	179132259	5	15	0.3333333333333333	18	24	0.75
chr2	179132326	13	14	0.9285714285714286	22	25	0.88
chr2	179132726	16	18	0.8888888888888888	30	31	0.967741935483871
chr2	179133375	17	17	1.0	23	26	0.8846153846153846
chr2	179133697	15	16	0.9375	29	30	0.9666666666666667
chr2	179133829	16	19	0.8421052631578947	28	29	0.9655172413793104
chr2	179134129	21	21	1.0	32	33	0.9696969696969697
chr2	179134202	22	22	1.0	24	25	0.96
chr2	179134277	12	15	0.8	20	24	0.8333333333333334
chr2	179134468	16	20	0.8	29	30	0.9666666666666667
chr2	179134523	11	11	1.0	22	24	0.9166666666666666
chr2	179134856	12	13	0.9230769230769231	21	23	0.9130434782608695
chr2	179135046	14	15	0.9333333333333333	21	24	0.875
chr2	179135088	18	18	1.0	35	36	0.9722222222222222
chr2	179135092	18	18	1.0	35	36	0.9722222222222222
chr2	179135177	14	14	1.0	33	34	0.9705882352941176
chr2	179135193	10	11	0.9090909090909091	28	29	0.9655172413793104
chr2	179135231	16	16	1.0	26	31	0.8387096774193549
chr2	179135238	16	17	0.9411764705882353	27	32	0.84375
chr2	179135613	15	15	1.0	28	29	0.9655172413793104
chr2	179135666	10	10	1.0	19	23	0.8260869565217391
chr2	179135683	11	12	0.9166666666666666	27	31	0.8709677419354839
chr2	179135878	11	12	0.9166666666666666	29	31	0.9354838709677419
chr2	179136050	8	8	1.0	26	28	0.9285714285714286
chr2	179136072	14	14	1.0	27	29	0.9310344827586207
chr2	179136146	6	8	0.75	23	25	0.92
chr2	179136329	8	9	0.8888888888888888	22	27	0.8148148148148148
chr2	179136420	8	8	1.0	16	18	0.8888888888888888
chr2	179136450	11	12	0.9166666666666666	26	28	0.9285714285714286
chr2	179136763	10	12	0.8333333333333334	23	23	1.0
chr2	179137707	8	10	0.8	21	24	0.875
chr2	179137998	10	12	0.8333333333333334	26	26	1.0
chr2	179138150	10	11	0.9090909090909091	27	28	0.9642857142857143
chr2	179138186	14	14	1.0	35	35	1.0
chr2	179138265	13	15	0.8666666666666667	28	30	0.9333333333333333
chr2	179138485	9	9	1.0	17	20	0.85
chr2	179138711	11	12	0.9166666666666666	32	35	0.9142857142857143
chr2	179138954	9	9	1.0	30	30	1.0
chr2	179139184	9	11	0.8181818181818182	30	30	1.0
chr2	179139383	10	15	0.6666666666666666	27	31	0.8709677419354839
chr2	179139603	11	13	0.8461538461538461	27	32	0.84375
chr2	179139719	5	9	0.5555555555555556	16	23	0.6956521739130435
chr2	179139847	12	14	0.8571428571428571	31	31	1.0
chr2	179139887	12	12	1.0	28	29	0.9655172413793104
chr2	179139996	12	12	1.0	25	28	0.8928571428571429
chr2	179140014	13	13	1.0	22	23	0.9565217391304348
chr2	179140032	9	11	0.8181818181818182	27	28	0.9642857142857143
chr2	179140059	8	10	0.8	31	33	0.9393939393939394
chr2	179140065	9	9	1.0	33	35	0.9428571428571428
chr2	179140085	5	10	0.5	22	26	0.8461538461538461
chr2	179140442	12	13	0.9230769230769231	29	31	0.9354838709677419
chr2	179140483	11	11	1.0	30	30	1.0
chr2	179140575	14	16	0.875	36	37	0.972972972972973
chr2	179140585	10	12	0.8333333333333334	35	35	1.0
chr2	179140664	6	10	0.6	26	31	0.8387096774193549
chr2	179140830	13	15	0.8666666666666667	31	34	0.9117647058823529
chr2	179141032	12	14	0.8571428571428571	25	28	0.8928571428571429
chr2	179141074	9	12	0.75	30	30	1.0
chr2	179141112	9	9	1.0	23	23	1.0
chr2	179141323	15	16	0.9375	32	33	0.9696969696969697
chr2	179141643	12	12	1.0	32	33	0.9696969696969697
chr2	179141903	14	15	0.9333333333333333	32	34	0.9411764705882353
chr2	179142061	9	11	0.8181818181818182	28	30	0.9333333333333333
chr2	179142223	6	11	0.5454545454545454	21	27	0.7777777777777778
chr2	179142466	9	13	0.6923076923076923	28	30	0.9333333333333333
chr2	179142487	17	17	1.0	29	29	1.0
chr2	179142611	14	17	0.8235294117647058	28	30	0.9333333333333333
chr2	179142967	11	14	0.7857142857142857	31	33	0.9393939393939394
chr2	179142999	8	8	1.0	27	29	0.9310344827586207
chr2	179143338	18	18	1.0	32	33	0.9696969696969697
chr2	179143628	16	17	0.9411764705882353	38	38	1.0
chr2	179143637	17	18	0.9444444444444444	37	37	1.0
chr2	179143661	11	14	0.7857142857142857	30	30	1.0
chr2	179143676	9	9	1.0	24	29	0.8275862068965517
chr2	179143752	14	14	1.0	24	26	0.9230769230769231
chr2	179143769	19	19	1.0	32	33	0.9696969696969697
chr2	179143772	17	17	1.0	33	34	0.9705882352941176
chr2	179143785	10	10	1.0	27	28	0.9642857142857143
chr2	179144066	17	17	1.0	30	31	0.967741935483871
chr2	179144111	11	13	0.8461538461538461	31	32	0.96875
chr2	179144425	5	6	0.8333333333333334	19	19	1.0
chr2	179145239	16	16	1.0	30	31	0.967741935483871
chr2	179145368	13	15	0.8666666666666667	27	32	0.84375
chr2	179145682	14	14	1.0	32	32	1.0
chr2	179145756	15	15	1.0	32	32	1.0
chr2	179145998	8	12	0.6666666666666666	20	27	0.7407407407407407
chr2	179146042	17	18	0.9444444444444444	32	33	0.9696969696969697
chr2	179146095	12	13	0.9230769230769231	29	29	1.0
chr2	179146142	15	16	0.9375	32	35	0.9142857142857143
chr2	179146144	11	12	0.9166666666666666	32	34	0.9411764705882353
chr2	179146345	7	8	0.875	29	30	0.9666666666666667
chr2	179146429	15	16	0.9375	35	36	0.9722222222222222
chr2	179146656	12	14	0.8571428571428571	29	33	0.8787878787878788
chr2	179147246	8	16	0.5	17	31	0.5483870967741935
chr2	179147383	15	16	0.9375	40	40	1.0
chr2	179147391	15	16	0.9375	40	40	1.0
chr2	179147421	13	15	0.8666666666666667	36	40	0.9
chr2	179147429	14	16	0.875	36	39	0.9230769230769231
chr2	179147446	15	15	1.0	32	32	1.0
chr2	179147507	16	18	0.8888888888888888	38	38	1.0
chr2	179147517	17	19	0.8947368421052632	38	38	1.0
chr2	179147605	11	11	1.0	29	30	0.9666666666666667
chr2	179147648	14	14	1.0	31	33	0.9393939393939394
chr2	179147650	14	14	1.0	31	33	0.9393939393939394
chr2	179147868	9	10	0.9	24	24	1.0
chr2	179148026	14	15	0.9333333333333333	30	32	0.9375
chr2	179148089	14	16	0.875	26	27	0.9629629629629629
chr2	179148255	9	11	0.8181818181818182	23	23	1.0
chr2	179148714	17	17	1.0	28	30	0.9333333333333333
chr2	179148781	19	19	1.0	31	32	0.96875
chr2	179148787	19	19	1.0	32	33	0.9696969696969697
chr2	179148797	19	19	1.0	32	33	0.9696969696969697
chr2	179148825	16	16	1.0	32	32	1.0
chr2	179148830	16	16	1.0	32	32	1.0
chr2	179148841	15	16	0.9375	32	33	0.9696969696969697
chr2	179148855	10	13	0.7692307692307693	17	21	0.8095238095238095
chr2	179148883	17	18	0.9444444444444444	34	34	1.0
chr2	179148886	17	18	0.9444444444444444	35	35	1.0
chr2	179148915	17	18	0.9444444444444444	35	36	0.9722222222222222
chr2	179148919	17	18	0.9444444444444444	34	35	0.9714285714285714
chr2	179148927	16	16	1.0	35	36	0.9722222222222222
chr2	179148931	16	16	1.0	35	36	0.9722222222222222
chr2	179148975	9	10	0.9	23	26	0.8846153846153846
chr2	179148990	15	15	1.0	33	33	1.0
chr2	179149007	18	18	1.0	34	37	0.918918918918919
chr2	179149015	18	18	1.0	33	36	0.9166666666666666
chr2	179149053	12	15	0.8	25	27	0.9259259259259259
chr2	179149157	10	11	0.9090909090909091	23	27	0.8518518518518519
chr2	179149168	14	14	1.0	30	31	0.967741935483871
chr2	179149514	10	11	0.9090909090909091	25	30	0.8333333333333334
chr2	179149654	10	14	0.7142857142857143	32	33	0.9696969696969697
chr2	179149680	10	10	1.0	22	24	0.9166666666666666
chr2	179149718	8	9	0.8888888888888888	30	31	0.967741935483871
chr2	179149992	11	14	0.7857142857142857	27	28	0.9642857142857143
chr2	179150077	10	10	1.0	34	34	1.0
chr2	179150111	14	17	0.8235294117647058	31	33	0.9393939393939394
chr2	179150325	15	16	0.9375	34	34	1.0
chr2	179150408	17	17	1.0	27	27	1.0
chr2	179150558	15	17	0.8823529411764706	22	25	0.88
chr2	179150586	11	11	1.0	27	29	0.9310344827586207
chr2	179150602	17	17	1.0	33	34	0.9705882352941176
chr2	179150647	12	13	0.9230769230769231	30	30	1.0
chr2	179150679	19	19	1.0	35	36	0.9722222222222222
chr2	179150687	18	18	1.0	34	35	0.9714285714285714
chr2	179150689	19	19	1.0	35	36	0.9722222222222222
chr2	179150713	11	13	0.8461538461538461	30	32	0.9375
chr2	179150744	19	19	1.0	30	33	0.9090909090909091
chr2	179150750	19	19	1.0	31	34	0.9117647058823529
chr2	179150775	8	9	0.8888888888888888	32	34	0.9411764705882353
chr2	179151061	14	15	0.9333333333333333	29	30	0.9666666666666667
chr2	179151359	11	12	0.9166666666666666	23	23	1.0
chr2	179151375	15	16	0.9375	26	27	0.9629629629629629
chr2	179151444	9	10	0.9	25	28	0.8928571428571429
chr2	179151853	13	13	1.0	24	26	0.9230769230769231
chr2	179151879	22	22	1.0	34	36	0.9444444444444444
chr2	179151940	15	18	0.8333333333333334	28	29	0.9655172413793104
chr2	179152352	19	19	1.0	34	34	1.0
chr2	179152360	17	17	1.0	32	32	1.0
chr2	179152661	20	20	1.0	30	31	0.967741935483871
chr2	179152962	10	11	0.9090909090909091	21	24	0.875
chr2	179153074	12	15	0.8	25	27	0.9259259259259259
chr2	179153426	9	15	0.6	25	31	0.8064516129032258
chr2	179153498	10	12	0.8333333333333334	25	26	0.9615384615384616
chr2	179153782	13	14	0.9285714285714286	25	27	0.9259259259259259
chr2	179153860	16	16	1.0	30	30	1.0
chr2	179153874	17	18	0.9444444444444444	32	33	0.9696969696969697
chr2	179153958	17	20	0.85	29	31	0.9354838709677419
chr2	179153970	13	14	0.9285714285714286	24	25	0.96
chr2	179153992	13	13	1.0	34	35	0.9714285714285714
chr2	179154008	10	10	1.0	32	33	0.9696969696969697
chr2	179154235	2	11	0.18181818181818182	7	21	0.3333333333333333
chr2	179154520	11	12	0.9166666666666666	26	31	0.8387096774193549
chr2	179154746	19	21	0.9047619047619048	27	29	0.9310344827586207
chr2	179154966	9	11	0.8181818181818182	21	24	0.875
chr2	179155058	19	21	0.9047619047619048	29	30	0.9666666666666667
chr2	179155072	8	13	0.6153846153846154	21	25	0.84
chr2	179155103	19	19	1.0	29	32	0.90625
chr2	179155204	22	22	1.0	31	32	0.96875
chr2	179155210	22	22	1.0	32	33	0.9696969696969697
chr2	179155471	12	13	0.9230769230769231	18	21	0.8571428571428571
chr2	179155502	13	15	0.8666666666666667	27	29	0.9310344827586207
chr2	179155547	20	21	0.9523809523809523	25	27	0.9259259259259259
chr2	179155569	17	18	0.9444444444444444	24	26	0.9230769230769231
chr2	179155630	21	23	0.9130434782608695	29	30	0.9666666666666667
chr2	179155672	15	15	1.0	27	27	1.0
chr2	179155840	11	11	1.0	20	21	0.9523809523809523
chr2	179155974	20	20	1.0	30	30	1.0
chr2	179155984	20	20	1.0	30	30	1.0
chr2	179156049	12	15	0.8	22	24	0.9166666666666666
chr2	179156104	13	18	0.7222222222222222	21	22	0.9545454545454546
chr2	179156132	16	17	0.9411764705882353	26	28	0.9285714285714286
chr2	179156293	20	22	0.9090909090909091	27	30	0.9
chr2	179156314	18	19	0.9473684210526315	30	30	1.0
chr2	179156456	15	16	0.9375	19	22	0.8636363636363636
chr2	179156475	18	20	0.9	27	28	0.9642857142857143
chr2	179156484	21	22	0.9545454545454546	29	30	0.9666666666666667
chr2	179157399	16	22	0.7272727272727273	28	29	0.9655172413793104
chr2	179157551	22	22	1.0	24	25	0.96
chr2	179157768	22	23	0.9565217391304348	28	29	0.9655172413793104
chr2	179158324	26	26	1.0	26	26	1.0
chr2	179158438	18	22	0.8181818181818182	22	22	1.0
chr2	179158469	21	22	0.9545454545454546	19	19	1.0
chr2	179158852	26	28	0.9285714285714286	28	29	0.9655172413793104
chr2	179158885	27	27	1.0	26	26	1.0
chr2	179159137	32	32	1.0	29	29	1.0
chr2	179159144	27	27	1.0	27	27	1.0
chr2	179159424	23	23	1.0	17	19	0.8947368421052632
chr2	179159476	25	26	0.9615384615384616	28	29	0.9655172413793104
chr2	179159559	19	21	0.9047619047619048	23	24	0.9583333333333334
chr2	179159822	17	18	0.9444444444444444	18	19	0.9473684210526315
chr2	179159916	23	28	0.8214285714285714	18	20	0.9
chr2	179159978	19	19	1.0	25	26	0.9615384615384616
chr2	179160010	26	28	0.9285714285714286	21	25	0.84
chr2	179160265	25	25	1.0	27	28	0.9642857142857143
chr2	179160305	17	20	0.85	28	29	0.9655172413793104
chr2	179160414	28	28	1.0	23	23	1.0
chr2	179161432	29	29	1.0	26	26	1.0
chr2	179161443	27	30	0.9	25	25	1.0
chr2	179161520	20	24	0.8333333333333334	20	24	0.8333333333333334
chr2	179161575	24	27	0.8888888888888888	26	26	1.0
chr2	179161585	24	27	0.8888888888888888	26	26	1.0
chr2	179161609	26	27	0.9629629629629629	24	27	0.8888888888888888
chr2	179161617	27	28	0.9642857142857143	24	27	0.8888888888888888
chr2	179161654	15	20	0.75	19	22	0.8636363636363636
chr2	179161699	24	25	0.96	24	24	1.0
chr2	179161984	24	26	0.9230769230769231	20	22	0.9090909090909091
chr2	179162714	26	28	0.9285714285714286	15	19	0.7894736842105263
chr2	179162752	23	24	0.9583333333333334	26	28	0.9285714285714286
chr2	179162781	25	25	1.0	21	22	0.9545454545454546
chr2	179162812	23	24	0.9583333333333334	27	28	0.9642857142857143
chr2	179162850	25	27	0.9259259259259259	26	31	0.8387096774193549
chr2	179162904	15	19	0.7894736842105263	15	17	0.8823529411764706
chr2	179162921	25	26	0.9615384615384616	23	25	0.92
chr2	179162946	28	28	1.0	26	26	1.0
chr2	179162984	19	21	0.9047619047619048	20	20	1.0
chr2	179163032	14	16	0.875	17	17	1.0
chr2	179163049	22	23	0.9565217391304348	19	19	1.0
chr2	179163290	20	21	0.9523809523809523	21	24	0.875
chr2	179163399	18	19	0.9473684210526315	21	23	0.9130434782608695
chr2	179163437	25	25	1.0	25	26	0.9615384615384616
chr2	179164034	21	22	0.9545454545454546	18	21	0.8571428571428571
chr2	179164564	14	17	0.8235294117647058	21	24	0.875
chr2	179164924	11	17	0.6470588235294118	15	19	0.7894736842105263
chr2	179165026	22	23	0.9565217391304348	24	26	0.9230769230769231
chr2	179165104	18	20	0.9	15	16	0.9375
chr2	179165120	25	26	0.9615384615384616	25	25	1.0
chr2	179165186	24	24	1.0	25	25	1.0
chr2	179165458	19	20	0.95	19	20	0.95
chr2	179165466	22	23	0.9565217391304348	21	22	0.9545454545454546
chr2	179165488	15	16	0.9375	20	22	0.9090909090909091
chr2	179166390	24	24	1.0	23	23	1.0
chr2	179166511	19	21	0.9047619047619048	26	28	0.9285714285714286
chr2	179166699	27	27	1.0	26	26	1.0
chr2	179167167	19	20	0.95	22	23	0.9565217391304348
chr2	179167687	19	19	1.0	25	25	1.0
chr2	179167830	22	23	0.9565217391304348	21	24	0.875
chr2	179167886	22	24	0.9166666666666666	23	24	0.9583333333333334
chr2	179167922	15	18	0.8333333333333334	23	27	0.8518518518518519
chr2	179167950	16	18	0.8888888888888888	22	23	0.9565217391304348
chr2	179168047	29	29	1.0	29	30	0.9666666666666667
chr2	179168053	29	29	1.0	29	30	0.9666666666666667
chr2	179168501	18	18	1.0	23	25	0.92
chr2	179168704	25	26	0.9615384615384616	27	28	0.9642857142857143
chr2	179168946	25	26	0.9615384615384616	25	26	0.9615384615384616
chr2	179169010	20	22	0.9090909090909091	18	20	0.9
chr2	179169702	19	22	0.8636363636363636	24	27	0.8888888888888888
chr2	179169708	20	23	0.8695652173913043	24	27	0.8888888888888888
chr2	179169746	21	23	0.9130434782608695	23	23	1.0
chr2	179169789	22	25	0.88	24	26	0.9230769230769231
chr2	179169802	19	21	0.9047619047619048	25	25	1.0
chr2	179169863	23	23	1.0	28	29	0.9655172413793104
chr2	179169904	24	27	0.8888888888888888	25	25	1.0
chr2	179169921	22	22	1.0	24	26	0.9230769230769231
chr2	179169960	15	19	0.7894736842105263	24	24	1.0
chr2	179170479	16	16	1.0	17	19	0.8947368421052632
chr2	179170570	18	20	0.9	21	25	0.84
chr2	179170869	14	14	1.0	18	19	0.9473684210526315
chr2	179170880	20	22	0.9090909090909091	24	24	1.0
chr2	179171211	2	22	0.09090909090909091	4	26	0.15384615384615385
chr2	179171373	20	20	1.0	24	26	0.9230769230769231
chr2	179172046	22	22	1.0	24	24	1.0
chr2	179172161	23	24	0.9583333333333334	25	25	1.0
chr2	179172624	19	19	1.0	27	27	1.0
chr2	179172735	19	20	0.95	22	22	1.0
chr2	179172887	20	21	0.9523809523809523	23	23	1.0
chr2	179172905	21	21	1.0	21	22	0.9545454545454546
chr2	179173090	20	21	0.9523809523809523	19	21	0.9047619047619048
chr2	179173331	23	23	1.0	22	23	0.9565217391304348
chr2	179173668	0	13	0.0	2	16	0.125
chr2	179173703	21	21	1.0	22	22	1.0
chr2	179173767	11	12	0.9166666666666666	18	19	0.9473684210526315
chr2	179174236	12	13	0.9230769230769231	20	22	0.9090909090909091
chr2	179174368	13	14	0.9285714285714286	24	24	1.0
chr2	179174660	20	21	0.9523809523809523	24	25	0.96
chr2	179174712	18	20	0.9	21	24	0.875
chr2	179174816	26	27	0.9629629629629629	25	25	1.0
chr2	179174820	26	27	0.9629629629629629	27	27	1.0
chr2	179175161	11	14	0.7857142857142857	13	17	0.7647058823529411
chr2	179175336	21	23	0.9130434782608695	22	25	0.88
chr2	179175695	18	18	1.0	21	21	1.0
chr2	179175873	25	26	0.9615384615384616	25	26	0.9615384615384616
chr2	179175967	20	21	0.9523809523809523	20	21	0.9523809523809523
chr2	179176458	20	26	0.7692307692307693	16	21	0.7619047619047619
chr2	179176509	20	20	1.0	21	21	1.0
chr2	179176584	21	23	0.9130434782608695	16	18	0.8888888888888888
chr2	179176625	22	24	0.9166666666666666	18	19	0.9473684210526315
chr2	179176859	21	21	1.0	21	21	1.0
chr2	179177024	20	22	0.9090909090909091	18	18	1.0
chr2	179177229	18	23	0.782608695652174	17	18	0.9444444444444444
chr2	179177541	17	18	0.9444444444444444	20	23	0.8695652173913043
chr2	179177936	16	17	0.9411764705882353	23	23	1.0
chr2	179178156	16	18	0.8888888888888888	16	20	0.8
chr2	179178178	11	17	0.6470588235294118	15	19	0.7894736842105263
chr2	179178237	12	17	0.7058823529411765	16	19	0.8421052631578947
chr2	179178355	18	20	0.9	24	27	0.8888888888888888
chr2	179178649	22	22	1.0	23	24	0.9583333333333334
chr2	179178830	14	18	0.7777777777777778	12	17	0.7058823529411765
chr2	179178998	17	18	0.9444444444444444	20	21	0.9523809523809523
chr2	179179393	18	18	1.0	21	22	0.9545454545454546
chr2	179179734	20	20	1.0	23	25	0.92
chr2	179179948	17	17	1.0	21	21	1.0
chr2	179180312	18	19	0.9473684210526315	24	24	1.0
chr2	179180591	12	14	0.8571428571428571	21	23	0.9130434782608695
chr2	179180655	15	16	0.9375	21	25	0.84
chr2	179180715	15	19	0.7894736842105263	15	19	0.7894736842105263
chr2	179180803	17	18	0.9444444444444444	26	26	1.0
chr2	179180853	12	14	0.8571428571428571	23	24	0.9583333333333334
chr2	179181067	16	17	0.9411764705882353	21	25	0.84
chr2	179181200	15	16	0.9375	21	26	0.8076923076923077
chr2	179181275	10	11	0.9090909090909091	18	21	0.8571428571428571
chr2	179181623	14	16	0.875	19	24	0.7916666666666666
chr2	179181973	13	15	0.8666666666666667	11	14	0.7857142857142857
chr2	179182052	15	15	1.0	21	22	0.9545454545454546
chr2	179182221	14	14	1.0	20	21	0.9523809523809523
chr2	179182470	13	14	0.9285714285714286	22	23	0.9565217391304348
chr2	179182727	16	19	0.8421052631578947	25	26	0.9615384615384616
chr2	179182849	16	16	1.0	24	24	1.0
chr2	179182972	16	16	1.0	20	21	0.9523809523809523
chr2	179183137	16	16	1.0	24	24	1.0
chr2	179183172	11	13	0.8461538461538461	18	18	1.0
chr2	179183486	15	16	0.9375	17	17	1.0
chr2	179183705	16	16	1.0	24	25	0.96
chr2	179183748	18	18	1.0	21	23	0.9130434782608695
chr2	179183785	9	11	0.8181818181818182	15	19	0.7894736842105263
chr2	179183892	8	13	0.6153846153846154	13	24	0.5416666666666666
chr2	179183931	5	14	0.35714285714285715	7	14	0.5
chr2	179184096	13	13	1.0	19	22	0.8636363636363636
chr2	179184126	9	14	0.6428571428571429	12	20	0.6
chr2	179184318	10	12	0.8333333333333334	17	22	0.7727272727272727
chr2	179184435	18	19	0.9473684210526315	19	21	0.9047619047619048
chr2	179184514	19	20	0.95	22	26	0.8461538461538461
chr2	179184695	18	18	1.0	20	22	0.9090909090909091
chr2	179185503	18	18	1.0	22	23	0.9565217391304348
chr2	179186273	16	17	0.9411764705882353	22	24	0.9166666666666666
chr2	179186709	16	17	0.9411764705882353	28	30	0.9333333333333333
chr2	179186725	22	22	1.0	20	22	0.9090909090909091
chr2	179186747	23	23	1.0	27	28	0.9642857142857143
chr2	179186749	23	23	1.0	27	28	0.9642857142857143
chr2	179187199	17	18	0.9444444444444444	27	30	0.9
chr2	179187525	21	21	1.0	26	28	0.9285714285714286
chr2	179187587	22	23	0.9565217391304348	20	27	0.7407407407407407
chr2	179187619	19	21	0.9047619047619048	23	26	0.8846153846153846
chr2	179188005	22	23	0.9565217391304348	25	26	0.9615384615384616
chr2	179188026	15	16	0.9375	24	26	0.9230769230769231
chr2	179188397	21	23	0.9130434782608695	25	26	0.9615384615384616
chr2	179188411	21	21	1.0	22	23	0.9565217391304348
chr2	179188552	18	22	0.8181818181818182	24	24	1.0
chr2	179189191	20	20	1.0	24	27	0.8888888888888888
chr2	179189639	18	19	0.9473684210526315	14	15	0.9333333333333333
chr2	179189772	22	22	1.0	20	21	0.9523809523809523
chr2	179189945	22	22	1.0	28	28	1.0
chr2	179190279	22	22	1.0	27	29	0.9310344827586207
chr2	179190471	17	17	1.0	17	18	0.9444444444444444
chr2	179190543	25	25	1.0	23	24	0.9583333333333334
chr2	179190907	22	22	1.0	25	25	1.0
chr2	179191086	13	16	0.8125	13	15	0.8666666666666667
chr2	179191128	16	19	0.8421052631578947	23	24	0.9583333333333334
chr2	179191209	21	25	0.84	20	27	0.7407407407407407
chr2	179191915	12	13	0.9230769230769231	15	16	0.9375
chr2	179192192	10	10	1.0	15	16	0.9375
chr2	179193336	13	14	0.9285714285714286	17	18	0.9444444444444444
chr2	179193370	7	9	0.7777777777777778	16	20	0.8
chr2	179193623	19	21	0.9047619047619048	22	23	0.9565217391304348
chr2	179193733	14	15	0.9333333333333333	13	18	0.7222222222222222
chr2	179193874	12	14	0.8571428571428571	10	13	0.7692307692307693
chr2	179193987	16	19	0.8421052631578947	14	21	0.6666666666666666
chr2	179194331	25	26	0.9615384615384616	20	22	0.9090909090909091
chr2	179194602	13	14	0.9285714285714286	14	17	0.8235294117647058
chr2	179194616	18	21	0.8571428571428571	22	24	0.9166666666666666
chr2	179195142	20	21	0.9523809523809523	22	24	0.9166666666666666
chr2	179195181	17	24	0.7083333333333334	14	19	0.7368421052631579
chr2	179195690	16	19	0.8421052631578947	19	20	0.95
chr2	179195746	23	23	1.0	24	24	1.0
chr2	179195867	22	24	0.9166666666666666	24	24	1.0
chr2	179195886	23	27	0.8518518518518519	27	28	0.9642857142857143
chr2	179195962	23	24	0.9583333333333334	25	27	0.9259259259259259
chr2	179195978	15	17	0.8823529411764706	19	19	1.0
chr2	179196001	24	24	1.0	24	25	0.96
chr2	179196013	18	19	0.9473684210526315	23	24	0.9583333333333334
chr2	179196044	14	15	0.9333333333333333	17	20	0.85
chr2	179196079	28	28	1.0	24	25	0.96
chr2	179196097	22	25	0.88	18	23	0.782608695652174
chr2	179196113	15	29	0.5172413793103449	7	26	0.2692307692307692
chr2	179196123	15	29	0.5172413793103449	6	24	0.25
chr2	179196138	18	23	0.782608695652174	20	21	0.9523809523809523
chr2	179196147	19	23	0.8260869565217391	22	25	0.88
chr2	179196185	14	23	0.6086956521739131	9	21	0.42857142857142855
chr2	179196227	28	28	1.0	24	24	1.0
chr2	179196236	31	31	1.0	23	23	1.0
chr2	179196244	30	30	1.0	23	23	1.0
chr2	179196247	31	31	1.0	26	26	1.0
chr2	179196260	30	30	1.0	27	28	0.9642857142857143
chr2	179196263	32	32	1.0	28	29	0.9655172413793104
chr2	179196283	24	26	0.9230769230769231	26	26	1.0
chr2	179196294	20	20	1.0	23	24	0.9583333333333334
chr2	179196312	26	26	1.0	24	26	0.9230769230769231
chr2	179196320	25	26	0.9615384615384616	22	23	0.9565217391304348
chr2	179196384	22	25	0.88	19	23	0.8260869565217391
chr2	179196658	9	23	0.391304347826087	10	22	0.45454545454545453
chr2	179196711	23	26	0.8846153846153846	29	30	0.9666666666666667
chr2	179196875	11	15	0.7333333333333333	11	14	0.7857142857142857
chr2	179196897	26	27	0.9629629629629629	27	29	0.9310344827586207
chr2	179196919	15	16	0.9375	23	23	1.0
chr2	179196938	10	15	0.6666666666666666	8	13	0.6153846153846154
chr2	179196953	18	20	0.9	15	17	0.8823529411764706
chr2	179196994	22	24	0.9166666666666666	22	23	0.9565217391304348
chr2	179197016	23	24	0.9583333333333334	17	20	0.85
chr2	179197142	23	24	0.9583333333333334	23	27	0.8518518518518519
chr2	179197151	27	28	0.9642857142857143	23	28	0.8214285714285714
chr2	179197178	20	22	0.9090909090909091	22	22	1.0
chr2	179197238	29	29	1.0	24	24	1.0
chr2	179197306	10	13	0.7692307692307693	11	16	0.6875
chr2	179197476	17	21	0.8095238095238095	18	24	0.75
chr2	179197498	26	27	0.9629629629629629	22	25	0.88
chr2	179197565	11	11	1.0	20	22	0.9090909090909091
chr2	179197809	24	24	1.0	23	25	0.92
chr2	179197832	22	22	1.0	23	23	1.0
chr2	179197875	26	26	1.0	23	24	0.9583333333333334
chr2	179197904	23	24	0.9583333333333334	15	18	0.8333333333333334
chr2	179198661	24	27	0.8888888888888888	23	23	1.0
chr2	179198717	21	22	0.9545454545454546	19	20	0.95
chr2	179198756	17	19	0.8947368421052632	22	22	1.0
chr2	179198792	22	23	0.9565217391304348	22	24	0.9166666666666666
chr2	179198954	17	18	0.9444444444444444	20	22	0.9090909090909091
chr2	179199052	20	20	1.0	22	23	0.9565217391304348
chr2	179199097	21	22	0.9545454545454546	23	24	0.9583333333333334
chr2	179199130	17	18	0.9444444444444444	21	22	0.9545454545454546
chr2	179199181	24	25	0.96	23	24	0.9583333333333334
chr2	179199223	17	19	0.8947368421052632	18	18	1.0
chr2	179199999	15	18	0.8333333333333334	12	15	0.8
chr2	179200046	12	13	0.9230769230769231	18	19	0.9473684210526315
chr2	179200081	14	15	0.9333333333333333	14	15	0.9333333333333333
chr2	179200325	11	13	0.8461538461538461	15	16	0.9375
chr2	179200452	16	18	0.8888888888888888	16	20	0.8
chr2	179200590	15	16	0.9375	18	18	1.0
chr2	179200612	18	18	1.0	19	20	0.95
chr2	179200692	10	11	0.9090909090909091	12	12	1.0
chr2	179201009	12	12	1.0	12	12	1.0
chr2	179201107	12	14	0.8571428571428571	13	14	0.9285714285714286
chr2	179201182	11	12	0.9166666666666666	10	13	0.7692307692307693
chr2	179201364	9	12	0.75	12	12	1.0
chr2	179201472	11	13	0.8461538461538461	13	14	0.9285714285714286
chr2	179201665	10	10	1.0	10	10	1.0
chr2	179201688	9	11	0.8181818181818182	11	13	0.8461538461538461
chr2	179201845	11	12	0.9166666666666666	13	13	1.0
chr2	179202154	9	9	1.0	13	14	0.9285714285714286
chr2	179202206	13	13	1.0	11	12	0.9166666666666666
chr2	179202259	7	7	1.0	12	13	0.9230769230769231
chr2	179202436	12	13	0.9230769230769231	13	13	1.0
chr2	179202452	6	6	1.0	9	9	1.0
chr2	179202674	5	6	0.8333333333333334	12	12	1.0
chr2	179202778	9	9	1.0	7	9	0.7777777777777778
chr2	179203282	13	13	1.0	8	8	1.0
chr2	179203347	9	9	1.0	12	13	0.9230769230769231
chr2	179203492	6	7	0.8571428571428571	10	11	0.9090909090909091
chr2	179203540	9	10	0.9	6	7	0.8571428571428571
chr2	179203659	11	11	1.0	13	13	1.0
chr2	179203731	7	8	0.875	9	10	0.9
chr2	179204136	7	8	0.875	12	13	0.9230769230769231
chr2	179204245	8	9	0.8888888888888888	8	9	0.8888888888888888
chr2	179204451	9	9	1.0	11	12	0.9166666666666666
chr2	179204941	6	8	0.75	12	12	1.0
chr2	179205328	7	10	0.7	11	12	0.9166666666666666
chr2	179205502	6	7	0.8571428571428571	10	12	0.8333333333333334
chr2	179206059	5	5	1.0	12	12	1.0
chr2	179206159	6	6	1.0	7	8	0.875
chr2	179206200	6	7	0.8571428571428571	14	14	1.0
chr2	179207063	3	3	1.0	10	10	1.0
chr2	179207089	5	7	0.7142857142857143	10	10	1.0
chr2	179207167	3	4	0.75	9	10	0.9
chr2	179207270	8	9	0.8888888888888888	11	12	0.9166666666666666
chr2	179207373	7	7	1.0	9	9	1.0
chr2	179207991	9	9	1.0	11	11	1.0
chr2	179207997	10	10	1.0	11	11	1.0
chr2	179208150	5	5	1.0	7	7	1.0
chr2	179208171	8	8	1.0	9	9	1.0
chr2	179208311	8	8	1.0	8	8	1.0
chr2	179208742	5	5	1.0	6	6	1.0
chr2	179209065	7	7	1.0	9	9	1.0
chr2	179209070	8	8	1.0	9	9	1.0
chr2	179209238	6	6	1.0	8	8	1.0
chr2	179209464	8	9	0.8888888888888888	6	7	0.8571428571428571
chr2	179209671	5	5	1.0	4	4	1.0
chr2	179209760	6	6	1.0	9	9	1.0
chr2	179209971	8	8	1.0	4	4	1.0
chr2	179210032	7	7	1.0	9	9	1.0
chr2	179210207	7	7	1.0	7	8	0.875
chr2	179210860	10	10	1.0	8	8	1.0
chr2	179210872	7	7	1.0	9	9	1.0
chr2	179211028	10	10	1.0	9	9	1.0
chr2	179211194	7	7	1.0	3	4	0.75
chr2	179211438	11	11	1.0	10	10	1.0
chr2	179211502	9	11	0.8181818181818182	11	11	1.0
chr2	179211616	5	7	0.7142857142857143	11	11	1.0
chr2	179211683	9	9	1.0	7	7	1.0
chr2	179211814	12	12	1.0	5	7	0.7142857142857143
chr2	179211960	10	11	0.9090909090909091	10	11	0.9090909090909091
chr2	179212025	9	9	1.0	5	6	0.8333333333333334
chr2	179212177	9	11	0.8181818181818182	9	10	0.9
chr2	179212187	8	10	0.8	9	10	0.9
chr2	179212211	11	12	0.9166666666666666	11	11	1.0
chr2	179212221	9	10	0.9	10	10	1.0
chr2	179212377	4	7	0.5714285714285714	4	5	0.8
chr2	179212397	9	10	0.9	8	9	0.8888888888888888
chr2	179212652	8	8	1.0	4	7	0.5714285714285714
chr2	179212705	6	6	1.0	6	6	1.0
chr2	179212778	10	10	1.0	10	10	1.0
chr2	179212787	12	12	1.0	10	10	1.0
chr2	179212830	8	8	1.0	4	6	0.6666666666666666
chr2	179213199	9	10	0.9	5	6	0.8333333333333334
chr2	179213227	8	9	0.8888888888888888	9	9	1.0
chr2	179213255	8	9	0.8888888888888888	8	8	1.0
chr2	179213346	7	9	0.7777777777777778	10	10	1.0
chr2	179213368	7	7	1.0	9	9	1.0
chr2	179213373	8	8	1.0	8	8	1.0
chr2	179213466	9	9	1.0	7	7	1.0
chr2	179213515	8	9	0.8888888888888888	8	8	1.0
chr2	179214003	5	5	1.0	8	9	0.8888888888888888
chr2	179214024	9	10	0.9	7	7	1.0
chr2	179214392	10	11	0.9090909090909091	7	7	1.0
chr2	179214570	6	6	1.0	9	9	1.0
chr2	179214578	9	10	0.9	10	10	1.0
chr2	179214726	6	10	0.6	6	8	0.75
chr2	179214970	7	7	1.0	2	2	1.0
chr2	179215050	10	11	0.9090909090909091	7	9	0.7777777777777778
chr2	179215301	7	7	1.0	9	9	1.0
chr2	179215406	4	5	0.8	6	7	0.8571428571428571
chr2	179215532	11	12	0.9166666666666666	9	10	0.9
chr2	179215543	10	10	1.0	9	11	0.8181818181818182
chr2	179215714	10	10	1.0	7	10	0.7
chr2	179215729	8	10	0.8	5	9	0.5555555555555556
chr2	179215852	6	8	0.75	7	8	0.875
chr2	179216117	8	10	0.8	6	8	0.75
chr2	179216359	4	9	0.4444444444444444	4	7	0.5714285714285714
chr2	179216422	9	9	1.0	6	6	1.0
chr2	179216684	11	11	1.0	11	12	0.9166666666666666
chr2	179217440	11	12	0.9166666666666666	18	21	0.8571428571428571
chr2	179217455	8	9	0.8888888888888888	17	20	0.85
chr2	179217608	5	6	0.8333333333333334	11	12	0.9166666666666666
chr2	179217679	17	17	1.0	20	20	1.0
chr2	179217692	11	12	0.9166666666666666	17	17	1.0
chr2	179217929	9	9	1.0	12	14	0.8571428571428571
chr2	179217950	15	16	0.9375	24	24	1.0
chr2	179217957	16	17	0.9411764705882353	23	24	0.9583333333333334
chr2	179217986	5	7	0.7142857142857143	15	17	0.8823529411764706
chr2	179218034	11	11	1.0	18	21	0.8571428571428571
chr2	179218093	13	14	0.9285714285714286	15	16	0.9375
chr2	179218360	13	14	0.9285714285714286	16	16	1.0
chr2	179218458	5	9	0.5555555555555556	11	15	0.7333333333333333
chr2	179218803	9	10	0.9	13	14	0.9285714285714286
chr2	179219016	1	8	0.125	3	13	0.23076923076923078
chr2	179219091	0	14	0.0	2	18	0.1111111111111111
chr2	179219401	11	12	0.9166666666666666	19	21	0.9047619047619048
chr2	179219440	11	11	1.0	14	18	0.7777777777777778
chr2	179219911	10	11	0.9090909090909091	17	17	1.0
chr2	179220930	9	11	0.8181818181818182	14	16	0.875
chr2	179221377	10	11	0.9090909090909091	15	18	0.8333333333333334
chr2	179221405	14	14	1.0	21	22	0.9545454545454546
chr2	179221472	12	12	1.0	18	19	0.9473684210526315
chr2	179221504	13	13	1.0	21	22	0.9545454545454546
chr2	179221526	12	13	0.9230769230769231	18	18	1.0
chr2	179221574	12	13	0.9230769230769231	22	23	0.9565217391304348
chr2	179221674	8	8	1.0	16	19	0.8421052631578947
chr2	179221708	13	13	1.0	18	18	1.0
chr2	179221900	9	10	0.9	19	20	0.95
chr2	179222130	10	10	1.0	15	15	1.0
chr2	179222274	7	8	0.875	6	12	0.5
chr2	179222507	9	9	1.0	16	18	0.8888888888888888
chr2	179222985	7	8	0.875	17	18	0.9444444444444444
chr2	179223123	16	17	0.9411764705882353	26	26	1.0
chr2	179223133	14	15	0.9333333333333333	26	26	1.0
chr2	179223141	15	16	0.9375	23	23	1.0
chr2	179223426	14	14	1.0	16	17	0.9411764705882353
chr2	179224230	14	16	0.875	24	24	1.0
chr2	179224240	13	15	0.8666666666666667	24	24	1.0
chr2	179224366	8	12	0.6666666666666666	12	19	0.631578947368421
chr2	179224571	11	11	1.0	20	20	1.0
chr2	179224806	7	10	0.7	10	14	0.7142857142857143
chr2	179224982	3	7	0.42857142857142855	5	7	0.7142857142857143
chr2	179225228	17	18	0.9444444444444444	13	17	0.7647058823529411
chr2	179225282	15	15	1.0	21	22	0.9545454545454546
chr2	179225338	11	12	0.9166666666666666	17	18	0.9444444444444444
chr2	179225665	18	18	1.0	17	20	0.85
chr2	179225807	16	18	0.8888888888888888	18	22	0.8181818181818182
chr2	179225839	12	12	1.0	15	15	1.0
chr2	179226327	19	20	0.95	25	25	1.0
chr2	179226357	6	8	0.75	9	14	0.6428571428571429
chr2	179226440	15	17	0.8823529411764706	21	23	0.9130434782608695
chr2	179226446	15	17	0.8823529411764706	24	26	0.9230769230769231
chr2	179226556	16	16	1.0	23	23	1.0
chr2	179226842	9	13	0.6923076923076923	19	28	0.6785714285714286
chr2	179227602	11	12	0.9166666666666666	21	22	0.9545454545454546
chr2	179227703	7	9	0.7777777777777778	21	22	0.9545454545454546
chr2	179227718	9	10	0.9	14	15	0.9333333333333333
chr2	179227855	13	13	1.0	22	24	0.9166666666666666
chr2	179228075	12	14	0.8571428571428571	13	20	0.65
chr2	179228176	11	14	0.7857142857142857	22	24	0.9166666666666666
chr2	179228211	8	12	0.6666666666666666	14	18	0.7777777777777778
chr2	179228237	8	17	0.47058823529411764	18	23	0.782608695652174
chr2	179228291	5	14	0.35714285714285715	9	18	0.5
chr2	179228317	12	14	0.8571428571428571	13	22	0.5909090909090909
chr2	179228577	15	17	0.8823529411764706	17	19	0.8947368421052632
chr2	179228590	17	17	1.0	20	22	0.9090909090909091
chr2	179228769	9	12	0.75	22	23	0.9565217391304348
chr2	179228990	14	14	1.0	17	19	0.8947368421052632
chr2	179229121	13	13	1.0	27	28	0.9642857142857143
chr2	179229200	15	15	1.0	25	25	1.0
chr2	179229209	13	13	1.0	25	25	1.0
chr2	179229316	9	11	0.8181818181818182	18	19	0.9473684210526315
chr2	179229484	7	8	0.875	17	19	0.8947368421052632
chr2	179229520	13	14	0.9285714285714286	20	20	1.0
chr2	179229624	12	12	1.0	22	23	0.9565217391304348
chr2	179229627	15	15	1.0	25	26	0.9615384615384616
chr2	179229680	12	14	0.8571428571428571	22	24	0.9166666666666666
chr2	179230021	15	15	1.0	18	20	0.9
chr2	179230187	18	20	0.9	24	25	0.96
chr2	179230193	18	20	0.9	24	25	0.96
chr2	179230195	18	20	0.9	23	24	0.9583333333333334
chr2	179230295	18	19	0.9473684210526315	21	22	0.9545454545454546
chr2	179230430	9	12	0.75	11	12	0.9166666666666666
chr2	179230640	11	13	0.8461538461538461	23	25	0.92
chr2	179230642	12	14	0.8571428571428571	22	23	0.9565217391304348
chr2	179231266	14	16	0.875	19	22	0.8636363636363636
chr2	179231874	8	16	0.5	14	18	0.7777777777777778
chr2	179231910	11	16	0.6875	17	21	0.8095238095238095
chr2	179231997	13	14	0.9285714285714286	23	26	0.8846153846153846
chr2	179232508	12	12	1.0	24	25	0.96
chr2	179232520	18	18	1.0	24	24	1.0
chr2	179232546	18	20	0.9	26	26	1.0
chr2	179232746	12	13	0.9230769230769231	18	18	1.0
chr2	179232879	15	16	0.9375	28	28	1.0
chr2	179233183	6	18	0.3333333333333333	12	26	0.46153846153846156
chr2	179233213	8	11	0.7272727272727273	19	23	0.8260869565217391
chr2	179233374	7	11	0.6363636363636364	21	27	0.7777777777777778
chr2	179233405	5	11	0.45454545454545453	9	16	0.5625
chr2	179233483	13	15	0.8666666666666667	17	19	0.8947368421052632
chr2	179233528	14	14	1.0	14	15	0.9333333333333333
chr2	179233597	15	15	1.0	24	24	1.0
chr2	179233751	16	16	1.0	26	26	1.0
chr2	179233806	10	11	0.9090909090909091	14	18	0.7777777777777778
chr2	179234060	11	15	0.7333333333333333	16	19	0.8421052631578947
chr2	179234229	6	16	0.375	5	22	0.22727272727272727
chr2	179234498	15	17	0.8823529411764706	25	25	1.0
chr2	179234502	16	18	0.8888888888888888	25	25	1.0
chr2	179234547	12	13	0.9230769230769231	21	22	0.9545454545454546
chr2	179234605	12	12	1.0	17	22	0.7727272727272727
chr2	179234625	13	14	0.9285714285714286	22	22	1.0
chr2	179234722	12	16	0.75	18	23	0.782608695652174
chr2	179235176	3	13	0.23076923076923078	2	21	0.09523809523809523
chr2	179235487	3	12	0.25	9	21	0.42857142857142855
chr2	179235520	4	18	0.2222222222222222	6	26	0.23076923076923078
chr2	179235687	5	17	0.29411764705882354	9	29	0.3103448275862069
chr2	179235695	5	17	0.29411764705882354	9	26	0.34615384615384615
chr2	179235736	5	11	0.45454545454545453	8	20	0.4
chr2	179235873	3	13	0.23076923076923078	3	20	0.15
chr2	179235904	6	13	0.46153846153846156	10	22	0.45454545454545453
chr2	179236178	10	11	0.9090909090909091	21	24	0.875
chr2	179236390	14	14	1.0	24	25	0.96
chr2	179236450	10	10	1.0	15	19	0.7894736842105263
chr2	179236470	2	5	0.4	5	7	0.7142857142857143
chr2	179236663	9	12	0.75	16	17	0.9411764705882353
chr2	179236783	12	13	0.9230769230769231	19	19	1.0
chr2	179236939	12	13	0.9230769230769231	23	23	1.0
chr2	179237004	15	15	1.0	22	22	1.0
chr2	179237335	8	10	0.8	12	12	1.0
chr2	179237384	13	13	1.0	18	19	0.9473684210526315
chr2	179237427	11	11	1.0	20	20	1.0
chr2	179238369	14	14	1.0	18	18	1.0
chr2	179238881	4	8	0.5	10	15	0.6666666666666666
chr2	179239023	9	10	0.9	17	19	0.8947368421052632
chr2	179239743	12	13	0.9230769230769231	19	20	0.95
chr2	179240057	12	13	0.9230769230769231	21	21	1.0
chr2	179240120	10	14	0.7142857142857143	15	18	0.8333333333333334
chr2	179240246	12	13	0.9230769230769231	18	20	0.9
chr2	179240426	10	12	0.8333333333333334	17	20	0.85
chr2	179240533	5	10	0.5	16	16	1.0
chr2	179240587	15	16	0.9375	20	20	1.0
chr2	179240888	15	15	1.0	23	24	0.9583333333333334
chr2	179241367	9	9	1.0	21	22	0.9545454545454546
chr2	179241576	14	14	1.0	15	15	1.0
chr2	179241643	6	6	1.0	14	16	0.875
chr2	179241659	7	11	0.6363636363636364	15	18	0.8333333333333334
chr2	179241703	14	15	0.9333333333333333	19	20	0.95
chr2	179241717	16	16	1.0	19	22	0.8636363636363636
chr2	179241737	13	15	0.8666666666666667	18	20	0.9
chr2	179241789	10	12	0.8333333333333334	21	22	0.9545454545454546
chr2	179241852	14	14	1.0	21	21	1.0
chr2	179241907	7	14	0.5	7	16	0.4375
chr2	179242490	11	11	1.0	19	21	0.9047619047619048
chr2	179242747	12	13	0.9230769230769231	22	22	1.0
chr2	179242765	8	12	0.6666666666666666	9	10	0.9
chr2	179243383	11	11	1.0	15	18	0.8333333333333334
chr2	179243635	14	14	1.0	20	23	0.8695652173913043
chr2	179243672	16	16	1.0	22	24	0.9166666666666666
chr2	179243706	10	11	0.9090909090909091	14	15	0.9333333333333333
chr2	179244284	16	17	0.9411764705882353	16	17	0.9411764705882353
chr2	179244330	13	14	0.9285714285714286	17	18	0.9444444444444444
chr2	179244350	19	19	1.0	19	19	1.0
chr2	179244406	18	18	1.0	19	21	0.9047619047619048
chr2	179244718	7	12	0.5833333333333334	10	18	0.5555555555555556
chr2	179245036	15	16	0.9375	22	23	0.9565217391304348
chr2	179245069	17	17	1.0	24	25	0.96
chr2	179245139	12	12	1.0	13	14	0.9285714285714286
chr2	179245243	19	19	1.0	24	25	0.96
chr2	179245253	20	21	0.9523809523809523	24	26	0.9230769230769231
chr2	179245286	18	19	0.9473684210526315	22	23	0.9565217391304348
chr2	179245290	18	19	0.9473684210526315	22	23	0.9565217391304348
chr2	179245312	9	11	0.8181818181818182	12	14	0.8571428571428571
chr2	179245439	18	18	1.0	21	21	1.0
chr2	179245463	17	18	0.9444444444444444	21	21	1.0
chr2	179245493	15	15	1.0	20	23	0.8695652173913043
chr2	179245781	20	20	1.0	25	27	0.9259259259259259
chr2	179245993	18	20	0.9	23	26	0.8846153846153846
chr2	179246003	16	18	0.8888888888888888	21	23	0.9130434782608695
chr2	179246026	17	18	0.9444444444444444	24	24	1.0
chr2	179246030	15	16	0.9375	24	24	1.0
chr2	179246051	14	16	0.875	12	15	0.8
chr2	179246074	15	20	0.75	19	22	0.8636363636363636
chr2	179246082	10	14	0.7142857142857143	15	20	0.75
chr2	179246122	22	22	1.0	23	24	0.9583333333333334
chr2	179246126	22	22	1.0	22	23	0.9565217391304348
chr2	179246223	20	21	0.9523809523809523	20	22	0.9090909090909091
chr2	179246383	15	15	1.0	20	22	0.9090909090909091
chr2	179246482	15	17	0.8823529411764706	17	18	0.9444444444444444
chr2	179246528	14	16	0.875	17	18	0.9444444444444444
chr2	179246757	10	11	0.9090909090909091	11	13	0.8461538461538461
chr2	179247168	11	16	0.6875	19	19	1.0
chr2	179247635	13	15	0.8666666666666667	21	24	0.875
chr2	179247728	11	15	0.7333333333333333	22	22	1.0
chr2	179248082	15	15	1.0	26	26	1.0
chr2	179248895	16	17	0.9411764705882353	23	23	1.0
chr2	179249044	12	13	0.9230769230769231	24	26	0.9230769230769231
chr2	179249084	14	14	1.0	20	23	0.8695652173913043
chr2	179249373	14	15	0.9333333333333333	18	20	0.9
chr2	179249572	15	17	0.8823529411764706	28	29	0.9655172413793104
chr2	179249672	13	13	1.0	22	24	0.9166666666666666
chr2	179249831	14	15	0.9333333333333333	27	28	0.9642857142857143
chr2	179249940	15	17	0.8823529411764706	22	24	0.9166666666666666
chr2	179250251	12	15	0.8	18	22	0.8181818181818182
chr2	179250316	15	15	1.0	23	24	0.9583333333333334
chr2	179250481	11	12	0.9166666666666666	22	23	0.9565217391304348
chr2	179250498	13	16	0.8125	19	22	0.8636363636363636
chr2	179251341	1	12	0.08333333333333333	4	18	0.2222222222222222
chr2	179251639	19	20	0.95	24	27	0.8888888888888888
chr2	179251851	16	16	1.0	20	21	0.9523809523809523
chr2	179252316	20	20	1.0	22	24	0.9166666666666666
chr2	179252443	12	16	0.75	14	18	0.7777777777777778
chr2	179252617	2	21	0.09523809523809523	0	25	0.0
chr2	179253475	2	18	0.1111111111111111	3	24	0.125
chr2	179253649	17	19	0.8947368421052632	19	24	0.7916666666666666
chr2	179253871	15	18	0.8333333333333334	16	19	0.8421052631578947
chr2	179254098	10	10	1.0	23	25	0.92
chr2	179254352	16	17	0.9411764705882353	22	22	1.0
chr2	179254541	16	19	0.8421052631578947	21	23	0.9130434782608695
chr2	179254618	16	16	1.0	19	20	0.95
chr2	179254735	15	15	1.0	21	22	0.9545454545454546
chr2	179255048	17	17	1.0	21	21	1.0
chr2	179255088	18	20	0.9	22	22	1.0
chr2	179255387	15	17	0.8823529411764706	24	26	0.9230769230769231
chr2	179255597	12	15	0.8	19	21	0.9047619047619048
chr2	179255874	16	17	0.9411764705882353	25	26	0.9615384615384616
chr2	179255881	13	15	0.8666666666666667	22	23	0.9565217391304348
chr2	179256533	18	20	0.9	26	26	1.0
chr2	179256539	19	21	0.9047619047619048	26	26	1.0
chr2	179256549	19	20	0.95	26	26	1.0
chr2	179256593	17	17	1.0	18	20	0.9
chr2	179256607	16	18	0.8888888888888888	19	19	1.0
chr2	179256627	17	19	0.8947368421052632	19	19	1.0
chr2	179256667	14	14	1.0	13	17	0.7647058823529411
chr2	179256703	16	18	0.8888888888888888	20	21	0.9523809523809523
chr2	179256735	9	11	0.8181818181818182	13	14	0.9285714285714286
chr2	179256789	18	19	0.9473684210526315	24	24	1.0
chr2	179256797	18	19	0.9473684210526315	24	24	1.0
chr2	179256905	15	18	0.8333333333333334	17	20	0.85
chr2	179257029	7	8	0.875	16	24	0.6666666666666666
chr2	179257362	8	10	0.8	6	11	0.5454545454545454
chr2	179257405	6	10	0.6	7	16	0.4375
chr2	179257494	8	10	0.8	21	24	0.875
chr2	179257733	16	16	1.0	21	22	0.9545454545454546
chr2	179257870	11	12	0.9166666666666666	18	19	0.9473684210526315
chr2	179258176	12	12	1.0	19	20	0.95
chr2	179258584	13	14	0.9285714285714286	23	25	0.92
chr2	179258675	15	15	1.0	23	23	1.0
chr2	179258679	16	17	0.9411764705882353	21	21	1.0
chr2	179259269	16	16	1.0	19	22	0.8636363636363636
chr2	179259291	17	17	1.0	26	26	1.0
chr2	179259293	17	17	1.0	26	26	1.0
chr2	179259299	17	17	1.0	26	26	1.0
chr2	179259323	10	11	0.9090909090909091	16	18	0.8888888888888888
chr2	179259382	12	13	0.9230769230769231	22	23	0.9565217391304348
chr2	179259389	13	14	0.9285714285714286	22	23	0.9565217391304348
chr2	179259417	13	13	1.0	18	21	0.8571428571428571
chr2	179259462	15	15	1.0	18	20	0.9
chr2	179259516	12	14	0.8571428571428571	17	19	0.8947368421052632
chr2	179259582	14	15	0.9333333333333333	20	20	1.0
chr2	179260247	11	13	0.8461538461538461	12	13	0.9230769230769231
chr2	179260283	13	16	0.8125	27	28	0.9642857142857143
chr2	179260591	11	17	0.6470588235294118	21	26	0.8076923076923077
chr2	179260683	12	15	0.8	20	21	0.9523809523809523
chr2	179261084	10	11	0.9090909090909091	15	16	0.9375
chr2	179261204	15	15	1.0	19	23	0.8260869565217391
chr2	179261584	5	9	0.5555555555555556	6	12	0.5
chr2	179262259	14	15	0.9333333333333333	23	24	0.9583333333333334
chr2	179262276	13	13	1.0	21	21	1.0
chr2	179262628	8	8	1.0	18	18	1.0
chr2	179263102	5	15	0.3333333333333333	15	20	0.75
chr2	179263180	1	15	0.06666666666666667	6	18	0.3333333333333333
chr2	179263207	2	18	0.1111111111111111	3	20	0.15
chr2	179263239	1	17	0.058823529411764705	7	22	0.3181818181818182
chr2	179263504	1	13	0.07692307692307693	3	20	0.15
chr2	179263558	0	15	0.0	2	20	0.1
chr2	179263572	2	14	0.14285714285714285	2	20	0.1
chr2	179263607	0	13	0.0	1	24	0.041666666666666664
chr2	179263629	0	15	0.0	2	23	0.08695652173913043
chr2	179263631	0	15	0.0	2	23	0.08695652173913043
chr2	179263677	2	10	0.2	1	16	0.0625
chr2	179263710	1	13	0.07692307692307693	1	23	0.043478260869565216
chr2	179263736	0	15	0.0	0	24	0.0
chr2	179263762	3	13	0.23076923076923078	1	22	0.045454545454545456
chr2	179263861	2	16	0.125	3	23	0.13043478260869565
chr2	179263891	0	10	0.0	2	13	0.15384615384615385
chr2	179263907	0	16	0.0	0	26	0.0
chr2	179263909	0	16	0.0	0	25	0.0
chr2	179263922	1	16	0.0625	0	28	0.0
chr2	179263935	0	19	0.0	0	27	0.0
chr2	179263938	0	17	0.0	0	28	0.0
chr2	179263954	0	18	0.0	0	27	0.0
chr2	179263960	0	18	0.0	0	27	0.0
chr2	179263977	2	15	0.13333333333333333	1	27	0.037037037037037035
chr2	179263986	2	16	0.125	1	27	0.037037037037037035
chr2	179263993	2	16	0.125	1	28	0.03571428571428571
chr2	179264014	0	17	0.0	0	27	0.0
chr2	179264016	0	16	0.0	0	27	0.0
chr2	179264020	0	18	0.0	0	27	0.0
chr2	179264027	0	17	0.0	0	27	0.0
chr2	179264029	0	15	0.0	0	25	0.0
chr2	179264036	0	18	0.0	0	26	0.0
chr2	179264040	0	18	0.0	0	26	0.0
chr2	179264071	2	11	0.18181818181818182	1	17	0.058823529411764705
chr2	179264088	0	13	0.0	0	22	0.0
chr2	179264108	0	14	0.0	1	25	0.04
chr2	179264130	1	9	0.1111111111111111	1	19	0.05263157894736842
chr2	179264161	0	18	0.0	0	26	0.0
chr2	179264171	0	15	0.0	0	27	0.0
chr2	179264179	0	17	0.0	0	26	0.0
chr2	179264181	0	18	0.0	0	27	0.0
chr2	179264183	0	18	0.0	0	26	0.0
chr2	179264188	0	17	0.0	0	26	0.0
chr2	179264197	0	15	0.0	0	26	0.0
chr2	179264202	0	18	0.0	0	26	0.0
chr2	179264204	0	18	0.0	0	25	0.0
chr2	179264208	0	15	0.0	0	25	0.0
chr2	179264214	0	17	0.0	0	24	0.0
chr2	179264221	0	18	0.0	0	26	0.0
chr2	179264224	0	18	0.0	0	26	0.0
chr2	179264226	0	18	0.0	0	25	0.0
chr2	179264238	0	18	0.0	0	24	0.0
chr2	179264243	0	18	0.0	0	24	0.0
chr2	179264260	0	17	0.0	0	22	0.0
chr2	179264263	0	18	0.0	1	23	0.043478260869565216
chr2	179264277	0	18	0.0	0	25	0.0
chr2	179264285	0	18	0.0	0	25	0.0
chr2	179264294	0	18	0.0	0	27	0.0
chr2	179264298	0	18	0.0	0	27	0.0
chr2	179264303	0	18	0.0	0	27	0.0
chr2	179264318	0	16	0.0	0	24	0.0
chr2	179264324	0	18	0.0	0	24	0.0
chr2	179264329	0	15	0.0	0	24	0.0
chr2	179264335	0	18	0.0	0	25	0.0
chr2	179264351	0	14	0.0	0	20	0.0
chr2	179264362	0	18	0.0	0	26	0.0
chr2	179264367	0	18	0.0	0	25	0.0
chr2	179264369	0	18	0.0	0	27	0.0
chr2	179264374	0	18	0.0	0	28	0.0
chr2	179264376	0	18	0.0	0	28	0.0
chr2	179264392	0	13	0.0	0	27	0.0
chr2	179264398	0	16	0.0	0	25	0.0
chr2	179264404	0	16	0.0	0	28	0.0
chr2	179264407	0	18	0.0	0	28	0.0
chr2	179264410	0	18	0.0	0	28	0.0
chr2	179264413	0	18	0.0	0	28	0.0
chr2	179264416	0	17	0.0	0	28	0.0
chr2	179264425	0	18	0.0	0	27	0.0
chr2	179264435	0	18	0.0	0	26	0.0
chr2	179264443	0	18	0.0	0	27	0.0
chr2	179264447	0	18	0.0	0	23	0.0
chr2	179264449	0	11	0.0	0	20	0.0
chr2	179264458	0	17	0.0	0	27	0.0
chr2	179264460	0	18	0.0	0	28	0.0
chr2	179264469	0	18	0.0	0	28	0.0
chr2	179264473	0	17	0.0	0	22	0.0
chr2	179264478	0	18	0.0	0	27	0.0
chr2	179264482	0	18	0.0	0	26	0.0
chr2	179264485	0	17	0.0	0	28	0.0
chr2	179264506	0	18	0.0	0	28	0.0
chr2	179264512	0	18	0.0	0	28	0.0
chr2	179264518	0	17	0.0	0	28	0.0
chr2	179264522	0	18	0.0	0	26	0.0
chr2	179264525	0	18	0.0	0	27	0.0
chr2	179264531	0	18	0.0	0	28	0.0
chr2	179264536	0	16	0.0	0	27	0.0
chr2	179264556	0	17	0.0	0	26	0.0
chr2	179264562	0	17	0.0	0	28	0.0
chr2	179264569	0	18	0.0	0	28	0.0
chr2	179264573	0	18	0.0	0	28	0.0
chr2	179264579	0	18	0.0	0	28	0.0
chr2	179264586	0	18	0.0	0	28	0.0
chr2	179264588	0	18	0.0	0	25	0.0
chr2	179264591	0	18	0.0	0	27	0.0
chr2	179264602	0	16	0.0	1	23	0.043478260869565216
chr2	179264613	0	18	0.0	0	26	0.0
chr2	179264618	0	17	0.0	0	28	0.0
chr2	179264624	0	16	0.0	0	26	0.0
chr2	179264628	0	18	0.0	0	26	0.0
chr2	179264631	0	18	0.0	0	27	0.0
chr2	179264634	0	18	0.0	0	27	0.0
chr2	179264643	0	17	0.0	0	26	0.0
chr2	179264646	0	17	0.0	0	26	0.0
chr2	179264649	0	17	0.0	0	26	0.0
chr2	179264655	0	18	0.0	0	27	0.0
chr2	179264669	0	17	0.0	0	27	0.0
chr2	179264671	0	17	0.0	0	28	0.0
chr2	179264679	0	17	0.0	0	28	0.0
chr2	179264681	0	17	0.0	0	28	0.0
chr2	179264686	0	17	0.0	0	27	0.0
chr2	179264695	0	16	0.0	0	26	0.0
chr2	179264699	0	17	0.0	0	28	0.0
chr2	179264706	0	16	0.0	0	27	0.0
chr2	179264713	0	14	0.0	0	25	0.0
chr2	179264721	0	18	0.0	0	27	0.0
chr2	179264730	0	16	0.0	0	27	0.0
chr2	179264733	0	18	0.0	0	28	0.0
chr2	179264741	0	18	0.0	0	26	0.0
chr2	179264748	0	18	0.0	0	27	0.0
chr2	179264750	0	18	0.0	0	28	0.0
chr2	179264755	0	18	0.0	0	26	0.0
chr2	179264760	0	17	0.0	0	27	0.0
chr2	179264762	0	17	0.0	0	27	0.0
chr2	179264766	0	17	0.0	0	28	0.0
chr2	179264768	0	18	0.0	0	28	0.0
chr2	179264770	0	18	0.0	0	27	0.0
chr2	179264776	0	15	0.0	0	27	0.0
chr2	179264778	0	17	0.0	0	28	0.0
chr2	179264780	0	17	0.0	0	28	0.0
chr2	179264782	0	17	0.0	0	28	0.0
chr2	179264786	0	17	0.0	0	28	0.0
chr2	179264793	0	18	0.0	0	27	0.0
chr2	179264796	0	17	0.0	0	28	0.0
chr2	179264809	0	17	0.0	0	27	0.0
chr2	179264813	0	18	0.0	0	27	0.0
chr2	179264816	0	18	0.0	0	27	0.0
chr2	179264818	0	15	0.0	0	27	0.0
chr2	179264836	0	17	0.0	1	26	0.038461538461538464
chr2	179264841	0	17	0.0	1	26	0.038461538461538464
chr2	179264846	0	18	0.0	1	26	0.038461538461538464
chr2	179264851	0	18	0.0	1	27	0.037037037037037035
chr2	179264859	0	17	0.0	1	26	0.038461538461538464
chr2	179264882	0	18	0.0	0	25	0.0
chr2	179264884	0	18	0.0	0	26	0.0
chr2	179264899	0	19	0.0	0	28	0.0
chr2	179264904	0	15	0.0	0	26	0.0
chr2	179264908	0	18	0.0	0	28	0.0
chr2	179264918	0	18	0.0	0	27	0.0
chr2	179264934	0	17	0.0	1	21	0.047619047619047616
chr2	179264954	0	17	0.0	0	25	0.0
chr2	179265024	3	12	0.25	1	15	0.06666666666666667
chr2	179265078	0	18	0.0	1	24	0.041666666666666664
chr2	179265086	0	18	0.0	1	26	0.038461538461538464
chr2	179265132	1	11	0.09090909090909091	4	24	0.16666666666666666
chr2	179265178	7	12	0.5833333333333334	12	20	0.6
chr2	179265353	3	16	0.1875	3	25	0.12
chr2	179265496	5	12	0.4166666666666667	16	19	0.8421052631578947
chr2	179265571	7	12	0.5833333333333334	14	19	0.7368421052631579
chr2	179265728	16	16	1.0	22	22	1.0
chr2	179265863	15	16	0.9375	17	18	0.9444444444444444
chr2	179266097	14	17	0.8235294117647058	17	19	0.8947368421052632
chr2	179266290	11	13	0.8461538461538461	23	23	1.0
chr2	179266340	10	11	0.9090909090909091	19	20	0.95
chr2	179266389	7	10	0.7	9	13	0.6923076923076923
chr2	179266658	11	13	0.8461538461538461	18	19	0.9473684210526315
chr2	179267129	18	18	1.0	20	23	0.8695652173913043
chr2	179267279	16	17	0.9411764705882353	25	25	1.0
chr2	179267289	17	18	0.9444444444444444	25	25	1.0
chr2	179267455	16	16	1.0	19	19	1.0
chr2	179267835	15	15	1.0	21	22	0.9545454545454546
chr2	179267840	17	17	1.0	23	23	1.0
chr2	179267864	12	13	0.9230769230769231	20	21	0.9523809523809523
chr2	179267990	10	14	0.7142857142857143	21	23	0.9130434782608695
chr2	179268021	10	12	0.8333333333333334	22	25	0.88
chr2	179268089	11	11	1.0	16	20	0.8
chr2	179268159	11	13	0.8461538461538461	21	24	0.875
chr2	179268171	14	17	0.8235294117647058	20	23	0.8695652173913043
chr2	179268193	7	14	0.5	20	24	0.8333333333333334
chr2	179268209	8	12	0.6666666666666666	11	18	0.6111111111111112
chr2	179268434	1	18	0.05555555555555555	1	26	0.038461538461538464
chr2	179268964	9	12	0.75	18	22	0.8181818181818182
chr2	179269160	9	12	0.75	18	21	0.8571428571428571
chr2	179269170	3	5	0.6	13	16	0.8125
chr2	179269254	9	9	1.0	16	16	1.0
chr2	179269406	6	7	0.8571428571428571	13	13	1.0
chr2	179269587	15	17	0.8823529411764706	20	22	0.9090909090909091
chr2	179269610	10	14	0.7142857142857143	18	24	0.75
chr2	179269644	10	12	0.8333333333333334	21	22	0.9545454545454546
chr2	179269736	18	18	1.0	20	21	0.9523809523809523
chr2	179269973	10	10	1.0	17	19	0.8947368421052632
